"family.x","transition","first","firstForm","firstRegional","name","form","regional","stage","family.y","size"
"Bulbasaur","First","Bulbasaur",NA,NA,"Bulbasaur",NA,NA,1,NA,NA
"Charmander","First","Charmander",NA,NA,"Charmander",NA,NA,1,NA,NA
"Squirtle","First","Squirtle",NA,NA,"Squirtle",NA,NA,1,NA,NA
"Caterpie","First","Caterpie",NA,NA,"Caterpie",NA,NA,1,NA,NA
"Weedle","First","Weedle",NA,NA,"Weedle",NA,NA,1,NA,NA
"Pidgey","First","Pidgey",NA,NA,"Pidgey",NA,NA,1,NA,NA
"Rattata","First","Rattata",NA,"Kantonian","Raticate","Kantonian",NA,2,NA,NA
"Rattata","First","Rattata",NA,"Alolan","Raticate","Alolan",NA,2,NA,NA
"Spearow","First","Spearow",NA,NA,"Spearow",NA,NA,1,NA,NA
"Spearow","First","Spearow",NA,NA,"Fearow",NA,NA,2,NA,NA
"Ekans","First","Ekans",NA,NA,"Ekans",NA,NA,1,NA,NA
"Ekans","First","Ekans",NA,NA,"Arbok",NA,NA,2,NA,NA
"Pikachu","First","Pichu",NA,NA,"Pichu",NA,NA,1,NA,NA
"Sandshrew","First","Sandshrew",NA,"Kantonian","Sandslash","Kantonian",NA,2,NA,NA
"Sandshrew","First","Sandshrew",NA,"Alolan","Sandslash","Alolan",NA,2,NA,NA
"Nidoran","First","Nidoran♀",NA,NA,"Nidoran♀",NA,NA,1,NA,NA
"Nidoran","First","Nidoran♂",NA,NA,"Nidoran♂",NA,NA,1,NA,NA
"Clefairy","First","Cleffa",NA,NA,"Cleffa",NA,NA,1,NA,NA
"Vulpix","First","Vulpix",NA,"Kantonian","Ninetales","Kantonian",NA,2,NA,NA
"Vulpix","First","Vulpix",NA,"Alolan","Ninetales","Alolan",NA,2,NA,NA
"Jigglypuff","First","Igglybuff",NA,NA,"Igglybuff",NA,NA,1,NA,NA
"Zubat","First","Zubat",NA,NA,"Zubat",NA,NA,1,NA,NA
"Oddish","First","Oddish",NA,NA,"Oddish",NA,NA,1,NA,NA
"Paras","First","Paras",NA,NA,"Paras",NA,NA,1,NA,NA
"Paras","First","Paras",NA,NA,"Parasect",NA,NA,2,NA,NA
"Venonat","First","Venonat",NA,NA,"Venonat",NA,NA,1,NA,NA
"Venonat","First","Venonat",NA,NA,"Venomoth",NA,NA,2,NA,NA
"Diglett","First","Diglett",NA,"Kantonian","Dugtrio","Kantonian",NA,2,NA,NA
"Diglett","First","Diglett",NA,"Alolan","Dugtrio","Alolan",NA,2,NA,NA
"Meowth","First","Meowth",NA,"Kantonian","Persian","Kantonian",NA,2,NA,NA
"Meowth","First","Meowth",NA,"Alolan","Persian","Alolan",NA,2,NA,NA
"Meowth","First","Meowth",NA,"Galarian","Perrserker",NA,NA,2,NA,NA
"Psyduck","First","Psyduck",NA,NA,"Psyduck",NA,NA,1,NA,NA
"Psyduck","First","Psyduck",NA,NA,"Golduck",NA,NA,2,NA,NA
"Mankey","First","Mankey",NA,NA,"Mankey",NA,NA,1,NA,NA
"Growlithe","First","Growlithe",NA,"Kantonian","Arcanine","Kantonian",NA,2,NA,NA
"Growlithe","First","Growlithe",NA,"Hisuian","Arcanine","Hisuian",NA,2,NA,NA
"Poliwag","First","Poliwag",NA,NA,"Poliwag",NA,NA,1,NA,NA
"Abra","First","Abra",NA,NA,"Abra",NA,NA,1,NA,NA
"Machop","First","Machop",NA,NA,"Machop",NA,NA,1,NA,NA
"Bellsprout","First","Bellsprout",NA,NA,"Bellsprout",NA,NA,1,NA,NA
"Tentacool","First","Tentacool",NA,NA,"Tentacool",NA,NA,1,NA,NA
"Tentacool","First","Tentacool",NA,NA,"Tentacruel",NA,NA,2,NA,NA
"Geodude","First","Geodude",NA,"Kantonian","Graveler","Kantonian",NA,2,NA,NA
"Geodude","First","Geodude",NA,"Alolan","Graveler","Alolan",NA,2,NA,NA
"Ponyta","First","Ponyta",NA,"Kantonian","Rapidash","Kantonian",NA,2,NA,NA
"Ponyta","First","Ponyta",NA,"Galarian","Rapidash","Galarian",NA,2,NA,NA
"Slowpoke","First","Slowpoke",NA,"Kantonian","Slowbro","Kantonian",NA,2,NA,NA
"Slowpoke","First","Slowpoke",NA,"Kantonian","Slowking","Johtonian",NA,2,NA,NA
"Slowpoke","First","Slowpoke",NA,"Galarian","Slowbro","Galarian",NA,2,NA,NA
"Slowpoke","First","Slowpoke",NA,"Galarian","Slowking","Galarian",NA,2,NA,NA
"Magnemite","First","Magnemite",NA,NA,"Magnemite",NA,NA,1,NA,NA
"Farfetch'd","None",NA,NA,NA,"Farfetch'd",NA,"Kantonian",0,NA,NA
"Farfetch'd","First","Farfetch'd",NA,"Galarian","Sirfetch'd",NA,NA,2,NA,NA
"Doduo","First","Doduo",NA,NA,"Doduo",NA,NA,1,NA,NA
"Doduo","First","Doduo",NA,NA,"Dodrio",NA,NA,2,NA,NA
"Seel","First","Seel",NA,NA,"Seel",NA,NA,1,NA,NA
"Seel","First","Seel",NA,NA,"Dewgong",NA,NA,2,NA,NA
"Grimer","First","Grimer",NA,"Kantonian","Muk","Kantonian",NA,2,NA,NA
"Grimer","First","Grimer",NA,"Alolan","Muk","Alolan",NA,2,NA,NA
"Shellder","First","Shellder",NA,NA,"Shellder",NA,NA,1,NA,NA
"Shellder","First","Shellder",NA,NA,"Cloyster",NA,NA,2,NA,NA
"Gastly","First","Gastly",NA,NA,"Gastly",NA,NA,1,NA,NA
"Onix","First","Onix",NA,NA,"Onix",NA,NA,1,NA,NA
"Onix","First","Onix",NA,NA,"Steelix",NA,NA,2,NA,NA
"Drowzee","First","Drowzee",NA,NA,"Drowzee",NA,NA,1,NA,NA
"Drowzee","First","Drowzee",NA,NA,"Hypno",NA,NA,2,NA,NA
"Krabby","First","Krabby",NA,NA,"Krabby",NA,NA,1,NA,NA
"Krabby","First","Krabby",NA,NA,"Kingler",NA,NA,2,NA,NA
"Voltorb","First","Voltorb",NA,"Kantonian","Electrode","Kantonian",NA,2,NA,NA
"Voltorb","First","Voltorb",NA,"Hisuian","Electrode","Hisuian",NA,2,NA,NA
"Exeggcute","First","Exeggcute",NA,NA,"Exeggcute",NA,NA,1,NA,NA
"Exeggcute","First","Exeggcute",NA,NA,"Exeggutor","Kantonian",NA,2,NA,NA
"Exeggcute","First","Exeggcute",NA,NA,"Exeggutor","Alolan",NA,2,NA,NA
"Cubone","First","Cubone",NA,NA,"Cubone",NA,NA,1,NA,NA
"Cubone","First","Cubone",NA,NA,"Marowak","Kantonian",NA,2,NA,NA
"Cubone","First","Cubone",NA,NA,"Marowak","Alolan",NA,2,NA,NA
"Hitmon","First","Tyrogue",NA,NA,"Tyrogue",NA,NA,1,NA,NA
"Hitmon","First","Tyrogue",NA,NA,"Hitmonlee",NA,NA,2,NA,NA
"Hitmon","First","Tyrogue",NA,NA,"Hitmonchan",NA,NA,2,NA,NA
"Hitmon","First","Tyrogue",NA,NA,"Hitmontop",NA,NA,2,NA,NA
"Lickitung","First","Lickitung",NA,NA,"Lickitung",NA,NA,1,NA,NA
"Lickitung","First","Lickitung",NA,NA,"Lickilicky",NA,NA,2,NA,NA
"Koffing","First","Koffing",NA,NA,"Koffing",NA,NA,1,NA,NA
"Koffing","First","Koffing",NA,NA,"Weezing","Kantonian",NA,2,NA,NA
"Koffing","First","Koffing",NA,NA,"Weezing","Galarian",NA,2,NA,NA
"Rhyhorn","First","Rhyhorn",NA,NA,"Rhyhorn",NA,NA,1,NA,NA
"Chansey","First","Happiny",NA,NA,"Happiny",NA,NA,1,NA,NA
"Tangela","First","Tangela",NA,NA,"Tangela",NA,NA,1,NA,NA
"Tangela","First","Tangela",NA,NA,"Tangrowth",NA,NA,2,NA,NA
"Kangaskhan","None",NA,NA,NA,"Kangaskhan",NA,NA,0,NA,NA
"Horsea","First","Horsea",NA,NA,"Horsea",NA,NA,1,NA,NA
"Goldeen","First","Goldeen",NA,NA,"Goldeen",NA,NA,1,NA,NA
"Goldeen","First","Goldeen",NA,NA,"Seaking",NA,NA,2,NA,NA
"Staryu","First","Staryu",NA,NA,"Staryu",NA,NA,1,NA,NA
"Staryu","First","Staryu",NA,NA,"Starmie",NA,NA,2,NA,NA
"Mr. Mime","First","Mime Jr.",NA,NA,"Mime Jr.",NA,NA,1,NA,NA
"Mr. Mime","First","Mime Jr.",NA,NA,"Mr. Mime","Kantonian",NA,2,NA,NA
"Mr. Mime","First","Mime Jr.",NA,NA,"Mr. Mime","Galarian",NA,2,NA,NA
"Scyther","First","Scyther",NA,NA,"Scyther",NA,NA,1,NA,NA
"Scyther","First","Scyther",NA,NA,"Scizor",NA,NA,2,NA,NA
"Scyther","First","Scyther",NA,NA,"Kleavor",NA,NA,2,NA,NA
"Jynx","First","Smoochum",NA,NA,"Smoochum",NA,NA,1,NA,NA
"Jynx","First","Smoochum",NA,NA,"Jynx",NA,NA,2,NA,NA
"Electabuzz","First","Elekid",NA,NA,"Elekid",NA,NA,1,NA,NA
"Magmar","First","Magby",NA,NA,"Magby",NA,NA,1,NA,NA
"Pinsir","None",NA,NA,NA,"Pinsir",NA,NA,0,NA,NA
"Tauros","None",NA,NA,NA,"Tauros",NA,"Kantonian",0,NA,NA
"Tauros","None",NA,NA,NA,"Tauros",", Combat Breed","Paldean",0,NA,NA
"Tauros","None",NA,NA,NA,"Tauros",", Blaze Breed","Paldean",0,NA,NA
"Tauros","None",NA,NA,NA,"Tauros",", Aqua Breed","Paldean",0,NA,NA
"Magikarp","First","Magikarp",NA,NA,"Magikarp",NA,NA,1,NA,NA
"Magikarp","First","Magikarp",NA,NA,"Gyarados",NA,NA,2,NA,NA
"Lapras","None",NA,NA,NA,"Lapras",NA,NA,0,NA,NA
"Ditto","None",NA,NA,NA,"Ditto",NA,NA,0,NA,NA
"Eeveelution","First","Eevee",NA,NA,"Eevee",NA,NA,1,NA,NA
"Eeveelution","First","Eevee",NA,NA,"Vaporeon",NA,NA,2,NA,NA
"Eeveelution","First","Eevee",NA,NA,"Jolteon",NA,NA,2,NA,NA
"Eeveelution","First","Eevee",NA,NA,"Flareon",NA,NA,2,NA,NA
"Eeveelution","First","Eevee",NA,NA,"Espeon",NA,NA,2,NA,NA
"Eeveelution","First","Eevee",NA,NA,"Umbreon",NA,NA,2,NA,NA
"Eeveelution","First","Eevee",NA,NA,"Leafeon",NA,NA,2,NA,NA
"Eeveelution","First","Eevee",NA,NA,"Glaceon",NA,NA,2,NA,NA
"Eeveelution","First","Eevee",NA,NA,"Sylveon",NA,NA,2,NA,NA
"Porygon","First","Porygon",NA,NA,"Porygon",NA,NA,1,NA,NA
"Omanyte","First","Omanyte",NA,NA,"Omanyte",NA,NA,1,NA,NA
"Omanyte","First","Omanyte",NA,NA,"Omastar",NA,NA,2,NA,NA
"Kabuto","First","Kabuto",NA,NA,"Kabuto",NA,NA,1,NA,NA
"Kabuto","First","Kabuto",NA,NA,"Kabutops",NA,NA,2,NA,NA
"Aerodactyl","None",NA,NA,NA,"Aerodactyl",NA,NA,0,NA,NA
"Snorlax","First","Munchlax",NA,NA,"Munchlax",NA,NA,1,NA,NA
"Snorlax","First","Munchlax",NA,NA,"Snorlax",NA,NA,2,NA,NA
"Articuno","None",NA,NA,NA,"Articuno",NA,"Kantonian",0,"Legendary birds","trios"
"Articuno","None",NA,NA,NA,"Articuno",NA,"Galarian",0,"Legendary birds","trios"
"Zapdos","None",NA,NA,NA,"Zapdos",NA,"Kantonian",0,"Legendary birds","trios"
"Zapdos","None",NA,NA,NA,"Zapdos",NA,"Galarian",0,"Legendary birds","trios"
"Moltres","None",NA,NA,NA,"Moltres",NA,"Kantonian",0,"Legendary birds","trios"
"Moltres","None",NA,NA,NA,"Moltres",NA,"Galarian",0,"Legendary birds","trios"
"Dratini","First","Dratini",NA,NA,"Dratini",NA,NA,1,NA,NA
"Mewtwo","None",NA,NA,NA,"Mewtwo",NA,NA,0,"Mew duo","duos"
"Mew","None",NA,NA,NA,"Mew",NA,NA,0,"Mew duo","duos"
"Chikorita","First","Chikorita",NA,NA,"Chikorita",NA,NA,1,NA,NA
"Cyndaquil","First","Cyndaquil",NA,NA,"Cyndaquil",NA,NA,1,NA,NA
"Totodile","First","Totodile",NA,NA,"Totodile",NA,NA,1,NA,NA
"Sentret","First","Sentret",NA,NA,"Sentret",NA,NA,1,NA,NA
"Sentret","First","Sentret",NA,NA,"Furret",NA,NA,2,NA,NA
"Hoothoot","First","Hoothoot",NA,NA,"Hoothoot",NA,NA,1,NA,NA
"Hoothoot","First","Hoothoot",NA,NA,"Noctowl",NA,NA,2,NA,NA
"Ledyba","First","Ledyba",NA,NA,"Ledyba",NA,NA,1,NA,NA
"Ledyba","First","Ledyba",NA,NA,"Ledian",NA,NA,2,NA,NA
"Spinarak","First","Spinarak",NA,NA,"Spinarak",NA,NA,1,NA,NA
"Spinarak","First","Spinarak",NA,NA,"Ariados",NA,NA,2,NA,NA
"Chinchou","First","Chinchou",NA,NA,"Chinchou",NA,NA,1,NA,NA
"Chinchou","First","Chinchou",NA,NA,"Lanturn",NA,NA,2,NA,NA
"Togepi","First","Togepi",NA,NA,"Togepi",NA,NA,1,NA,NA
"Natu","First","Natu",NA,NA,"Natu",NA,NA,1,NA,NA
"Natu","First","Natu",NA,NA,"Xatu",NA,NA,2,NA,NA
"Mareep","First","Mareep",NA,NA,"Mareep",NA,NA,1,NA,NA
"Marill","First","Azurill",NA,NA,"Azurill",NA,NA,1,NA,NA
"Sudowoodo","First","Bonsly",NA,NA,"Bonsly",NA,NA,1,NA,NA
"Sudowoodo","First","Bonsly",NA,NA,"Sudowoodo",NA,NA,2,NA,NA
"Hoppip","First","Hoppip",NA,NA,"Hoppip",NA,NA,1,NA,NA
"Aipom","First","Aipom",NA,NA,"Aipom",NA,NA,1,NA,NA
"Aipom","First","Aipom",NA,NA,"Ambipom",NA,NA,2,NA,NA
"Sunkern","First","Sunkern",NA,NA,"Sunkern",NA,NA,1,NA,NA
"Sunkern","First","Sunkern",NA,NA,"Sunflora",NA,NA,2,NA,NA
"Yanma","First","Yanma",NA,NA,"Yanma",NA,NA,1,NA,NA
"Yanma","First","Yanma",NA,NA,"Yanmega",NA,NA,2,NA,NA
"Wooper","First","Wooper","Johtonian",NA,"Wooper","Johtonian",NA,1,NA,NA
"Wooper","First","Wooper","Johtonian",NA,"Quagsire",NA,NA,2,NA,NA
"Wooper","First","Wooper",NA,"Paldean","Wooper",NA,"Paldean",1,NA,NA
"Wooper","First","Wooper",NA,"Paldean","Clodsire",NA,NA,2,NA,NA
"Murkrow","First","Murkrow",NA,NA,"Murkrow",NA,NA,1,NA,NA
"Murkrow","First","Murkrow",NA,NA,"Honchkrow",NA,NA,2,NA,NA
"Misdreavus","First","Misdreavus",NA,NA,"Misdreavus",NA,NA,1,NA,NA
"Misdreavus","First","Misdreavus",NA,NA,"Mismagius",NA,NA,2,NA,NA
"Wobbuffet","First","Wynaut",NA,NA,"Wynaut",NA,NA,1,NA,NA
"Wobbuffet","First","Wynaut",NA,NA,"Wobbuffet",NA,NA,2,NA,NA
"Girafarig","First","Girafarig",NA,NA,"Girafarig",NA,NA,1,NA,NA
"Girafarig","First","Girafarig",NA,NA,"Farigiraf",NA,NA,2,NA,NA
"Pineco","First","Pineco",NA,NA,"Pineco",NA,NA,1,NA,NA
"Pineco","First","Pineco",NA,NA,"Forretress",NA,NA,2,NA,NA
"Dunsparce","First","Dunsparce",NA,NA,"Dunsparce",NA,NA,1,NA,NA
"Dunsparce","First","Dunsparce",NA,NA,"Dudunsparce",NA,NA,2,NA,NA
"Gligar","First","Gligar",NA,NA,"Gligar",NA,NA,1,NA,NA
"Gligar","First","Gligar",NA,NA,"Gliscor",NA,NA,2,NA,NA
"Snubbull","First","Snubbull",NA,NA,"Snubbull",NA,NA,1,NA,NA
"Snubbull","First","Snubbull",NA,NA,"Granbull",NA,NA,2,NA,NA
"Qwilfish","None",NA,NA,NA,"Qwilfish","Johtonian",NA,0,NA,NA
"Qwilfish","First","Qwilfish",NA,"Hisuian","Qwilfish",NA,"Hisuian",1,NA,NA
"Qwilfish","First","Qwilfish",NA,"Hisuian","Overqwil",NA,NA,2,NA,NA
"Shuckle","None",NA,NA,NA,"Shuckle",NA,NA,0,NA,NA
"Heracross","None",NA,NA,NA,"Heracross",NA,NA,0,NA,NA
"Sneasel","First","Sneasel","Johtonian",NA,"Sneasel","Johtonian",NA,1,NA,NA
"Sneasel","First","Sneasel","Johtonian",NA,"Weavile",NA,NA,2,NA,NA
"Sneasel","First","Sneasel",NA,"Hisuian","Sneasel",NA,"Hisuian",1,NA,NA
"Sneasel","First","Sneasel",NA,"Hisuian","Sneasler",NA,NA,2,NA,NA
"Teddiursa","First","Teddiursa",NA,NA,"Teddiursa",NA,NA,1,NA,NA
"Bloodmoon Ursaluna","None",NA,NA,NA,"Ursaluna",NA,NA,0,NA,NA
"Slugma","First","Slugma",NA,NA,"Slugma",NA,NA,1,NA,NA
"Slugma","First","Slugma",NA,NA,"Magcargo",NA,NA,2,NA,NA
"Swinub","First","Swinub",NA,NA,"Swinub",NA,NA,1,NA,NA
"Corsola","None",NA,NA,NA,"Corsola","Johtonian",NA,0,NA,NA
"Corsola","First","Corsola",NA,"Galarian","Corsola",NA,"Galarian",1,NA,NA
"Corsola","First","Corsola",NA,"Galarian","Cursola",NA,NA,2,NA,NA
"Remoraid","First","Remoraid",NA,NA,"Remoraid",NA,NA,1,NA,NA
"Remoraid","First","Remoraid",NA,NA,"Octillery",NA,NA,2,NA,NA
"Delibird","None",NA,NA,NA,"Delibird",NA,NA,0,NA,NA
"Mantine","First","Mantyke",NA,NA,"Mantyke",NA,NA,1,NA,NA
"Mantine","First","Mantyke",NA,NA,"Mantine",NA,NA,2,NA,NA
"Skarmory","None",NA,NA,NA,"Skarmory",NA,NA,0,NA,NA
"Houndour","First","Houndour",NA,NA,"Houndour",NA,NA,1,NA,NA
"Houndour","First","Houndour",NA,NA,"Houndoom",NA,NA,2,NA,NA
"Phanpy","First","Phanpy",NA,NA,"Phanpy",NA,NA,1,NA,NA
"Phanpy","First","Phanpy",NA,NA,"Donphan",NA,NA,2,NA,NA
"Stantler","First","Stantler",NA,NA,"Stantler",NA,NA,1,NA,NA
"Stantler","First","Stantler",NA,NA,"Wyrdeer",NA,NA,2,NA,NA
"Smeargle","None",NA,NA,NA,"Smeargle",NA,NA,0,NA,NA
"Miltank","None",NA,NA,NA,"Miltank",NA,NA,0,NA,NA
"Raikou","None",NA,NA,NA,"Raikou",NA,NA,0,"Legendary beasts","trios"
"Entei","None",NA,NA,NA,"Entei",NA,NA,0,"Legendary beasts","trios"
"Suicune","None",NA,NA,NA,"Suicune",NA,NA,0,"Legendary beasts","trios"
"Larvitar","First","Larvitar",NA,NA,"Larvitar",NA,NA,1,NA,NA
"Lugia","None",NA,NA,NA,"Lugia",NA,NA,0,"Tower duo","duos"
"Ho-Oh","None",NA,NA,NA,"Ho-Oh",NA,NA,0,"Tower duo","duos"
"Celebi","None",NA,NA,NA,"Celebi",NA,NA,0,NA,NA
"Treecko","First","Treecko",NA,NA,"Treecko",NA,NA,1,NA,NA
"Torchic","First","Torchic",NA,NA,"Torchic",NA,NA,1,NA,NA
"Mudkip","First","Mudkip",NA,NA,"Mudkip",NA,NA,1,NA,NA
"Poochyena","First","Poochyena",NA,NA,"Poochyena",NA,NA,1,NA,NA
"Poochyena","First","Poochyena",NA,NA,"Mightyena",NA,NA,2,NA,NA
"Zigzagoon","First","Zigzagoon",NA,"Hoennian","Linoone","Hoennian",NA,2,NA,NA
"Zigzagoon","First","Zigzagoon",NA,"Galarian","Linoone","Galarian",NA,2,NA,NA
"Wurmple","First","Wurmple",NA,NA,"Wurmple",NA,NA,1,NA,NA
"Lotad","First","Lotad",NA,NA,"Lotad",NA,NA,1,NA,NA
"Seedot","First","Seedot",NA,NA,"Seedot",NA,NA,1,NA,NA
"Taillow","First","Taillow",NA,NA,"Taillow",NA,NA,1,NA,NA
"Taillow","First","Taillow",NA,NA,"Swellow",NA,NA,2,NA,NA
"Wingull","First","Wingull",NA,NA,"Wingull",NA,NA,1,NA,NA
"Wingull","First","Wingull",NA,NA,"Pelipper",NA,NA,2,NA,NA
"Ralts","First","Ralts",NA,NA,"Ralts",NA,NA,1,NA,NA
"Surskit","First","Surskit",NA,NA,"Surskit",NA,NA,1,NA,NA
"Surskit","First","Surskit",NA,NA,"Masquerain",NA,NA,2,NA,NA
"Shroomish","First","Shroomish",NA,NA,"Shroomish",NA,NA,1,NA,NA
"Shroomish","First","Shroomish",NA,NA,"Breloom",NA,NA,2,NA,NA
"Slakoth","First","Slakoth",NA,NA,"Slakoth",NA,NA,1,NA,NA
"Nincada","First","Nincada",NA,NA,"Nincada",NA,NA,1,NA,NA
"Nincada","First","Nincada",NA,NA,"Ninjask",NA,NA,2,NA,NA
"Nincada","First","Nincada",NA,NA,"Shedinja",NA,NA,2,NA,NA
"Whismur","First","Whismur",NA,NA,"Whismur",NA,NA,1,NA,NA
"Makuhita","First","Makuhita",NA,NA,"Makuhita",NA,NA,1,NA,NA
"Makuhita","First","Makuhita",NA,NA,"Hariyama",NA,NA,2,NA,NA
"Nosepass","First","Nosepass",NA,NA,"Nosepass",NA,NA,1,NA,NA
"Nosepass","First","Nosepass",NA,NA,"Probopass",NA,NA,2,NA,NA
"Skitty","First","Skitty",NA,NA,"Skitty",NA,NA,1,NA,NA
"Skitty","First","Skitty",NA,NA,"Delcatty",NA,NA,2,NA,NA
"Sableye","None",NA,NA,NA,"Sableye",NA,NA,0,NA,NA
"Mawile","None",NA,NA,NA,"Mawile",NA,NA,0,NA,NA
"Aron","First","Aron",NA,NA,"Aron",NA,NA,1,NA,NA
"Meditite","First","Meditite",NA,NA,"Meditite",NA,NA,1,NA,NA
"Meditite","First","Meditite",NA,NA,"Medicham",NA,NA,2,NA,NA
"Electrike","First","Electrike",NA,NA,"Electrike",NA,NA,1,NA,NA
"Electrike","First","Electrike",NA,NA,"Manectric",NA,NA,2,NA,NA
"Plusle","None",NA,NA,NA,"Plusle",NA,NA,0,NA,NA
"Minun","None",NA,NA,NA,"Minun",NA,NA,0,NA,NA
"Volbeat and Illumise*","None",NA,NA,NA,"Volbeat",NA,NA,0,NA,NA
"Volbeat and Illumise*","None",NA,NA,NA,"Illumise",NA,NA,0,NA,NA
"Roselia","First","Budew",NA,NA,"Budew",NA,NA,1,NA,NA
"Gulpin","First","Gulpin",NA,NA,"Gulpin",NA,NA,1,NA,NA
"Gulpin","First","Gulpin",NA,NA,"Swalot",NA,NA,2,NA,NA
"Carvanha","First","Carvanha",NA,NA,"Carvanha",NA,NA,1,NA,NA
"Carvanha","First","Carvanha",NA,NA,"Sharpedo",NA,NA,2,NA,NA
"Wailmer","First","Wailmer",NA,NA,"Wailmer",NA,NA,1,NA,NA
"Wailmer","First","Wailmer",NA,NA,"Wailord",NA,NA,2,NA,NA
"Numel","First","Numel",NA,NA,"Numel",NA,NA,1,NA,NA
"Numel","First","Numel",NA,NA,"Camerupt",NA,NA,2,NA,NA
"Torkoal","None",NA,NA,NA,"Torkoal",NA,NA,0,NA,NA
"Spoink","First","Spoink",NA,NA,"Spoink",NA,NA,1,NA,NA
"Spoink","First","Spoink",NA,NA,"Grumpig",NA,NA,2,NA,NA
"Spinda","None",NA,NA,NA,"Spinda",NA,NA,0,NA,NA
"Trapinch","First","Trapinch",NA,NA,"Trapinch",NA,NA,1,NA,NA
"Cacnea","First","Cacnea",NA,NA,"Cacnea",NA,NA,1,NA,NA
"Cacnea","First","Cacnea",NA,NA,"Cacturne",NA,NA,2,NA,NA
"Swablu","First","Swablu",NA,NA,"Swablu",NA,NA,1,NA,NA
"Swablu","First","Swablu",NA,NA,"Altaria",NA,NA,2,NA,NA
"Zangoose","None",NA,NA,NA,"Zangoose",NA,NA,0,NA,NA
"Seviper","None",NA,NA,NA,"Seviper",NA,NA,0,NA,NA
"Lunatone","None",NA,NA,NA,"Lunatone",NA,NA,0,NA,NA
"Solrock","None",NA,NA,NA,"Solrock",NA,NA,0,NA,NA
"Barboach","First","Barboach",NA,NA,"Barboach",NA,NA,1,NA,NA
"Barboach","First","Barboach",NA,NA,"Whiscash",NA,NA,2,NA,NA
"Corphish","First","Corphish",NA,NA,"Corphish",NA,NA,1,NA,NA
"Corphish","First","Corphish",NA,NA,"Crawdaunt",NA,NA,2,NA,NA
"Baltoy","First","Baltoy",NA,NA,"Baltoy",NA,NA,1,NA,NA
"Baltoy","First","Baltoy",NA,NA,"Claydol",NA,NA,2,NA,NA
"Lileep","First","Lileep",NA,NA,"Lileep",NA,NA,1,NA,NA
"Lileep","First","Lileep",NA,NA,"Cradily",NA,NA,2,NA,NA
"Anorith","First","Anorith",NA,NA,"Anorith",NA,NA,1,NA,NA
"Anorith","First","Anorith",NA,NA,"Armaldo",NA,NA,2,NA,NA
"Feebas","First","Feebas",NA,NA,"Feebas",NA,NA,1,NA,NA
"Feebas","First","Feebas",NA,NA,"Milotic",NA,NA,2,NA,NA
"Castform","None",NA,NA,NA,"Castform",NA,NA,0,NA,NA
"Kecleon","None",NA,NA,NA,"Kecleon",NA,NA,0,NA,NA
"Shuppet","First","Shuppet",NA,NA,"Shuppet",NA,NA,1,NA,NA
"Shuppet","First","Shuppet",NA,NA,"Banette",NA,NA,2,NA,NA
"Duskull","First","Duskull",NA,NA,"Duskull",NA,NA,1,NA,NA
"Tropius","None",NA,NA,NA,"Tropius",NA,NA,0,NA,NA
"Chimecho","First","Chingling",NA,NA,"Chingling",NA,NA,1,NA,NA
"Chimecho","First","Chingling",NA,NA,"Chimecho",NA,NA,2,NA,NA
"Absol","None",NA,NA,NA,"Absol",NA,NA,0,NA,NA
"Snorunt","First","Snorunt",NA,NA,"Snorunt",NA,NA,1,NA,NA
"Snorunt","First","Snorunt",NA,NA,"Glalie",NA,NA,2,NA,NA
"Snorunt","First","Snorunt",NA,NA,"Froslass",NA,NA,2,NA,NA
"Spheal","First","Spheal",NA,NA,"Spheal",NA,NA,1,NA,NA
"Clamperl","First","Clamperl",NA,NA,"Clamperl",NA,NA,1,NA,NA
"Clamperl","First","Clamperl",NA,NA,"Huntail",NA,NA,2,NA,NA
"Clamperl","First","Clamperl",NA,NA,"Gorebyss",NA,NA,2,NA,NA
"Relicanth","None",NA,NA,NA,"Relicanth",NA,NA,0,NA,NA
"Luvdisc","None",NA,NA,NA,"Luvdisc",NA,NA,0,NA,NA
"Bagon","First","Bagon",NA,NA,"Bagon",NA,NA,1,NA,NA
"Beldum","First","Beldum",NA,NA,"Beldum",NA,NA,1,NA,NA
"Regirock","None",NA,NA,NA,"Regirock",NA,NA,0,"Legendary giants","quintets"
"Regice","None",NA,NA,NA,"Regice",NA,NA,0,"Legendary giants","quintets"
"Registeel","None",NA,NA,NA,"Registeel",NA,NA,0,"Legendary giants","quintets"
"Latias","None",NA,NA,NA,"Latias",NA,NA,0,"Eon duo","duos"
"Latios","None",NA,NA,NA,"Latios",NA,NA,0,"Eon duo","duos"
"Kyogre","None",NA,NA,NA,"Kyogre",NA,NA,0,"Super-ancient Pokémon","trios"
"Groudon","None",NA,NA,NA,"Groudon",NA,NA,0,"Super-ancient Pokémon","trios"
"Rayquaza","None",NA,NA,NA,"Rayquaza",NA,NA,0,"Super-ancient Pokémon","trios"
"Jirachi","None",NA,NA,NA,"Jirachi",NA,NA,0,NA,NA
"Deoxys","None",NA,NA,NA,"Deoxys",NA,NA,0,NA,NA
"Turtwig","First","Turtwig",NA,NA,"Turtwig",NA,NA,1,NA,NA
"Chimchar","First","Chimchar",NA,NA,"Chimchar",NA,NA,1,NA,NA
"Piplup","First","Piplup",NA,NA,"Piplup",NA,NA,1,NA,NA
"Starly","First","Starly",NA,NA,"Starly",NA,NA,1,NA,NA
"Bidoof","First","Bidoof",NA,NA,"Bidoof",NA,NA,1,NA,NA
"Bidoof","First","Bidoof",NA,NA,"Bibarel",NA,NA,2,NA,NA
"Kricketot","First","Kricketot",NA,NA,"Kricketot",NA,NA,1,NA,NA
"Kricketot","First","Kricketot",NA,NA,"Kricketune",NA,NA,2,NA,NA
"Shinx","First","Shinx",NA,NA,"Shinx",NA,NA,1,NA,NA
"Cranidos","First","Cranidos",NA,NA,"Cranidos",NA,NA,1,NA,NA
"Cranidos","First","Cranidos",NA,NA,"Rampardos",NA,NA,2,NA,NA
"Shieldon","First","Shieldon",NA,NA,"Shieldon",NA,NA,1,NA,NA
"Shieldon","First","Shieldon",NA,NA,"Bastiodon",NA,NA,2,NA,NA
"Burmy","First","Burmy","Plant Cloak",NA,"Burmy","Plant Cloak",NA,1,NA,NA
"Burmy","First","Burmy","Plant Cloak",NA,"Wormadam","Plant Cloak",NA,2,NA,NA
"Burmy","First","Burmy","Sandy Cloak",NA,"Burmy","Sandy Cloak",NA,1,NA,NA
"Burmy","First","Burmy","Sandy Cloak",NA,"Wormadam","Sandy Cloak",NA,2,NA,NA
"Burmy","First","Burmy","Trash Cloak",NA,"Burmy","Trash Cloak",NA,1,NA,NA
"Burmy","First","Burmy","Trash Cloak",NA,"Wormadam","Trash Cloak",NA,2,NA,NA
"Burmy","First","Burmy",NA,NA,"Burmy",NA,NA,1,NA,NA
"Burmy","First","Burmy",NA,NA,"Mothim",NA,NA,2,NA,NA
"Combee","First","Combee",NA,NA,"Combee",NA,NA,1,NA,NA
"Combee","First","Combee",NA,NA,"Vespiquen",NA,NA,2,NA,NA
"Pachirisu","None",NA,NA,NA,"Pachirisu",NA,NA,0,NA,NA
"Buizel","First","Buizel",NA,NA,"Buizel",NA,NA,1,NA,NA
"Buizel","First","Buizel",NA,NA,"Floatzel",NA,NA,2,NA,NA
"Cherubi","First","Cherubi",NA,NA,"Cherubi",NA,NA,1,NA,NA
"Cherubi","First","Cherubi",NA,NA,"Cherrim",NA,NA,2,NA,NA
"Shellos","First","Shellos","West Sea",NA,"Shellos","West Sea",NA,1,NA,NA
"Shellos","First","Shellos","West Sea",NA,"Gastrodon","West Sea",NA,2,NA,NA
"Shellos","First","Shellos","East Sea",NA,"Shellos","East Sea",NA,1,NA,NA
"Shellos","First","Shellos","East Sea",NA,"Gastrodon","East Sea",NA,2,NA,NA
"Drifloon","First","Drifloon",NA,NA,"Drifloon",NA,NA,1,NA,NA
"Drifloon","First","Drifloon",NA,NA,"Drifblim",NA,NA,2,NA,NA
"Buneary","First","Buneary",NA,NA,"Buneary",NA,NA,1,NA,NA
"Buneary","First","Buneary",NA,NA,"Lopunny",NA,NA,2,NA,NA
"Glameow","First","Glameow",NA,NA,"Glameow",NA,NA,1,NA,NA
"Glameow","First","Glameow",NA,NA,"Purugly",NA,NA,2,NA,NA
"Stunky","First","Stunky",NA,NA,"Stunky",NA,NA,1,NA,NA
"Stunky","First","Stunky",NA,NA,"Skuntank",NA,NA,2,NA,NA
"Bronzor","First","Bronzor",NA,NA,"Bronzor",NA,NA,1,NA,NA
"Bronzor","First","Bronzor",NA,NA,"Bronzong",NA,NA,2,NA,NA
"Chatot","None",NA,NA,NA,"Chatot",NA,NA,0,NA,NA
"Spiritomb","None",NA,NA,NA,"Spiritomb",NA,NA,0,NA,NA
"Gible","First","Gible",NA,NA,"Gible",NA,NA,1,NA,NA
"Riolu","First","Riolu",NA,NA,"Riolu",NA,NA,1,NA,NA
"Riolu","First","Riolu",NA,NA,"Lucario",NA,NA,2,NA,NA
"Hippopotas","First","Hippopotas",NA,NA,"Hippopotas",NA,NA,1,NA,NA
"Hippopotas","First","Hippopotas",NA,NA,"Hippowdon",NA,NA,2,NA,NA
"Skorupi","First","Skorupi",NA,NA,"Skorupi",NA,NA,1,NA,NA
"Skorupi","First","Skorupi",NA,NA,"Drapion",NA,NA,2,NA,NA
"Croagunk","First","Croagunk",NA,NA,"Croagunk",NA,NA,1,NA,NA
"Croagunk","First","Croagunk",NA,NA,"Toxicroak",NA,NA,2,NA,NA
"Carnivine","None",NA,NA,NA,"Carnivine",NA,NA,0,NA,NA
"Finneon","First","Finneon",NA,NA,"Finneon",NA,NA,1,NA,NA
"Finneon","First","Finneon",NA,NA,"Lumineon",NA,NA,2,NA,NA
"Snover","First","Snover",NA,NA,"Snover",NA,NA,1,NA,NA
"Snover","First","Snover",NA,NA,"Abomasnow",NA,NA,2,NA,NA
"Rotom","None",NA,NA,NA,"Rotom",NA,NA,0,NA,NA
"Uxie","None",NA,NA,NA,"Uxie",NA,NA,0,"Lake guardians","trios"
"Mesprit","None",NA,NA,NA,"Mesprit",NA,NA,0,"Lake guardians","trios"
"Azelf","None",NA,NA,NA,"Azelf",NA,NA,0,"Lake guardians","trios"
"Dialga","None",NA,NA,NA,"Dialga",NA,NA,0,"Pokémon of Myth","trios"
"Palkia","None",NA,NA,NA,"Palkia",NA,NA,0,"Pokémon of Myth","trios"
"Heatran","None",NA,NA,NA,"Heatran",NA,NA,0,NA,NA
"Regigigas","None",NA,NA,NA,"Regigigas",NA,NA,0,NA,NA
"Giratina","None",NA,NA,NA,"Giratina",NA,NA,0,"Pokémon of Myth","trios"
"Cresselia","None",NA,NA,NA,"Cresselia",NA,NA,0,"Lunar duo","duos"
"Manaphy*","None",NA,NA,NA,"Phione",NA,NA,0,"Sea guardians","duos"
"Manaphy*","None",NA,NA,NA,"Manaphy",NA,NA,0,"Sea guardians","duos"
"Darkrai","None",NA,NA,NA,"Darkrai",NA,NA,0,"Lunar duo","duos"
"Shaymin","None",NA,NA,NA,"Shaymin",NA,NA,0,NA,NA
"Arceus","None",NA,NA,NA,"Arceus",NA,NA,0,NA,NA
"Victini","None",NA,NA,NA,"Victini",NA,NA,0,NA,NA
"Snivy","First","Snivy",NA,NA,"Snivy",NA,NA,1,NA,NA
"Tepig","First","Tepig",NA,NA,"Tepig",NA,NA,1,NA,NA
"Oshawott","First","Oshawott",NA,NA,"Oshawott",NA,NA,1,NA,NA
"Patrat","First","Patrat",NA,NA,"Patrat",NA,NA,1,NA,NA
"Patrat","First","Patrat",NA,NA,"Watchog",NA,NA,2,NA,NA
"Lillipup","First","Lillipup",NA,NA,"Lillipup",NA,NA,1,NA,NA
"Purrloin","First","Purrloin",NA,NA,"Purrloin",NA,NA,1,NA,NA
"Purrloin","First","Purrloin",NA,NA,"Liepard",NA,NA,2,NA,NA
"Pansage","First","Pansage",NA,NA,"Pansage",NA,NA,1,NA,NA
"Pansage","First","Pansage",NA,NA,"Simisage",NA,NA,2,NA,NA
"Pansear","First","Pansear",NA,NA,"Pansear",NA,NA,1,NA,NA
"Pansear","First","Pansear",NA,NA,"Simisear",NA,NA,2,NA,NA
"Panpour","First","Panpour",NA,NA,"Panpour",NA,NA,1,NA,NA
"Panpour","First","Panpour",NA,NA,"Simipour",NA,NA,2,NA,NA
"Munna","First","Munna",NA,NA,"Munna",NA,NA,1,NA,NA
"Munna","First","Munna",NA,NA,"Musharna",NA,NA,2,NA,NA
"Pidove","First","Pidove",NA,NA,"Pidove",NA,NA,1,NA,NA
"Blitzle","First","Blitzle",NA,NA,"Blitzle",NA,NA,1,NA,NA
"Blitzle","First","Blitzle",NA,NA,"Zebstrika",NA,NA,2,NA,NA
"Roggenrola","First","Roggenrola",NA,NA,"Roggenrola",NA,NA,1,NA,NA
"Woobat","First","Woobat",NA,NA,"Woobat",NA,NA,1,NA,NA
"Woobat","First","Woobat",NA,NA,"Swoobat",NA,NA,2,NA,NA
"Drilbur","First","Drilbur",NA,NA,"Drilbur",NA,NA,1,NA,NA
"Drilbur","First","Drilbur",NA,NA,"Excadrill",NA,NA,2,NA,NA
"Audino","None",NA,NA,NA,"Audino",NA,NA,0,NA,NA
"Timburr","First","Timburr",NA,NA,"Timburr",NA,NA,1,NA,NA
"Tympole","First","Tympole",NA,NA,"Tympole",NA,NA,1,NA,NA
"Throh","None",NA,NA,NA,"Throh",NA,NA,0,NA,NA
"Sawk","None",NA,NA,NA,"Sawk",NA,NA,0,NA,NA
"Sewaddle","First","Sewaddle",NA,NA,"Sewaddle",NA,NA,1,NA,NA
"Venipede","First","Venipede",NA,NA,"Venipede",NA,NA,1,NA,NA
"Cottonee","First","Cottonee",NA,NA,"Cottonee",NA,NA,1,NA,NA
"Cottonee","First","Cottonee",NA,NA,"Whimsicott",NA,NA,2,NA,NA
"Petilil","First","Petilil",NA,NA,"Petilil",NA,NA,1,NA,NA
"Petilil","First","Petilil",NA,NA,"Lilligant","Unovan",NA,2,NA,NA
"Petilil","First","Petilil",NA,NA,"Lilligant","Hisuian",NA,2,NA,NA
"Basculin","None",NA,NA,NA,"Basculin","Red-Striped",NA,0,NA,NA
"Basculin","None",NA,NA,NA,"Basculin","Blue-Striped",NA,0,NA,NA
"Basculin","First","Basculin","White-Striped",NA,"Basculin","White-Striped",NA,1,NA,NA
"Basculin","First","Basculin","White-Striped",NA,"Basculegion",NA,NA,2,NA,NA
"Sandile","First","Sandile",NA,NA,"Sandile",NA,NA,1,NA,NA
"Darumaka","First","Darumaka",NA,"Unovan","Darmanitan","Unovan",NA,2,NA,NA
"Darumaka","First","Darumaka",NA,"Galarian","Darmanitan","Galarian",NA,2,NA,NA
"Maractus","None",NA,NA,NA,"Maractus",NA,NA,0,NA,NA
"Dwebble","First","Dwebble",NA,NA,"Dwebble",NA,NA,1,NA,NA
"Dwebble","First","Dwebble",NA,NA,"Crustle",NA,NA,2,NA,NA
"Scraggy","First","Scraggy",NA,NA,"Scraggy",NA,NA,1,NA,NA
"Scraggy","First","Scraggy",NA,NA,"Scrafty",NA,NA,2,NA,NA
"Sigilyph","None",NA,NA,NA,"Sigilyph",NA,NA,0,NA,NA
"Yamask","First","Yamask",NA,"Unovan","Cofagrigus",NA,NA,2,NA,NA
"Yamask","First","Yamask",NA,"Galarian","Runerigus",NA,NA,2,NA,NA
"Tirtouga","First","Tirtouga",NA,NA,"Tirtouga",NA,NA,1,NA,NA
"Tirtouga","First","Tirtouga",NA,NA,"Carracosta",NA,NA,2,NA,NA
"Archen","First","Archen",NA,NA,"Archen",NA,NA,1,NA,NA
"Archen","First","Archen",NA,NA,"Archeops",NA,NA,2,NA,NA
"Trubbish","First","Trubbish",NA,NA,"Trubbish",NA,NA,1,NA,NA
"Trubbish","First","Trubbish",NA,NA,"Garbodor",NA,NA,2,NA,NA
"Zorua","First","Zorua",NA,"Unovan","Zoroark","Unovan",NA,2,NA,NA
"Zorua","First","Zorua",NA,"Hisuian","Zoroark","Hisuian",NA,2,NA,NA
"Minccino","First","Minccino",NA,NA,"Minccino",NA,NA,1,NA,NA
"Minccino","First","Minccino",NA,NA,"Cinccino",NA,NA,2,NA,NA
"Gothita","First","Gothita",NA,NA,"Gothita",NA,NA,1,NA,NA
"Solosis","First","Solosis",NA,NA,"Solosis",NA,NA,1,NA,NA
"Ducklett","First","Ducklett",NA,NA,"Ducklett",NA,NA,1,NA,NA
"Ducklett","First","Ducklett",NA,NA,"Swanna",NA,NA,2,NA,NA
"Vanillite","First","Vanillite",NA,NA,"Vanillite",NA,NA,1,NA,NA
"Deerling","First","Deerling","Spring Form",NA,"Deerling","Spring Form",NA,1,NA,NA
"Deerling","First","Deerling","Spring Form",NA,"Sawsbuck","Spring Form",NA,2,NA,NA
"Deerling","First","Deerling","Summer Form",NA,"Deerling","Summer Form",NA,1,NA,NA
"Deerling","First","Deerling","Summer Form",NA,"Sawsbuck","Summer Form",NA,2,NA,NA
"Deerling","First","Deerling","Autumn Form",NA,"Deerling","Autumn Form",NA,1,NA,NA
"Deerling","First","Deerling","Autumn Form",NA,"Sawsbuck","Autumn Form",NA,2,NA,NA
"Deerling","First","Deerling","Winter Form",NA,"Deerling","Winter Form",NA,1,NA,NA
"Deerling","First","Deerling","Winter Form",NA,"Sawsbuck","Winter Form",NA,2,NA,NA
"Emolga","None",NA,NA,NA,"Emolga",NA,NA,0,NA,NA
"Karrablast","First","Karrablast",NA,NA,"Karrablast",NA,NA,1,NA,NA
"Karrablast","First","Karrablast",NA,NA,"Escavalier",NA,NA,2,NA,NA
"Foongus","First","Foongus",NA,NA,"Foongus",NA,NA,1,NA,NA
"Foongus","First","Foongus",NA,NA,"Amoonguss",NA,NA,2,NA,NA
"Frillish","First","Frillish",NA,NA,"Frillish",NA,NA,1,NA,NA
"Frillish","First","Frillish",NA,NA,"Jellicent",NA,NA,2,NA,NA
"Alomomola","None",NA,NA,NA,"Alomomola",NA,NA,0,NA,NA
"Joltik","First","Joltik",NA,NA,"Joltik",NA,NA,1,NA,NA
"Joltik","First","Joltik",NA,NA,"Galvantula",NA,NA,2,NA,NA
"Ferroseed","First","Ferroseed",NA,NA,"Ferroseed",NA,NA,1,NA,NA
"Ferroseed","First","Ferroseed",NA,NA,"Ferrothorn",NA,NA,2,NA,NA
"Klink","First","Klink",NA,NA,"Klink",NA,NA,1,NA,NA
"Tynamo","First","Tynamo",NA,NA,"Tynamo",NA,NA,1,NA,NA
"Elgyem","First","Elgyem",NA,NA,"Elgyem",NA,NA,1,NA,NA
"Elgyem","First","Elgyem",NA,NA,"Beheeyem",NA,NA,2,NA,NA
"Litwick","First","Litwick",NA,NA,"Litwick",NA,NA,1,NA,NA
"Axew","First","Axew",NA,NA,"Axew",NA,NA,1,NA,NA
"Cubchoo","First","Cubchoo",NA,NA,"Cubchoo",NA,NA,1,NA,NA
"Cubchoo","First","Cubchoo",NA,NA,"Beartic",NA,NA,2,NA,NA
"Cryogonal","None",NA,NA,NA,"Cryogonal",NA,NA,0,NA,NA
"Shelmet","First","Shelmet",NA,NA,"Shelmet",NA,NA,1,NA,NA
"Shelmet","First","Shelmet",NA,NA,"Accelgor",NA,NA,2,NA,NA
"Stunfisk","None",NA,NA,NA,"Stunfisk",NA,"Unovan",0,NA,NA
"Stunfisk","None",NA,NA,NA,"Stunfisk",NA,"Galarian",0,NA,NA
"Mienfoo","First","Mienfoo",NA,NA,"Mienfoo",NA,NA,1,NA,NA
"Mienfoo","First","Mienfoo",NA,NA,"Mienshao",NA,NA,2,NA,NA
"Druddigon","None",NA,NA,NA,"Druddigon",NA,NA,0,NA,NA
"Golett","First","Golett",NA,NA,"Golett",NA,NA,1,NA,NA
"Golett","First","Golett",NA,NA,"Golurk",NA,NA,2,NA,NA
"Pawniard","First","Pawniard",NA,NA,"Pawniard",NA,NA,1,NA,NA
"Bouffalant","None",NA,NA,NA,"Bouffalant",NA,NA,0,NA,NA
"Rufflet","First","Rufflet",NA,NA,"Rufflet",NA,NA,1,NA,NA
"Rufflet","First","Rufflet",NA,NA,"Braviary","Unovan",NA,2,NA,NA
"Rufflet","First","Rufflet",NA,NA,"Braviary","Hisuian",NA,2,NA,NA
"Vullaby","First","Vullaby",NA,NA,"Vullaby",NA,NA,1,NA,NA
"Vullaby","First","Vullaby",NA,NA,"Mandibuzz",NA,NA,2,NA,NA
"Heatmor","None",NA,NA,NA,"Heatmor",NA,NA,0,NA,NA
"Durant","None",NA,NA,NA,"Durant",NA,NA,0,NA,NA
"Deino","First","Deino",NA,NA,"Deino",NA,NA,1,NA,NA
"Larvesta","First","Larvesta",NA,NA,"Larvesta",NA,NA,1,NA,NA
"Larvesta","First","Larvesta",NA,NA,"Volcarona",NA,NA,2,NA,NA
"Cobalion","None",NA,NA,NA,"Cobalion",NA,NA,0,"Swords of Justice","quartets"
"Terrakion","None",NA,NA,NA,"Terrakion",NA,NA,0,"Swords of Justice","quartets"
"Virizion","None",NA,NA,NA,"Virizion",NA,NA,0,"Swords of Justice","quartets"
"Tornadus","None",NA,NA,NA,"Tornadus",NA,NA,0,"Forces of Nature","quartets"
"Thundurus","None",NA,NA,NA,"Thundurus",NA,NA,0,"Forces of Nature","quartets"
"Reshiram","None",NA,NA,NA,"Reshiram",NA,NA,0,"Tao trio","trios"
"Zekrom","None",NA,NA,NA,"Zekrom",NA,NA,0,"Tao trio","trios"
"Landorus","None",NA,NA,NA,"Landorus",NA,NA,0,"Forces of Nature","quartets"
"Kyurem","None",NA,NA,NA,"Kyurem",NA,NA,0,"Tao trio","trios"
"Keldeo","None",NA,NA,NA,"Keldeo",NA,NA,0,"Swords of Justice","quartets"
"Meloetta","None",NA,NA,NA,"Meloetta",NA,NA,0,NA,NA
"Genesect","None",NA,NA,NA,"Genesect",NA,NA,0,NA,NA
"Chespin","First","Chespin",NA,NA,"Chespin",NA,NA,1,NA,NA
"Fennekin","First","Fennekin",NA,NA,"Fennekin",NA,NA,1,NA,NA
"Froakie","First","Froakie",NA,NA,"Froakie",NA,NA,1,NA,NA
"Battle Bond Greninja","None",NA,NA,NA,"Greninja",NA,NA,0,NA,NA
"Bunnelby","First","Bunnelby",NA,NA,"Bunnelby",NA,NA,1,NA,NA
"Bunnelby","First","Bunnelby",NA,NA,"Diggersby",NA,NA,2,NA,NA
"Fletchling","First","Fletchling",NA,NA,"Fletchling",NA,NA,1,NA,NA
"Scatterbug","First","Scatterbug",NA,NA,"Scatterbug",NA,NA,1,NA,NA
"Litleo","First","Litleo",NA,NA,"Litleo",NA,NA,1,NA,NA
"Litleo","First","Litleo",NA,NA,"Pyroar",NA,NA,2,NA,NA
"Flabébé","First","Flabébé",NA,NA,"Flabébé",NA,NA,1,NA,NA
"Skiddo","First","Skiddo",NA,NA,"Skiddo",NA,NA,1,NA,NA
"Skiddo","First","Skiddo",NA,NA,"Gogoat",NA,NA,2,NA,NA
"Pancham","First","Pancham",NA,NA,"Pancham",NA,NA,1,NA,NA
"Pancham","First","Pancham",NA,NA,"Pangoro",NA,NA,2,NA,NA
"Furfrou","None",NA,NA,NA,"Furfrou",NA,NA,0,NA,NA
"Espurr","First","Espurr",NA,NA,"Espurr",NA,NA,1,NA,NA
"Espurr","First","Espurr",NA,NA,"Meowstic",NA,NA,2,NA,NA
"Honedge","First","Honedge",NA,NA,"Honedge",NA,NA,1,NA,NA
"Spritzee","First","Spritzee",NA,NA,"Spritzee",NA,NA,1,NA,NA
"Spritzee","First","Spritzee",NA,NA,"Aromatisse",NA,NA,2,NA,NA
"Swirlix","First","Swirlix",NA,NA,"Swirlix",NA,NA,1,NA,NA
"Swirlix","First","Swirlix",NA,NA,"Slurpuff",NA,NA,2,NA,NA
"Inkay","First","Inkay",NA,NA,"Inkay",NA,NA,1,NA,NA
"Inkay","First","Inkay",NA,NA,"Malamar",NA,NA,2,NA,NA
"Binacle","First","Binacle",NA,NA,"Binacle",NA,NA,1,NA,NA
"Binacle","First","Binacle",NA,NA,"Barbaracle",NA,NA,2,NA,NA
"Skrelp","First","Skrelp",NA,NA,"Skrelp",NA,NA,1,NA,NA
"Skrelp","First","Skrelp",NA,NA,"Dragalge",NA,NA,2,NA,NA
"Clauncher","First","Clauncher",NA,NA,"Clauncher",NA,NA,1,NA,NA
"Clauncher","First","Clauncher",NA,NA,"Clawitzer",NA,NA,2,NA,NA
"Helioptile","First","Helioptile",NA,NA,"Helioptile",NA,NA,1,NA,NA
"Helioptile","First","Helioptile",NA,NA,"Heliolisk",NA,NA,2,NA,NA
"Tyrunt","First","Tyrunt",NA,NA,"Tyrunt",NA,NA,1,NA,NA
"Tyrunt","First","Tyrunt",NA,NA,"Tyrantrum",NA,NA,2,NA,NA
"Amaura","First","Amaura",NA,NA,"Amaura",NA,NA,1,NA,NA
"Amaura","First","Amaura",NA,NA,"Aurorus",NA,NA,2,NA,NA
"Hawlucha","None",NA,NA,NA,"Hawlucha",NA,NA,0,NA,NA
"Dedenne","None",NA,NA,NA,"Dedenne",NA,NA,0,NA,NA
"Carbink","None",NA,NA,NA,"Carbink",NA,NA,0,NA,NA
"Goomy","First","Goomy",NA,NA,"Goomy",NA,NA,1,NA,NA
"Goomy","First","Goomy",NA,NA,"Sliggoo","Kalosian",NA,2,NA,NA
"Goomy","First","Goomy",NA,NA,"Sliggoo","Hisuian",NA,2,NA,NA
"Klefki","None",NA,NA,NA,"Klefki",NA,NA,0,NA,NA
"Phantump","First","Phantump",NA,NA,"Phantump",NA,NA,1,NA,NA
"Phantump","First","Phantump",NA,NA,"Trevenant",NA,NA,2,NA,NA
"Pumpkaboo","First","Pumpkaboo",NA,NA,"Pumpkaboo",NA,NA,1,NA,NA
"Pumpkaboo","First","Pumpkaboo",NA,NA,"Gourgeist",NA,NA,2,NA,NA
"Bergmite","First","Bergmite",NA,NA,"Bergmite",NA,NA,1,NA,NA
"Bergmite","First","Bergmite",NA,NA,"Avalugg","Kalosian",NA,2,NA,NA
"Bergmite","First","Bergmite",NA,NA,"Avalugg","Hisuian",NA,2,NA,NA
"Noibat","First","Noibat",NA,NA,"Noibat",NA,NA,1,NA,NA
"Noibat","First","Noibat",NA,NA,"Noivern",NA,NA,2,NA,NA
"Xerneas","None",NA,NA,NA,"Xerneas",NA,NA,0,"Aura trio","trios"
"Yveltal","None",NA,NA,NA,"Yveltal",NA,NA,0,"Aura trio","trios"
"Zygarde","None",NA,NA,NA,"Zygarde",NA,NA,0,"Aura trio","trios"
"Diancie","None",NA,NA,NA,"Diancie",NA,NA,0,NA,NA
"Hoopa","None",NA,NA,NA,"Hoopa",NA,NA,0,NA,NA
"Volcanion","None",NA,NA,NA,"Volcanion",NA,NA,0,NA,NA
"Rowlet","First","Rowlet",NA,NA,"Rowlet",NA,NA,1,NA,NA
"Litten","First","Litten",NA,NA,"Litten",NA,NA,1,NA,NA
"Popplio","First","Popplio",NA,NA,"Popplio",NA,NA,1,NA,NA
"Pikipek","First","Pikipek",NA,NA,"Pikipek",NA,NA,1,NA,NA
"Yungoos","First","Yungoos",NA,NA,"Yungoos",NA,NA,1,NA,NA
"Yungoos","First","Yungoos",NA,NA,"Gumshoos",NA,NA,2,NA,NA
"Grubbin","First","Grubbin",NA,NA,"Grubbin",NA,NA,1,NA,NA
"Crabrawler","First","Crabrawler",NA,NA,"Crabrawler",NA,NA,1,NA,NA
"Crabrawler","First","Crabrawler",NA,NA,"Crabominable",NA,NA,2,NA,NA
"Oricorio","None",NA,NA,NA,"Oricorio",NA,NA,0,NA,NA
"Cutiefly","First","Cutiefly",NA,NA,"Cutiefly",NA,NA,1,NA,NA
"Cutiefly","First","Cutiefly",NA,NA,"Ribombee",NA,NA,2,NA,NA
"Rockruff","First","Rockruff",NA,NA,"Rockruff",NA,NA,1,NA,NA
"Rockruff","First","Rockruff",NA,NA,"Lycanroc","Midday Form",NA,2,NA,NA
"Rockruff","First","Rockruff",NA,NA,"Lycanroc","Midnight Form",NA,2,NA,NA
"Rockruff","First","Rockruff","Own Tempo",NA,"Rockruff","Own Tempo",NA,1,NA,NA
"Rockruff","First","Rockruff","Own Tempo",NA,"Lycanroc","Dusk Form",NA,2,NA,NA
"Wishiwashi","None",NA,NA,NA,"Wishiwashi",NA,NA,0,NA,NA
"Mareanie","First","Mareanie",NA,NA,"Mareanie",NA,NA,1,NA,NA
"Mareanie","First","Mareanie",NA,NA,"Toxapex",NA,NA,2,NA,NA
"Mudbray","First","Mudbray",NA,NA,"Mudbray",NA,NA,1,NA,NA
"Mudbray","First","Mudbray",NA,NA,"Mudsdale",NA,NA,2,NA,NA
"Dewpider","First","Dewpider",NA,NA,"Dewpider",NA,NA,1,NA,NA
"Dewpider","First","Dewpider",NA,NA,"Araquanid",NA,NA,2,NA,NA
"Fomantis","First","Fomantis",NA,NA,"Fomantis",NA,NA,1,NA,NA
"Fomantis","First","Fomantis",NA,NA,"Lurantis",NA,NA,2,NA,NA
"Morelull","First","Morelull",NA,NA,"Morelull",NA,NA,1,NA,NA
"Morelull","First","Morelull",NA,NA,"Shiinotic",NA,NA,2,NA,NA
"Salandit","First","Salandit",NA,NA,"Salandit",NA,NA,1,NA,NA
"Salandit","First","Salandit",NA,NA,"Salazzle",NA,NA,2,NA,NA
"Stufful","First","Stufful",NA,NA,"Stufful",NA,NA,1,NA,NA
"Stufful","First","Stufful",NA,NA,"Bewear",NA,NA,2,NA,NA
"Bounsweet","First","Bounsweet",NA,NA,"Bounsweet",NA,NA,1,NA,NA
"Comfey","None",NA,NA,NA,"Comfey",NA,NA,0,NA,NA
"Oranguru","None",NA,NA,NA,"Oranguru",NA,NA,0,NA,NA
"Passimian","None",NA,NA,NA,"Passimian",NA,NA,0,NA,NA
"Wimpod","First","Wimpod",NA,NA,"Wimpod",NA,NA,1,NA,NA
"Wimpod","First","Wimpod",NA,NA,"Golisopod",NA,NA,2,NA,NA
"Sandygast","First","Sandygast",NA,NA,"Sandygast",NA,NA,1,NA,NA
"Sandygast","First","Sandygast",NA,NA,"Palossand",NA,NA,2,NA,NA
"Pyukumuku","None",NA,NA,NA,"Pyukumuku",NA,NA,0,NA,NA
"Type: Null","First","Type: Null",NA,NA,"Type: Null",NA,NA,1,NA,NA
"Type: Null","First","Type: Null",NA,NA,"Silvally",NA,NA,2,NA,NA
"Minior","None",NA,NA,NA,"Minior",NA,NA,0,NA,NA
"Komala","None",NA,NA,NA,"Komala",NA,NA,0,NA,NA
"Turtonator","None",NA,NA,NA,"Turtonator",NA,NA,0,NA,NA
"Togedemaru","None",NA,NA,NA,"Togedemaru",NA,NA,0,NA,NA
"Mimikyu","None",NA,NA,NA,"Mimikyu",NA,NA,0,NA,NA
"Bruxish","None",NA,NA,NA,"Bruxish",NA,NA,0,NA,NA
"Drampa","None",NA,NA,NA,"Drampa",NA,NA,0,NA,NA
"Dhelmise","None",NA,NA,NA,"Dhelmise",NA,NA,0,NA,NA
"Jangmo-o","First","Jangmo-o",NA,NA,"Jangmo-o",NA,NA,1,NA,NA
"Tapu Koko","None",NA,NA,NA,"Tapu Koko",NA,NA,0,"Guardian deities","quartets"
"Tapu Lele","None",NA,NA,NA,"Tapu Lele",NA,NA,0,"Guardian deities","quartets"
"Tapu Bulu","None",NA,NA,NA,"Tapu Bulu",NA,NA,0,"Guardian deities","quartets"
"Tapu Fini","None",NA,NA,NA,"Tapu Fini",NA,NA,0,"Guardian deities","quartets"
"Cosmog","First","Cosmog",NA,NA,"Cosmog",NA,NA,1,NA,NA
"Nihilego","None",NA,NA,NA,"Nihilego",NA,NA,0,NA,NA
"Buzzwole","None",NA,NA,NA,"Buzzwole",NA,NA,0,NA,NA
"Pheromosa","None",NA,NA,NA,"Pheromosa",NA,NA,0,NA,NA
"Xurkitree","None",NA,NA,NA,"Xurkitree",NA,NA,0,NA,NA
"Celesteela","None",NA,NA,NA,"Celesteela",NA,NA,0,NA,NA
"Kartana","None",NA,NA,NA,"Kartana",NA,NA,0,NA,NA
"Guzzlord","None",NA,NA,NA,"Guzzlord",NA,NA,0,NA,NA
"Necrozma","None",NA,NA,NA,"Necrozma",NA,NA,0,"Light trio","trios"
"Magearna","None",NA,NA,NA,"Magearna",NA,NA,0,NA,NA
"Marshadow","None",NA,NA,NA,"Marshadow",NA,NA,0,NA,NA
"Poipole","First","Poipole",NA,NA,"Poipole",NA,NA,1,NA,NA
"Poipole","First","Poipole",NA,NA,"Naganadel",NA,NA,2,NA,NA
"Stakataka","None",NA,NA,NA,"Stakataka",NA,NA,0,NA,NA
"Blacephalon","None",NA,NA,NA,"Blacephalon",NA,NA,0,NA,NA
"Zeraora","None",NA,NA,NA,"Zeraora",NA,NA,0,NA,NA
"Meltan","First","Meltan",NA,NA,"Meltan",NA,NA,1,NA,NA
"Meltan","First","Meltan",NA,NA,"Melmetal",NA,NA,2,NA,NA
"Grookey","First","Grookey",NA,NA,"Grookey",NA,NA,1,NA,NA
"Scorbunny","First","Scorbunny",NA,NA,"Scorbunny",NA,NA,1,NA,NA
"Sobble","First","Sobble",NA,NA,"Sobble",NA,NA,1,NA,NA
"Skwovet","First","Skwovet",NA,NA,"Skwovet",NA,NA,1,NA,NA
"Skwovet","First","Skwovet",NA,NA,"Greedent",NA,NA,2,NA,NA
"Rookidee","First","Rookidee",NA,NA,"Rookidee",NA,NA,1,NA,NA
"Blipbug","First","Blipbug",NA,NA,"Blipbug",NA,NA,1,NA,NA
"Nickit","First","Nickit",NA,NA,"Nickit",NA,NA,1,NA,NA
"Nickit","First","Nickit",NA,NA,"Thievul",NA,NA,2,NA,NA
"Gossifleur","First","Gossifleur",NA,NA,"Gossifleur",NA,NA,1,NA,NA
"Gossifleur","First","Gossifleur",NA,NA,"Eldegoss",NA,NA,2,NA,NA
"Wooloo","First","Wooloo",NA,NA,"Wooloo",NA,NA,1,NA,NA
"Wooloo","First","Wooloo",NA,NA,"Dubwool",NA,NA,2,NA,NA
"Chewtle","First","Chewtle",NA,NA,"Chewtle",NA,NA,1,NA,NA
"Chewtle","First","Chewtle",NA,NA,"Drednaw",NA,NA,2,NA,NA
"Yamper","First","Yamper",NA,NA,"Yamper",NA,NA,1,NA,NA
"Yamper","First","Yamper",NA,NA,"Boltund",NA,NA,2,NA,NA
"Rolycoly","First","Rolycoly",NA,NA,"Rolycoly",NA,NA,1,NA,NA
"Applin","First","Applin",NA,NA,"Applin",NA,NA,1,NA,NA
"Applin","First","Applin",NA,NA,"Flapple",NA,NA,2,NA,NA
"Applin","First","Applin",NA,NA,"Appletun",NA,NA,2,NA,NA
"Silicobra","First","Silicobra",NA,NA,"Silicobra",NA,NA,1,NA,NA
"Silicobra","First","Silicobra",NA,NA,"Sandaconda",NA,NA,2,NA,NA
"Cramorant","None",NA,NA,NA,"Cramorant",NA,NA,0,NA,NA
"Arrokuda","First","Arrokuda",NA,NA,"Arrokuda",NA,NA,1,NA,NA
"Arrokuda","First","Arrokuda",NA,NA,"Barraskewda",NA,NA,2,NA,NA
"Toxel","First","Toxel",NA,NA,"Toxel",NA,NA,1,NA,NA
"Toxel","First","Toxel",NA,NA,"Toxtricity",NA,NA,2,NA,NA
"Sizzlipede","First","Sizzlipede",NA,NA,"Sizzlipede",NA,NA,1,NA,NA
"Sizzlipede","First","Sizzlipede",NA,NA,"Centiskorch",NA,NA,2,NA,NA
"Clobbopus","First","Clobbopus",NA,NA,"Clobbopus",NA,NA,1,NA,NA
"Clobbopus","First","Clobbopus",NA,NA,"Grapploct",NA,NA,2,NA,NA
"Sinistea","First","Sinistea",NA,NA,"Sinistea",NA,NA,1,NA,NA
"Sinistea","First","Sinistea",NA,NA,"Polteageist",NA,NA,2,NA,NA
"Hatenna","First","Hatenna",NA,NA,"Hatenna",NA,NA,1,NA,NA
"Impidimp","First","Impidimp",NA,NA,"Impidimp",NA,NA,1,NA,NA
"Milcery","First","Milcery",NA,NA,"Milcery",NA,NA,1,NA,NA
"Milcery","First","Milcery",NA,NA,"Alcremie",NA,NA,2,NA,NA
"Falinks","None",NA,NA,NA,"Falinks",NA,NA,0,NA,NA
"Pincurchin","None",NA,NA,NA,"Pincurchin",NA,NA,0,NA,NA
"Snom","First","Snom",NA,NA,"Snom",NA,NA,1,NA,NA
"Snom","First","Snom",NA,NA,"Frosmoth",NA,NA,2,NA,NA
"Stonjourner","None",NA,NA,NA,"Stonjourner",NA,NA,0,NA,NA
"Eiscue","None",NA,NA,NA,"Eiscue",NA,NA,0,NA,NA
"Indeedee","None",NA,NA,NA,"Indeedee",NA,NA,0,NA,NA
"Morpeko","None",NA,NA,NA,"Morpeko",NA,NA,0,NA,NA
"Cufant","First","Cufant",NA,NA,"Cufant",NA,NA,1,NA,NA
"Cufant","First","Cufant",NA,NA,"Copperajah",NA,NA,2,NA,NA
"Dracozolt","None",NA,NA,NA,"Dracozolt",NA,NA,0,NA,NA
"Arctozolt","None",NA,NA,NA,"Arctozolt",NA,NA,0,NA,NA
"Dracovish","None",NA,NA,NA,"Dracovish",NA,NA,0,NA,NA
"Arctovish","None",NA,NA,NA,"Arctovish",NA,NA,0,NA,NA
"Duraludon","First","Duraludon",NA,NA,"Duraludon",NA,NA,1,NA,NA
"Duraludon","First","Duraludon",NA,NA,"Archaludon",NA,NA,2,NA,NA
"Dreepy","First","Dreepy",NA,NA,"Dreepy",NA,NA,1,NA,NA
"Zacian","None",NA,NA,NA,"Zacian",NA,NA,0,"Legendary heroes","duos"
"Zamazenta","None",NA,NA,NA,"Zamazenta",NA,NA,0,"Legendary heroes","duos"
"Eternatus","None",NA,NA,NA,"Eternatus",NA,NA,0,NA,NA
"Kubfu","First","Kubfu",NA,NA,"Kubfu",NA,NA,1,NA,NA
"Kubfu","First","Kubfu",NA,NA,"Urshifu",NA,NA,2,NA,NA
"Zarude","None",NA,NA,NA,"Zarude",NA,NA,0,NA,NA
"Regieleki","None",NA,NA,NA,"Regieleki",NA,NA,0,"Legendary giants","quintets"
"Regidrago","None",NA,NA,NA,"Regidrago",NA,NA,0,"Legendary giants","quintets"
"Glastrier","None",NA,NA,NA,"Glastrier",NA,NA,0,NA,NA
"Spectrier","None",NA,NA,NA,"Spectrier",NA,NA,0,NA,NA
"Calyrex","None",NA,NA,NA,"Calyrex",NA,NA,0,NA,NA
"Enamorus","None",NA,NA,NA,"Enamorus",NA,NA,0,"Forces of Nature","quartets"
"Sprigatito","First","Sprigatito",NA,NA,"Sprigatito",NA,NA,1,NA,NA
"Fuecoco","First","Fuecoco",NA,NA,"Fuecoco",NA,NA,1,NA,NA
"Quaxly","First","Quaxly",NA,NA,"Quaxly",NA,NA,1,NA,NA
"Lechonk","First","Lechonk",NA,NA,"Lechonk",NA,NA,1,NA,NA
"Lechonk","First","Lechonk",NA,NA,"Oinkologne",NA,NA,2,NA,NA
"Tarountula","First","Tarountula",NA,NA,"Tarountula",NA,NA,1,NA,NA
"Tarountula","First","Tarountula",NA,NA,"Spidops",NA,NA,2,NA,NA
"Nymble","First","Nymble",NA,NA,"Nymble",NA,NA,1,NA,NA
"Nymble","First","Nymble",NA,NA,"Lokix",NA,NA,2,NA,NA
"Pawmi","First","Pawmi",NA,NA,"Pawmi",NA,NA,1,NA,NA
"Tandemaus","First","Tandemaus",NA,NA,"Tandemaus",NA,NA,1,NA,NA
"Tandemaus","First","Tandemaus",NA,NA,"Maushold",NA,NA,2,NA,NA
"Fidough","First","Fidough",NA,NA,"Fidough",NA,NA,1,NA,NA
"Fidough","First","Fidough",NA,NA,"Dachsbun",NA,NA,2,NA,NA
"Smoliv","First","Smoliv",NA,NA,"Smoliv",NA,NA,1,NA,NA
"Squawkabilly","None",NA,NA,NA,"Squawkabilly",NA,NA,0,NA,NA
"Nacli","First","Nacli",NA,NA,"Nacli",NA,NA,1,NA,NA
"Charcadet","First","Charcadet",NA,NA,"Charcadet",NA,NA,1,NA,NA
"Charcadet","First","Charcadet",NA,NA,"Armarouge",NA,NA,2,NA,NA
"Charcadet","First","Charcadet",NA,NA,"Ceruledge",NA,NA,2,NA,NA
"Tadbulb","First","Tadbulb",NA,NA,"Tadbulb",NA,NA,1,NA,NA
"Tadbulb","First","Tadbulb",NA,NA,"Bellibolt",NA,NA,2,NA,NA
"Wattrel","First","Wattrel",NA,NA,"Wattrel",NA,NA,1,NA,NA
"Wattrel","First","Wattrel",NA,NA,"Kilowattrel",NA,NA,2,NA,NA
"Maschiff","First","Maschiff",NA,NA,"Maschiff",NA,NA,1,NA,NA
"Maschiff","First","Maschiff",NA,NA,"Mabosstiff",NA,NA,2,NA,NA
"Shroodle","First","Shroodle",NA,NA,"Shroodle",NA,NA,1,NA,NA
"Shroodle","First","Shroodle",NA,NA,"Grafaiai",NA,NA,2,NA,NA
"Bramblin","First","Bramblin",NA,NA,"Bramblin",NA,NA,1,NA,NA
"Bramblin","First","Bramblin",NA,NA,"Brambleghast",NA,NA,2,NA,NA
"Toedscool","First","Toedscool",NA,NA,"Toedscool",NA,NA,1,NA,NA
"Toedscool","First","Toedscool",NA,NA,"Toedscruel",NA,NA,2,NA,NA
"Klawf","None",NA,NA,NA,"Klawf",NA,NA,0,NA,NA
"Capsakid","First","Capsakid",NA,NA,"Capsakid",NA,NA,1,NA,NA
"Capsakid","First","Capsakid",NA,NA,"Scovillain",NA,NA,2,NA,NA
"Rellor","First","Rellor",NA,NA,"Rellor",NA,NA,1,NA,NA
"Rellor","First","Rellor",NA,NA,"Rabsca",NA,NA,2,NA,NA
"Flittle","First","Flittle",NA,NA,"Flittle",NA,NA,1,NA,NA
"Flittle","First","Flittle",NA,NA,"Espathra",NA,NA,2,NA,NA
"Tinkatink","First","Tinkatink",NA,NA,"Tinkatink",NA,NA,1,NA,NA
"Wiglett","First","Wiglett",NA,NA,"Wiglett",NA,NA,1,NA,NA
"Wiglett","First","Wiglett",NA,NA,"Wugtrio",NA,NA,2,NA,NA
"Bombirdier","None",NA,NA,NA,"Bombirdier",NA,NA,0,NA,NA
"Finizen","First","Finizen",NA,NA,"Finizen",NA,NA,1,NA,NA
"Finizen","First","Finizen",NA,NA,"Palafin",NA,NA,2,NA,NA
"Varoom","First","Varoom",NA,NA,"Varoom",NA,NA,1,NA,NA
"Varoom","First","Varoom",NA,NA,"Revavroom",NA,NA,2,NA,NA
"Cyclizar","None",NA,NA,NA,"Cyclizar",NA,NA,0,NA,NA
"Orthworm","None",NA,NA,NA,"Orthworm",NA,NA,0,NA,NA
"Glimmet","First","Glimmet",NA,NA,"Glimmet",NA,NA,1,NA,NA
"Glimmet","First","Glimmet",NA,NA,"Glimmora",NA,NA,2,NA,NA
"Greavard","First","Greavard",NA,NA,"Greavard",NA,NA,1,NA,NA
"Greavard","First","Greavard",NA,NA,"Houndstone",NA,NA,2,NA,NA
"Flamigo","None",NA,NA,NA,"Flamigo",NA,NA,0,NA,NA
"Cetoddle","First","Cetoddle",NA,NA,"Cetoddle",NA,NA,1,NA,NA
"Cetoddle","First","Cetoddle",NA,NA,"Cetitan",NA,NA,2,NA,NA
"Veluza","None",NA,NA,NA,"Veluza",NA,NA,0,NA,NA
"Dondozo","None",NA,NA,NA,"Dondozo",NA,NA,0,NA,NA
"Tatsugiri","None",NA,NA,NA,"Tatsugiri",NA,NA,0,NA,NA
"Great Tusk","None",NA,NA,NA,"Great Tusk",NA,NA,0,NA,NA
"Scream Tail","None",NA,NA,NA,"Scream Tail",NA,NA,0,NA,NA
"Brute Bonnet","None",NA,NA,NA,"Brute Bonnet",NA,NA,0,NA,NA
"Flutter Mane","None",NA,NA,NA,"Flutter Mane",NA,NA,0,NA,NA
"Slither Wing","None",NA,NA,NA,"Slither Wing",NA,NA,0,NA,NA
"Sandy Shocks","None",NA,NA,NA,"Sandy Shocks",NA,NA,0,NA,NA
"Iron Treads","None",NA,NA,NA,"Iron Treads",NA,NA,0,NA,NA
"Iron Bundle","None",NA,NA,NA,"Iron Bundle",NA,NA,0,NA,NA
"Iron Hands","None",NA,NA,NA,"Iron Hands",NA,NA,0,NA,NA
"Iron Jugulis","None",NA,NA,NA,"Iron Jugulis",NA,NA,0,NA,NA
"Iron Moth","None",NA,NA,NA,"Iron Moth",NA,NA,0,NA,NA
"Iron Thorns","None",NA,NA,NA,"Iron Thorns",NA,NA,0,NA,NA
"Frigibax","First","Frigibax",NA,NA,"Frigibax",NA,NA,1,NA,NA
"Gimmighoul","First","Gimmighoul","Chest Form",NA,"Gimmighoul","Chest Form",NA,1,NA,NA
"Gimmighoul","First","Gimmighoul","Roaming Form",NA,"Gimmighoul","Roaming Form",NA,1,NA,NA
"Wo-Chien","None",NA,NA,NA,"Wo-Chien",NA,NA,0,"Treasures of ruin","quartets"
"Chien-Pao","None",NA,NA,NA,"Chien-Pao",NA,NA,0,"Treasures of ruin","quartets"
"Ting-Lu","None",NA,NA,NA,"Ting-Lu",NA,NA,0,"Treasures of ruin","quartets"
"Chi-Yu","None",NA,NA,NA,"Chi-Yu",NA,NA,0,"Treasures of ruin","quartets"
"Roaring Moon","None",NA,NA,NA,"Roaring Moon",NA,NA,0,NA,NA
"Iron Valiant","None",NA,NA,NA,"Iron Valiant",NA,NA,0,NA,NA
"Koraidon","None",NA,NA,NA,"Koraidon",NA,NA,0,"Paradox duo","duos"
"Miraidon","None",NA,NA,NA,"Miraidon",NA,NA,0,"Paradox duo","duos"
"Walking Wake","None",NA,NA,NA,"Walking Wake",NA,NA,0,NA,NA
"Iron Leaves","None",NA,NA,NA,"Iron Leaves",NA,NA,0,NA,NA
"Poltchageist","First","Poltchageist",NA,NA,"Poltchageist",NA,NA,1,NA,NA
"Poltchageist","First","Poltchageist",NA,NA,"Sinistcha",NA,NA,2,NA,NA
"Okidogi","None",NA,NA,NA,"Okidogi",NA,NA,0,"Loyal Three","trios"
"Munkidori","None",NA,NA,NA,"Munkidori",NA,NA,0,"Loyal Three","trios"
"Fezandipiti","None",NA,NA,NA,"Fezandipiti",NA,NA,0,"Loyal Three","trios"
"Ogerpon","None",NA,NA,NA,"Ogerpon",NA,NA,0,NA,NA
"Raging Bolt","None",NA,NA,NA,"Gouging Fire",NA,NA,0,NA,NA
"Raging Bolt","None",NA,NA,NA,"Raging Bolt",NA,NA,0,NA,NA
"Iron Crown","None",NA,NA,NA,"Iron Boulder",NA,NA,0,NA,NA
"Iron Crown","None",NA,NA,NA,"Iron Crown",NA,NA,0,NA,NA
"Terapagos","None",NA,NA,NA,"Terapagos",NA,NA,0,NA,NA
"Pecharunt","None",NA,NA,NA,"Pecharunt",NA,NA,0,NA,NA
"Bulbasaur","Second","Bulbasaur",NA,NA,"Ivysaur",NA,NA,2,NA,NA
"Bulbasaur","Second","Bulbasaur",NA,NA,"Venusaur",NA,NA,3,NA,NA
"Charmander","Second","Charmander",NA,NA,"Charmeleon",NA,NA,2,NA,NA
"Charmander","Second","Charmander",NA,NA,"Charizard",NA,NA,3,NA,NA
"Squirtle","Second","Squirtle",NA,NA,"Wartortle",NA,NA,2,NA,NA
"Squirtle","Second","Squirtle",NA,NA,"Blastoise",NA,NA,3,NA,NA
"Caterpie","Second","Caterpie",NA,NA,"Metapod",NA,NA,2,NA,NA
"Caterpie","Second","Caterpie",NA,NA,"Butterfree",NA,NA,3,NA,NA
"Weedle","Second","Weedle",NA,NA,"Kakuna",NA,NA,2,NA,NA
"Weedle","Second","Weedle",NA,NA,"Beedrill",NA,NA,3,NA,NA
"Pidgey","Second","Pidgey",NA,NA,"Pidgeotto",NA,NA,2,NA,NA
"Pidgey","Second","Pidgey",NA,NA,"Pidgeot",NA,NA,3,NA,NA
"Pikachu","Second","Pichu",NA,NA,"Pikachu",NA,NA,2,NA,NA
"Pikachu","Second","Pichu",NA,NA,"Raichu","Kantonian",NA,3,NA,NA
"Pikachu","Second","Pichu",NA,NA,"Raichu","Alolan",NA,3,NA,NA
"Nidoran","Second","Nidoran♀",NA,NA,"Nidorina",NA,NA,2,NA,NA
"Nidoran","Second","Nidoran♀",NA,NA,"Nidoqueen",NA,NA,3,NA,NA
"Nidoran","Second","Nidoran♂",NA,NA,"Nidorino",NA,NA,2,NA,NA
"Nidoran","Second","Nidoran♂",NA,NA,"Nidoking",NA,NA,3,NA,NA
"Clefairy","Second","Cleffa",NA,NA,"Clefairy",NA,NA,2,NA,NA
"Clefairy","Second","Cleffa",NA,NA,"Clefable",NA,NA,3,NA,NA
"Jigglypuff","Second","Igglybuff",NA,NA,"Jigglypuff",NA,NA,2,NA,NA
"Jigglypuff","Second","Igglybuff",NA,NA,"Wigglytuff",NA,NA,3,NA,NA
"Zubat","Second","Zubat",NA,NA,"Golbat",NA,NA,2,NA,NA
"Zubat","Second","Zubat",NA,NA,"Crobat",NA,NA,3,NA,NA
"Oddish","Second","Oddish",NA,NA,"Gloom",NA,NA,2,NA,NA
"Oddish","Second","Oddish",NA,NA,"Vileplume",NA,NA,3,NA,NA
"Oddish","Second","Oddish",NA,NA,"Bellossom",NA,NA,3,NA,NA
"Mankey","Second","Mankey",NA,NA,"Primeape",NA,NA,2,NA,NA
"Mankey","Second","Mankey",NA,NA,"Annihilape",NA,NA,3,NA,NA
"Poliwag","Second","Poliwag",NA,NA,"Poliwhirl",NA,NA,2,NA,NA
"Poliwag","Second","Poliwag",NA,NA,"Poliwrath",NA,NA,3,NA,NA
"Poliwag","Second","Poliwag",NA,NA,"Politoed",NA,NA,3,NA,NA
"Abra","Second","Abra",NA,NA,"Kadabra",NA,NA,2,NA,NA
"Abra","Second","Abra",NA,NA,"Alakazam",NA,NA,3,NA,NA
"Machop","Second","Machop",NA,NA,"Machoke",NA,NA,2,NA,NA
"Machop","Second","Machop",NA,NA,"Machamp",NA,NA,3,NA,NA
"Bellsprout","Second","Bellsprout",NA,NA,"Weepinbell",NA,NA,2,NA,NA
"Bellsprout","Second","Bellsprout",NA,NA,"Victreebel",NA,NA,3,NA,NA
"Geodude","Second","Geodude",NA,"Kantonian","Graveler",NA,"Kantonian",2,NA,NA
"Geodude","Second","Geodude",NA,"Kantonian","Golem","Kantonian",NA,3,NA,NA
"Geodude","Second","Geodude",NA,"Alolan","Graveler",NA,"Alolan",2,NA,NA
"Geodude","Second","Geodude",NA,"Alolan","Golem","Alolan",NA,3,NA,NA
"Magnemite","Second","Magnemite",NA,NA,"Magneton",NA,NA,2,NA,NA
"Magnemite","Second","Magnemite",NA,NA,"Magnezone",NA,NA,3,NA,NA
"Gastly","Second","Gastly",NA,NA,"Haunter",NA,NA,2,NA,NA
"Gastly","Second","Gastly",NA,NA,"Gengar",NA,NA,3,NA,NA
"Rhyhorn","Second","Rhyhorn",NA,NA,"Rhydon",NA,NA,2,NA,NA
"Rhyhorn","Second","Rhyhorn",NA,NA,"Rhyperior",NA,NA,3,NA,NA
"Chansey","Second","Happiny",NA,NA,"Chansey",NA,NA,2,NA,NA
"Chansey","Second","Happiny",NA,NA,"Blissey",NA,NA,3,NA,NA
"Horsea","Second","Horsea",NA,NA,"Seadra",NA,NA,2,NA,NA
"Horsea","Second","Horsea",NA,NA,"Kingdra",NA,NA,3,NA,NA
"Mr. Mime","Second","Mime Jr.",NA,NA,"Mr. Mime",NA,"Galarian",2,NA,NA
"Mr. Mime","Second","Mime Jr.",NA,NA,"Mr. Rime",NA,NA,3,NA,NA
"Electabuzz","Second","Elekid",NA,NA,"Electabuzz",NA,NA,2,NA,NA
"Electabuzz","Second","Elekid",NA,NA,"Electivire",NA,NA,3,NA,NA
"Magmar","Second","Magby",NA,NA,"Magmar",NA,NA,2,NA,NA
"Magmar","Second","Magby",NA,NA,"Magmortar",NA,NA,3,NA,NA
"Porygon","Second","Porygon",NA,NA,"Porygon2",NA,NA,2,NA,NA
"Porygon","Second","Porygon",NA,NA,"Porygon-Z",NA,NA,3,NA,NA
"Dratini","Second","Dratini",NA,NA,"Dragonair",NA,NA,2,NA,NA
"Dratini","Second","Dratini",NA,NA,"Dragonite",NA,NA,3,NA,NA
"Chikorita","Second","Chikorita",NA,NA,"Bayleef",NA,NA,2,NA,NA
"Chikorita","Second","Chikorita",NA,NA,"Meganium",NA,NA,3,NA,NA
"Cyndaquil","Second","Cyndaquil",NA,NA,"Quilava",NA,NA,2,NA,NA
"Cyndaquil","Second","Cyndaquil",NA,NA,"Typhlosion","Johtonian",NA,3,NA,NA
"Cyndaquil","Second","Cyndaquil",NA,NA,"Typhlosion","Hisuian",NA,3,NA,NA
"Totodile","Second","Totodile",NA,NA,"Croconaw",NA,NA,2,NA,NA
"Totodile","Second","Totodile",NA,NA,"Feraligatr",NA,NA,3,NA,NA
"Togepi","Second","Togepi",NA,NA,"Togetic",NA,NA,2,NA,NA
"Togepi","Second","Togepi",NA,NA,"Togekiss",NA,NA,3,NA,NA
"Mareep","Second","Mareep",NA,NA,"Flaaffy",NA,NA,2,NA,NA
"Mareep","Second","Mareep",NA,NA,"Ampharos",NA,NA,3,NA,NA
"Marill","Second","Azurill",NA,NA,"Marill",NA,NA,2,NA,NA
"Marill","Second","Azurill",NA,NA,"Azumarill",NA,NA,3,NA,NA
"Hoppip","Second","Hoppip",NA,NA,"Skiploom",NA,NA,2,NA,NA
"Hoppip","Second","Hoppip",NA,NA,"Jumpluff",NA,NA,3,NA,NA
"Teddiursa","Second","Teddiursa",NA,NA,"Ursaring",NA,NA,2,NA,NA
"Teddiursa","Second","Teddiursa",NA,NA,"Ursaluna",NA,NA,3,NA,NA
"Swinub","Second","Swinub",NA,NA,"Piloswine",NA,NA,2,NA,NA
"Swinub","Second","Swinub",NA,NA,"Mamoswine",NA,NA,3,NA,NA
"Larvitar","Second","Larvitar",NA,NA,"Pupitar",NA,NA,2,NA,NA
"Larvitar","Second","Larvitar",NA,NA,"Tyranitar",NA,NA,3,NA,NA
"Treecko","Second","Treecko",NA,NA,"Grovyle",NA,NA,2,NA,NA
"Treecko","Second","Treecko",NA,NA,"Sceptile",NA,NA,3,NA,NA
"Torchic","Second","Torchic",NA,NA,"Combusken",NA,NA,2,NA,NA
"Torchic","Second","Torchic",NA,NA,"Blaziken",NA,NA,3,NA,NA
"Mudkip","Second","Mudkip",NA,NA,"Marshtomp",NA,NA,2,NA,NA
"Mudkip","Second","Mudkip",NA,NA,"Swampert",NA,NA,3,NA,NA
"Zigzagoon","Second","Zigzagoon",NA,"Galarian","Linoone",NA,"Galarian",2,NA,NA
"Zigzagoon","Second","Zigzagoon",NA,"Galarian","Obstagoon",NA,NA,3,NA,NA
"Wurmple","Second","Wurmple",NA,NA,"Silcoon",NA,NA,2,NA,NA
"Wurmple","Second","Wurmple",NA,NA,"Beautifly",NA,NA,3,NA,NA
"Wurmple","Second","Wurmple",NA,NA,"Cascoon",NA,NA,2,NA,NA
"Wurmple","Second","Wurmple",NA,NA,"Dustox",NA,NA,3,NA,NA
"Lotad","Second","Lotad",NA,NA,"Lombre",NA,NA,2,NA,NA
"Lotad","Second","Lotad",NA,NA,"Ludicolo",NA,NA,3,NA,NA
"Seedot","Second","Seedot",NA,NA,"Nuzleaf",NA,NA,2,NA,NA
"Seedot","Second","Seedot",NA,NA,"Shiftry",NA,NA,3,NA,NA
"Ralts","Second","Ralts",NA,NA,"Kirlia",NA,NA,2,NA,NA
"Ralts","Second","Ralts",NA,NA,"Gardevoir",NA,NA,3,NA,NA
"Ralts","Second","Ralts",NA,NA,"Gallade",NA,NA,3,NA,NA
"Slakoth","Second","Slakoth",NA,NA,"Vigoroth",NA,NA,2,NA,NA
"Slakoth","Second","Slakoth",NA,NA,"Slaking",NA,NA,3,NA,NA
"Whismur","Second","Whismur",NA,NA,"Loudred",NA,NA,2,NA,NA
"Whismur","Second","Whismur",NA,NA,"Exploud",NA,NA,3,NA,NA
"Aron","Second","Aron",NA,NA,"Lairon",NA,NA,2,NA,NA
"Aron","Second","Aron",NA,NA,"Aggron",NA,NA,3,NA,NA
"Roselia","Second","Budew",NA,NA,"Roselia",NA,NA,2,NA,NA
"Roselia","Second","Budew",NA,NA,"Roserade",NA,NA,3,NA,NA
"Trapinch","Second","Trapinch",NA,NA,"Vibrava",NA,NA,2,NA,NA
"Trapinch","Second","Trapinch",NA,NA,"Flygon",NA,NA,3,NA,NA
"Duskull","Second","Duskull",NA,NA,"Dusclops",NA,NA,2,NA,NA
"Duskull","Second","Duskull",NA,NA,"Dusknoir",NA,NA,3,NA,NA
"Spheal","Second","Spheal",NA,NA,"Sealeo",NA,NA,2,NA,NA
"Spheal","Second","Spheal",NA,NA,"Walrein",NA,NA,3,NA,NA
"Bagon","Second","Bagon",NA,NA,"Shelgon",NA,NA,2,NA,NA
"Bagon","Second","Bagon",NA,NA,"Salamence",NA,NA,3,NA,NA
"Beldum","Second","Beldum",NA,NA,"Metang",NA,NA,2,NA,NA
"Beldum","Second","Beldum",NA,NA,"Metagross",NA,NA,3,NA,NA
"Turtwig","Second","Turtwig",NA,NA,"Grotle",NA,NA,2,NA,NA
"Turtwig","Second","Turtwig",NA,NA,"Torterra",NA,NA,3,NA,NA
"Chimchar","Second","Chimchar",NA,NA,"Monferno",NA,NA,2,NA,NA
"Chimchar","Second","Chimchar",NA,NA,"Infernape",NA,NA,3,NA,NA
"Piplup","Second","Piplup",NA,NA,"Prinplup",NA,NA,2,NA,NA
"Piplup","Second","Piplup",NA,NA,"Empoleon",NA,NA,3,NA,NA
"Starly","Second","Starly",NA,NA,"Staravia",NA,NA,2,NA,NA
"Starly","Second","Starly",NA,NA,"Staraptor",NA,NA,3,NA,NA
"Shinx","Second","Shinx",NA,NA,"Luxio",NA,NA,2,NA,NA
"Shinx","Second","Shinx",NA,NA,"Luxray",NA,NA,3,NA,NA
"Gible","Second","Gible",NA,NA,"Gabite",NA,NA,2,NA,NA
"Gible","Second","Gible",NA,NA,"Garchomp",NA,NA,3,NA,NA
"Snivy","Second","Snivy",NA,NA,"Servine",NA,NA,2,NA,NA
"Snivy","Second","Snivy",NA,NA,"Serperior",NA,NA,3,NA,NA
"Tepig","Second","Tepig",NA,NA,"Pignite",NA,NA,2,NA,NA
"Tepig","Second","Tepig",NA,NA,"Emboar",NA,NA,3,NA,NA
"Oshawott","Second","Oshawott",NA,NA,"Dewott",NA,NA,2,NA,NA
"Oshawott","Second","Oshawott",NA,NA,"Samurott","Unovan",NA,3,NA,NA
"Oshawott","Second","Oshawott",NA,NA,"Samurott","Hisuian",NA,3,NA,NA
"Lillipup","Second","Lillipup",NA,NA,"Herdier",NA,NA,2,NA,NA
"Lillipup","Second","Lillipup",NA,NA,"Stoutland",NA,NA,3,NA,NA
"Pidove","Second","Pidove",NA,NA,"Tranquill",NA,NA,2,NA,NA
"Pidove","Second","Pidove",NA,NA,"Unfezant",NA,NA,3,NA,NA
"Roggenrola","Second","Roggenrola",NA,NA,"Boldore",NA,NA,2,NA,NA
"Roggenrola","Second","Roggenrola",NA,NA,"Gigalith",NA,NA,3,NA,NA
"Timburr","Second","Timburr",NA,NA,"Gurdurr",NA,NA,2,NA,NA
"Timburr","Second","Timburr",NA,NA,"Conkeldurr",NA,NA,3,NA,NA
"Tympole","Second","Tympole",NA,NA,"Palpitoad",NA,NA,2,NA,NA
"Tympole","Second","Tympole",NA,NA,"Seismitoad",NA,NA,3,NA,NA
"Sewaddle","Second","Sewaddle",NA,NA,"Swadloon",NA,NA,2,NA,NA
"Sewaddle","Second","Sewaddle",NA,NA,"Leavanny",NA,NA,3,NA,NA
"Venipede","Second","Venipede",NA,NA,"Whirlipede",NA,NA,2,NA,NA
"Venipede","Second","Venipede",NA,NA,"Scolipede",NA,NA,3,NA,NA
"Sandile","Second","Sandile",NA,NA,"Krokorok",NA,NA,2,NA,NA
"Sandile","Second","Sandile",NA,NA,"Krookodile",NA,NA,3,NA,NA
"Gothita","Second","Gothita",NA,NA,"Gothorita",NA,NA,2,NA,NA
"Gothita","Second","Gothita",NA,NA,"Gothitelle",NA,NA,3,NA,NA
"Solosis","Second","Solosis",NA,NA,"Duosion",NA,NA,2,NA,NA
"Solosis","Second","Solosis",NA,NA,"Reuniclus",NA,NA,3,NA,NA
"Vanillite","Second","Vanillite",NA,NA,"Vanillish",NA,NA,2,NA,NA
"Vanillite","Second","Vanillite",NA,NA,"Vanilluxe",NA,NA,3,NA,NA
"Klink","Second","Klink",NA,NA,"Klang",NA,NA,2,NA,NA
"Klink","Second","Klink",NA,NA,"Klinklang",NA,NA,3,NA,NA
"Tynamo","Second","Tynamo",NA,NA,"Eelektrik",NA,NA,2,NA,NA
"Tynamo","Second","Tynamo",NA,NA,"Eelektross",NA,NA,3,NA,NA
"Litwick","Second","Litwick",NA,NA,"Lampent",NA,NA,2,NA,NA
"Litwick","Second","Litwick",NA,NA,"Chandelure",NA,NA,3,NA,NA
"Axew","Second","Axew",NA,NA,"Fraxure",NA,NA,2,NA,NA
"Axew","Second","Axew",NA,NA,"Haxorus",NA,NA,3,NA,NA
"Pawniard","Second","Pawniard",NA,NA,"Bisharp",NA,NA,2,NA,NA
"Pawniard","Second","Pawniard",NA,NA,"Kingambit",NA,NA,3,NA,NA
"Deino","Second","Deino",NA,NA,"Zweilous",NA,NA,2,NA,NA
"Deino","Second","Deino",NA,NA,"Hydreigon",NA,NA,3,NA,NA
"Chespin","Second","Chespin",NA,NA,"Quilladin",NA,NA,2,NA,NA
"Chespin","Second","Chespin",NA,NA,"Chesnaught",NA,NA,3,NA,NA
"Fennekin","Second","Fennekin",NA,NA,"Braixen",NA,NA,2,NA,NA
"Fennekin","Second","Fennekin",NA,NA,"Delphox",NA,NA,3,NA,NA
"Froakie","Second","Froakie",NA,NA,"Frogadier",NA,NA,2,NA,NA
"Froakie","Second","Froakie",NA,NA,"Greninja",NA,NA,3,NA,NA
"Fletchling","Second","Fletchling",NA,NA,"Fletchinder",NA,NA,2,NA,NA
"Fletchling","Second","Fletchling",NA,NA,"Talonflame",NA,NA,3,NA,NA
"Scatterbug","Second","Scatterbug",NA,NA,"Spewpa",NA,NA,2,NA,NA
"Scatterbug","Second","Scatterbug",NA,NA,"Vivillon",NA,NA,3,NA,NA
"Flabébé","Second","Flabébé",NA,NA,"Floette",NA,NA,2,NA,NA
"Flabébé","Second","Flabébé",NA,NA,"Florges",NA,NA,3,NA,NA
"Honedge","Second","Honedge",NA,NA,"Doublade",NA,NA,2,NA,NA
"Honedge","Second","Honedge",NA,NA,"Aegislash",NA,NA,3,NA,NA
"Goomy","Second","Goomy",NA,NA,"Sliggoo",NA,"Kalosian",2,NA,NA
"Goomy","Second","Goomy",NA,NA,"Goodra","Kalosian",NA,3,NA,NA
"Goomy","Second","Goomy",NA,NA,"Sliggoo",NA,"Hisuian",2,NA,NA
"Goomy","Second","Goomy",NA,NA,"Goodra","Hisuian",NA,3,NA,NA
"Rowlet","Second","Rowlet",NA,NA,"Dartrix",NA,NA,2,NA,NA
"Rowlet","Second","Rowlet",NA,NA,"Decidueye","Alolan",NA,3,NA,NA
"Rowlet","Second","Rowlet",NA,NA,"Decidueye","Hisuian",NA,3,NA,NA
"Litten","Second","Litten",NA,NA,"Torracat",NA,NA,2,NA,NA
"Litten","Second","Litten",NA,NA,"Incineroar",NA,NA,3,NA,NA
"Popplio","Second","Popplio",NA,NA,"Brionne",NA,NA,2,NA,NA
"Popplio","Second","Popplio",NA,NA,"Primarina",NA,NA,3,NA,NA
"Pikipek","Second","Pikipek",NA,NA,"Trumbeak",NA,NA,2,NA,NA
"Pikipek","Second","Pikipek",NA,NA,"Toucannon",NA,NA,3,NA,NA
"Grubbin","Second","Grubbin",NA,NA,"Charjabug",NA,NA,2,NA,NA
"Grubbin","Second","Grubbin",NA,NA,"Vikavolt",NA,NA,3,NA,NA
"Bounsweet","Second","Bounsweet",NA,NA,"Steenee",NA,NA,2,NA,NA
"Bounsweet","Second","Bounsweet",NA,NA,"Tsareena",NA,NA,3,NA,NA
"Jangmo-o","Second","Jangmo-o",NA,NA,"Hakamo-o",NA,NA,2,NA,NA
"Jangmo-o","Second","Jangmo-o",NA,NA,"Kommo-o",NA,NA,3,NA,NA
"Cosmog","Second","Cosmog",NA,NA,"Cosmoem",NA,NA,2,NA,NA
"Cosmog","Second","Cosmog",NA,NA,"Solgaleo",NA,NA,3,"Light trio","trios"
"Cosmog","Second","Cosmog",NA,NA,"Lunala",NA,NA,3,"Light trio","trios"
"Grookey","Second","Grookey",NA,NA,"Thwackey",NA,NA,2,NA,NA
"Grookey","Second","Grookey",NA,NA,"Rillaboom",NA,NA,3,NA,NA
"Scorbunny","Second","Scorbunny",NA,NA,"Raboot",NA,NA,2,NA,NA
"Scorbunny","Second","Scorbunny",NA,NA,"Cinderace",NA,NA,3,NA,NA
"Sobble","Second","Sobble",NA,NA,"Drizzile",NA,NA,2,NA,NA
"Sobble","Second","Sobble",NA,NA,"Inteleon",NA,NA,3,NA,NA
"Rookidee","Second","Rookidee",NA,NA,"Corvisquire",NA,NA,2,NA,NA
"Rookidee","Second","Rookidee",NA,NA,"Corviknight",NA,NA,3,NA,NA
"Blipbug","Second","Blipbug",NA,NA,"Dottler",NA,NA,2,NA,NA
"Blipbug","Second","Blipbug",NA,NA,"Orbeetle",NA,NA,3,NA,NA
"Rolycoly","Second","Rolycoly",NA,NA,"Carkol",NA,NA,2,NA,NA
"Rolycoly","Second","Rolycoly",NA,NA,"Coalossal",NA,NA,3,NA,NA
"Applin","Second","Applin",NA,NA,"Dipplin",NA,NA,2,NA,NA
"Applin","Second","Applin",NA,NA,"Hydrapple",NA,NA,3,NA,NA
"Hatenna","Second","Hatenna",NA,NA,"Hattrem",NA,NA,2,NA,NA
"Hatenna","Second","Hatenna",NA,NA,"Hatterene",NA,NA,3,NA,NA
"Impidimp","Second","Impidimp",NA,NA,"Morgrem",NA,NA,2,NA,NA
"Impidimp","Second","Impidimp",NA,NA,"Grimmsnarl",NA,NA,3,NA,NA
"Dreepy","Second","Dreepy",NA,NA,"Drakloak",NA,NA,2,NA,NA
"Dreepy","Second","Dreepy",NA,NA,"Dragapult",NA,NA,3,NA,NA
"Sprigatito","Second","Sprigatito",NA,NA,"Floragato",NA,NA,2,NA,NA
"Sprigatito","Second","Sprigatito",NA,NA,"Meowscarada",NA,NA,3,NA,NA
"Fuecoco","Second","Fuecoco",NA,NA,"Crocalor",NA,NA,2,NA,NA
"Fuecoco","Second","Fuecoco",NA,NA,"Skeledirge",NA,NA,3,NA,NA
"Quaxly","Second","Quaxly",NA,NA,"Quaxwell",NA,NA,2,NA,NA
"Quaxly","Second","Quaxly",NA,NA,"Quaquaval",NA,NA,3,NA,NA
"Pawmi","Second","Pawmi",NA,NA,"Pawmo",NA,NA,2,NA,NA
"Pawmi","Second","Pawmi",NA,NA,"Pawmot",NA,NA,3,NA,NA
"Smoliv","Second","Smoliv",NA,NA,"Dolliv",NA,NA,2,NA,NA
"Smoliv","Second","Smoliv",NA,NA,"Arboliva",NA,NA,3,NA,NA
"Nacli","Second","Nacli",NA,NA,"Naclstack",NA,NA,2,NA,NA
"Nacli","Second","Nacli",NA,NA,"Garganacl",NA,NA,3,NA,NA
"Tinkatink","Second","Tinkatink",NA,NA,"Tinkatuff",NA,NA,2,NA,NA
"Tinkatink","Second","Tinkatink",NA,NA,"Tinkaton",NA,NA,3,NA,NA
"Frigibax","Second","Frigibax",NA,NA,"Arctibax",NA,NA,2,NA,NA
"Frigibax","Second","Frigibax",NA,NA,"Baxcalibur",NA,NA,3,NA,NA
"Unown","None","Unown A",NA,NA,"Unown A",NA,NA,0,NA,NA
"Unown","None","Unown B",NA,NA,"Unown B",NA,NA,0,NA,NA
"Unown","None","Unown C",NA,NA,"Unown C",NA,NA,0,NA,NA
"Unown","None","Unown D",NA,NA,"Unown D",NA,NA,0,NA,NA
"Unown","None","Unown E",NA,NA,"Unown E",NA,NA,0,NA,NA
"Unown","None","Unown F",NA,NA,"Unown F",NA,NA,0,NA,NA
"Unown","None","Unown G",NA,NA,"Unown G",NA,NA,0,NA,NA
"Unown","None","Unown H",NA,NA,"Unown H",NA,NA,0,NA,NA
"Unown","None","Unown I",NA,NA,"Unown I",NA,NA,0,NA,NA
"Unown","None","Unown J",NA,NA,"Unown J",NA,NA,0,NA,NA
"Unown","None","Unown A",NA,NA,"Unown K",NA,NA,0,NA,NA
"Unown","None","Unown B",NA,NA,"Unown L",NA,NA,0,NA,NA
"Unown","None","Unown C",NA,NA,"Unown M",NA,NA,0,NA,NA
"Unown","None","Unown D",NA,NA,"Unown N",NA,NA,0,NA,NA
"Unown","None","Unown E",NA,NA,"Unown O",NA,NA,0,NA,NA
"Unown","None","Unown F",NA,NA,"Unown P",NA,NA,0,NA,NA
"Unown","None","Unown G",NA,NA,"Unown Q",NA,NA,0,NA,NA
"Unown","None","Unown H",NA,NA,"Unown R",NA,NA,0,NA,NA
"Unown","None","Unown I",NA,NA,"Unown S",NA,NA,0,NA,NA
"Unown","None","Unown J",NA,NA,"Unown T",NA,NA,0,NA,NA
"Unown","None","Unown A",NA,NA,"Unown U",NA,NA,0,NA,NA
"Unown","None","Unown B",NA,NA,"Unown V",NA,NA,0,NA,NA
"Unown","None","Unown C",NA,NA,"Unown W",NA,NA,0,NA,NA
"Unown","None","Unown D",NA,NA,"Unown X",NA,NA,0,NA,NA
"Unown","None","Unown E",NA,NA,"Unown Y",NA,NA,0,NA,NA
"Unown","None","Unown F",NA,NA,"Unown Z",NA,NA,0,NA,NA
"Unown","None","Unown G",NA,NA,"Unown !",NA,NA,0,NA,NA
"Unown","None","Unown H",NA,NA,"Unown ?",NA,NA,0,NA,NA
