"name","form","ft","m","inch","smallest","bigest","regional","MegaOrPrimal"
"Joltik",NA,"0'04""",0.1,4,1,1201,NA,NA
"Flabébé",NA,"0'04""",0.1,4,2,1200,NA,NA
"Cutiefly",NA,"0'04""",0.1,4,3,1199,NA,NA
"Comfey",NA,"0'04""",0.1,4,4,1198,NA,NA
"Cosmoem",NA,"0'04""",0.1,4,5,1197,NA,NA
"Sinistea",NA,"0'04""",0.1,4,6,1196,NA,NA
"Gimmighoul","Roaming Form","0'04""",0.1,4,7,1195,NA,NA
"Poltchageist",NA,"0'04""",0.1,4,8,1194,NA,NA
"Diglett",NA,"0'08""",0.2,8,9,1193,NA,NA
"Diglett",NA,"0'08""",0.2,8,10,1192,"Alolan",NA
"Natu",NA,"0'08""",0.2,8,11,1191,NA,NA
"Azurill",NA,"0'08""",0.2,8,12,1190,NA,NA
"Budew",NA,"0'08""",0.2,8,13,1189,NA,NA
"Burmy",NA,"0'08""",0.2,8,14,1188,NA,NA
"Chingling",NA,"0'08""",0.2,8,15,1187,NA,NA
"Shaymin","Land Forme","0'08""",0.2,8,16,1186,NA,NA
"Foongus",NA,"0'08""",0.2,8,17,1185,NA,NA
"Tynamo",NA,"0'08""",0.2,8,18,1184,NA,NA
"Floette",NA,"0'08""",0.2,8,19,1183,NA,NA
"Spritzee",NA,"0'08""",0.2,8,20,1182,NA,NA
"Dedenne",NA,"0'08""",0.2,8,21,1181,NA,NA
"Klefki",NA,"0'08""",0.2,8,22,1180,NA,NA
"Ribombee",NA,"0'08""",0.2,8,23,1179,NA,NA
"Wishiwashi","Solo Form","0'08""",0.2,8,24,1178,NA,NA
"Morelull",NA,"0'08""",0.2,8,25,1177,NA,NA
"Mimikyu",NA,"0'08""",0.2,8,26,1176,NA,NA
"Cosmog",NA,"0'08""",0.2,8,27,1175,NA,NA
"Meltan",NA,"0'08""",0.2,8,28,1174,NA,NA
"Rookidee",NA,"0'08""",0.2,8,29,1173,NA,NA
"Applin",NA,"0'08""",0.2,8,30,1172,NA,NA
"Polteageist",NA,"0'08""",0.2,8,31,1171,NA,NA
"Milcery",NA,"0'08""",0.2,8,32,1170,NA,NA
"Nymble",NA,"0'08""",0.2,8,33,1169,NA,NA
"Shroodle",NA,"0'08""",0.2,8,34,1168,NA,NA
"Rellor",NA,"0'08""",0.2,8,35,1167,NA,NA
"Flittle",NA,"0'08""",0.2,8,36,1166,NA,NA
"Sinistcha",NA,"0'08""",0.2,8,37,1165,NA,NA
"Terapagos","Normal Form","0'08""",0.2,8,38,1164,NA,NA
"Caterpie",NA,"1'00""",0.3,12,39,1163,NA,NA
"Weedle",NA,"1'00""",0.3,12,40,1162,NA,NA
"Pidgey",NA,"1'00""",0.3,12,41,1161,NA,NA
"Rattata",NA,"1'00""",0.3,12,42,1160,NA,NA
"Rattata",NA,"1'00""",0.3,12,43,1159,"Alolan",NA
"Spearow",NA,"1'00""",0.3,12,44,1158,NA,NA
"Paras",NA,"1'00""",0.3,12,45,1157,NA,NA
"Magnemite",NA,"1'00""",0.3,12,46,1156,NA,NA
"Shellder",NA,"1'00""",0.3,12,47,1155,NA,NA
"Ditto",NA,"1'00""",0.3,12,48,1154,NA,NA
"Eevee",NA,"1'00""",0.3,12,49,1153,NA,NA
"Pichu",NA,"1'00""",0.3,12,50,1152,NA,NA
"Cleffa",NA,"1'00""",0.3,12,51,1151,NA,NA
"Igglybuff",NA,"1'00""",0.3,12,52,1150,NA,NA
"Togepi",NA,"1'00""",0.3,12,53,1149,NA,NA
"Sunkern",NA,"1'00""",0.3,12,54,1148,NA,NA
"Wurmple",NA,"1'00""",0.3,12,55,1147,NA,NA
"Taillow",NA,"1'00""",0.3,12,56,1146,NA,NA
"Roselia",NA,"1'00""",0.3,12,57,1145,NA,NA
"Castform",NA,"1'00""",0.3,12,58,1144,NA,NA
"Castform","Sunny Form","1'00""",0.3,12,59,1143,NA,NA
"Castform","Rainy Form","1'00""",0.3,12,60,1142,NA,NA
"Castform","Snowy Form","1'00""",0.3,12,61,1141,NA,NA
"Jirachi",NA,"1'00""",0.3,12,62,1140,NA,NA
"Starly",NA,"1'00""",0.3,12,63,1139,NA,NA
"Kricketot",NA,"1'00""",0.3,12,64,1138,NA,NA
"Combee",NA,"1'00""",0.3,12,65,1137,NA,NA
"Shellos",NA,"1'00""",0.3,12,66,1136,NA,NA
"Rotom",NA,"1'00""",0.3,12,67,1135,NA,NA
"Uxie",NA,"1'00""",0.3,12,68,1134,NA,NA
"Mesprit",NA,"1'00""",0.3,12,69,1133,NA,NA
"Azelf",NA,"1'00""",0.3,12,70,1132,NA,NA
"Manaphy",NA,"1'00""",0.3,12,71,1131,NA,NA
"Pidove",NA,"1'00""",0.3,12,72,1130,NA,NA
"Drilbur",NA,"1'00""",0.3,12,73,1129,NA,NA
"Sewaddle",NA,"1'00""",0.3,12,74,1128,NA,NA
"Cottonee",NA,"1'00""",0.3,12,75,1127,NA,NA
"Dwebble",NA,"1'00""",0.3,12,76,1126,NA,NA
"Solosis",NA,"1'00""",0.3,12,77,1125,NA,NA
"Klink",NA,"1'00""",0.3,12,78,1124,NA,NA
"Litwick",NA,"1'00""",0.3,12,79,1123,NA,NA
"Durant",NA,"1'00""",0.3,12,80,1122,NA,NA
"Froakie",NA,"1'00""",0.3,12,81,1121,NA,NA
"Fletchling",NA,"1'00""",0.3,12,82,1120,NA,NA
"Scatterbug",NA,"1'00""",0.3,12,83,1119,NA,NA
"Spewpa",NA,"1'00""",0.3,12,84,1118,NA,NA
"Espurr",NA,"1'00""",0.3,12,85,1117,NA,NA
"Carbink",NA,"1'00""",0.3,12,86,1116,NA,NA
"Goomy",NA,"1'00""",0.3,12,87,1115,NA,NA
"Pumpkaboo","Small Size","1'00""",0.3,12,88,1114,NA,NA
"Rowlet",NA,"1'00""",0.3,12,89,1113,NA,NA
"Pikipek",NA,"1'00""",0.3,12,90,1112,NA,NA
"Dewpider",NA,"1'00""",0.3,12,91,1111,NA,NA
"Fomantis",NA,"1'00""",0.3,12,92,1110,NA,NA
"Bounsweet",NA,"1'00""",0.3,12,93,1109,NA,NA
"Pyukumuku",NA,"1'00""",0.3,12,94,1108,NA,NA
"Minior",NA,"1'00""",0.3,12,95,1107,NA,NA
"Togedemaru",NA,"1'00""",0.3,12,96,1106,NA,NA
"Kartana",NA,"1'00""",0.3,12,97,1105,NA,NA
"Grookey",NA,"1'00""",0.3,12,98,1104,NA,NA
"Scorbunny",NA,"1'00""",0.3,12,99,1103,NA,NA
"Sobble",NA,"1'00""",0.3,12,100,1102,NA,NA
"Skwovet",NA,"1'00""",0.3,12,101,1101,NA,NA
"Chewtle",NA,"1'00""",0.3,12,102,1100,NA,NA
"Yamper",NA,"1'00""",0.3,12,103,1099,NA,NA
"Rolycoly",NA,"1'00""",0.3,12,104,1098,NA,NA
"Flapple",NA,"1'00""",0.3,12,105,1097,NA,NA
"Alcremie",NA,"1'00""",0.3,12,106,1096,NA,NA
"Pincurchin",NA,"1'00""",0.3,12,107,1095,NA,NA
"Snom",NA,"1'00""",0.3,12,108,1094,NA,NA
"Morpeko",NA,"1'00""",0.3,12,109,1093,NA,NA
"Tarountula",NA,"1'00""",0.3,12,110,1092,NA,NA
"Pawmi",NA,"1'00""",0.3,12,111,1091,NA,NA
"Tandemaus",NA,"1'00""",0.3,12,112,1090,NA,NA
"Maushold",NA,"1'00""",0.3,12,113,1089,NA,NA
"Fidough",NA,"1'00""",0.3,12,114,1088,NA,NA
"Smoliv",NA,"1'00""",0.3,12,115,1087,NA,NA
"Tadbulb",NA,"1'00""",0.3,12,116,1086,NA,NA
"Capsakid",NA,"1'00""",0.3,12,117,1085,NA,NA
"Rabsca",NA,"1'00""",0.3,12,118,1084,NA,NA
"Tatsugiri",NA,"1'00""",0.3,12,119,1083,NA,NA
"Gimmighoul","Chest Form","1'00""",0.3,12,120,1082,NA,NA
"Terapagos","Terastal Form","1'00""",0.3,12,121,1081,NA,NA
"Pecharunt",NA,"1'00""",0.3,12,122,1080,NA,NA
"Pikachu",NA,"1'04""",0.4,16,123,1079,NA,NA
"Nidoran♀",NA,"1'04""",0.4,16,124,1078,NA,NA
"Meowth",NA,"1'04""",0.4,16,125,1077,NA,NA
"Meowth",NA,"1'04""",0.4,16,126,1076,"Alolan",NA
"Meowth",NA,"1'04""",0.4,16,127,1075,"Galarian",NA
"Geodude",NA,"1'04""",0.4,16,128,1074,NA,NA
"Geodude",NA,"1'04""",0.4,16,129,1073,"Alolan",NA
"Krabby",NA,"1'04""",0.4,16,130,1072,NA,NA
"Exeggcute",NA,"1'04""",0.4,16,131,1071,NA,NA
"Cubone",NA,"1'04""",0.4,16,132,1070,NA,NA
"Horsea",NA,"1'04""",0.4,16,133,1069,NA,NA
"Omanyte",NA,"1'04""",0.4,16,134,1068,NA,NA
"Mew",NA,"1'04""",0.4,16,135,1067,NA,NA
"Bellossom",NA,"1'04""",0.4,16,136,1066,NA,NA
"Marill",NA,"1'04""",0.4,16,137,1065,NA,NA
"Hoppip",NA,"1'04""",0.4,16,138,1064,NA,NA
"Wooper",NA,"1'04""",0.4,16,139,1063,NA,NA
"Wooper",NA,"1'04""",0.4,16,140,1062,"Paldean",NA
"Swinub",NA,"1'04""",0.4,16,141,1061,NA,NA
"Smoochum",NA,"1'04""",0.4,16,142,1060,NA,NA
"Torchic",NA,"1'04""",0.4,16,143,1059,NA,NA
"Mudkip",NA,"1'04""",0.4,16,144,1058,NA,NA
"Zigzagoon",NA,"1'04""",0.4,16,145,1057,NA,NA
"Zigzagoon",NA,"1'04""",0.4,16,146,1056,"Galarian",NA
"Ralts",NA,"1'04""",0.4,16,147,1055,NA,NA
"Shroomish",NA,"1'04""",0.4,16,148,1054,NA,NA
"Aron",NA,"1'04""",0.4,16,149,1053,NA,NA
"Plusle",NA,"1'04""",0.4,16,150,1052,NA,NA
"Minun",NA,"1'04""",0.4,16,151,1051,NA,NA
"Gulpin",NA,"1'04""",0.4,16,152,1050,NA,NA
"Cacnea",NA,"1'04""",0.4,16,153,1049,NA,NA
"Swablu",NA,"1'04""",0.4,16,154,1048,NA,NA
"Barboach",NA,"1'04""",0.4,16,155,1047,NA,NA
"Clamperl",NA,"1'04""",0.4,16,156,1046,NA,NA
"Turtwig",NA,"1'04""",0.4,16,157,1045,NA,NA
"Piplup",NA,"1'04""",0.4,16,158,1044,NA,NA
"Pachirisu",NA,"1'04""",0.4,16,159,1043,NA,NA
"Cherubi",NA,"1'04""",0.4,16,160,1042,NA,NA
"Drifloon",NA,"1'04""",0.4,16,161,1041,NA,NA
"Buneary",NA,"1'04""",0.4,16,162,1040,NA,NA
"Stunky",NA,"1'04""",0.4,16,163,1039,NA,NA
"Finneon",NA,"1'04""",0.4,16,164,1038,NA,NA
"Phione",NA,"1'04""",0.4,16,165,1037,NA,NA
"Shaymin","Sky Forme","1'04""",0.4,16,166,1036,NA,NA
"Victini",NA,"1'04""",0.4,16,167,1035,NA,NA
"Lillipup",NA,"1'04""",0.4,16,168,1034,NA,NA
"Purrloin",NA,"1'04""",0.4,16,169,1033,NA,NA
"Roggenrola",NA,"1'04""",0.4,16,170,1032,NA,NA
"Woobat",NA,"1'04""",0.4,16,171,1031,NA,NA
"Venipede",NA,"1'04""",0.4,16,172,1030,NA,NA
"Minccino",NA,"1'04""",0.4,16,173,1029,NA,NA
"Gothita",NA,"1'04""",0.4,16,174,1028,NA,NA
"Vanillite",NA,"1'04""",0.4,16,175,1027,NA,NA
"Emolga",NA,"1'04""",0.4,16,176,1026,NA,NA
"Shelmet",NA,"1'04""",0.4,16,177,1025,NA,NA
"Chespin",NA,"1'04""",0.4,16,178,1024,NA,NA
"Fennekin",NA,"1'04""",0.4,16,179,1023,NA,NA
"Bunnelby",NA,"1'04""",0.4,16,180,1022,NA,NA
"Swirlix",NA,"1'04""",0.4,16,181,1021,NA,NA
"Inkay",NA,"1'04""",0.4,16,182,1020,NA,NA
"Phantump",NA,"1'04""",0.4,16,183,1019,NA,NA
"Pumpkaboo","Average Size","1'04""",0.4,16,184,1018,NA,NA
"Litten",NA,"1'04""",0.4,16,185,1017,NA,NA
"Popplio",NA,"1'04""",0.4,16,186,1016,NA,NA
"Yungoos",NA,"1'04""",0.4,16,187,1015,NA,NA
"Grubbin",NA,"1'04""",0.4,16,188,1014,NA,NA
"Ribombee","Totem-sized","1'04""",0.4,16,189,1013,NA,NA
"Mareanie",NA,"1'04""",0.4,16,190,1012,NA,NA
"Komala",NA,"1'04""",0.4,16,191,1011,NA,NA
"Mimikyu","Totem-sized","1'04""",0.4,16,192,1010,NA,NA
"Blipbug",NA,"1'04""",0.4,16,193,1009,NA,NA
"Dottler",NA,"1'04""",0.4,16,194,1008,NA,NA
"Orbeetle",NA,"1'04""",0.4,16,195,1007,NA,NA
"Gossifleur",NA,"1'04""",0.4,16,196,1006,NA,NA
"Appletun",NA,"1'04""",0.4,16,197,1005,NA,NA
"Toxel",NA,"1'04""",0.4,16,198,1004,NA,NA
"Hatenna",NA,"1'04""",0.4,16,199,1003,NA,NA
"Impidimp",NA,"1'04""",0.4,16,200,1002,NA,NA
"Sprigatito",NA,"1'04""",0.4,16,201,1001,NA,NA
"Fuecoco",NA,"1'04""",0.4,16,202,1000,NA,NA
"Pawmo",NA,"1'04""",0.4,16,203,999,NA,NA
"Nacli",NA,"1'04""",0.4,16,204,998,NA,NA
"Wattrel",NA,"1'04""",0.4,16,205,997,NA,NA
"Tinkatink",NA,"1'04""",0.4,16,206,996,NA,NA
"Chi-Yu",NA,"1'04""",0.4,16,207,995,NA,NA
"Dipplin",NA,"1'04""",0.4,16,208,994,NA,NA
"Squirtle",NA,"1'08""",0.5,20,209,993,NA,NA
"Nidoran♂",NA,"1'08""",0.5,20,210,992,NA,NA
"Jigglypuff",NA,"1'08""",0.5,20,211,991,NA,NA
"Oddish",NA,"1'08""",0.5,20,212,990,NA,NA
"Mankey",NA,"1'08""",0.5,20,213,989,NA,NA
"Voltorb",NA,"1'08""",0.5,20,214,988,NA,NA
"Voltorb",NA,"1'08""",0.5,20,215,987,"Hisuian",NA
"Kabuto",NA,"1'08""",0.5,20,216,986,NA,NA
"Cyndaquil",NA,"1'08""",0.5,20,217,985,NA,NA
"Spinarak",NA,"1'08""",0.5,20,218,984,NA,NA
"Chinchou",NA,"1'08""",0.5,20,219,983,NA,NA
"Murkrow",NA,"1'08""",0.5,20,220,982,NA,NA
"Unown",NA,"1'08""",0.5,20,221,981,NA,NA
"Qwilfish",NA,"1'08""",0.5,20,222,980,NA,NA
"Qwilfish",NA,"1'08""",0.5,20,223,979,"Hisuian",NA
"Phanpy",NA,"1'08""",0.5,20,224,978,NA,NA
"Treecko",NA,"1'08""",0.5,20,225,977,NA,NA
"Poochyena",NA,"1'08""",0.5,20,226,976,NA,NA
"Linoone",NA,"1'08""",0.5,20,227,975,NA,NA
"Linoone",NA,"1'08""",0.5,20,228,974,"Galarian",NA
"Lotad",NA,"1'08""",0.5,20,229,973,NA,NA
"Seedot",NA,"1'08""",0.5,20,230,972,NA,NA
"Surskit",NA,"1'08""",0.5,20,231,971,NA,NA
"Nincada",NA,"1'08""",0.5,20,232,970,NA,NA
"Sableye",NA,"1'08""",0.5,20,233,969,NA,NA
"Sableye",NA,"1'08""",0.5,20,234,968,NA,"Mega"
"Torkoal",NA,"1'08""",0.5,20,235,967,NA,NA
"Baltoy",NA,"1'08""",0.5,20,236,966,NA,NA
"Chimchar",NA,"1'08""",0.5,20,237,965,NA,NA
"Bidoof",NA,"1'08""",0.5,20,238,964,NA,NA
"Shinx",NA,"1'08""",0.5,20,239,963,NA,NA
"Shieldon",NA,"1'08""",0.5,20,240,962,NA,NA
"Wormadam","Plant Cloak","1'08""",0.5,20,241,961,NA,NA
"Wormadam","Sandy Cloak","1'08""",0.5,20,242,960,NA,NA
"Wormadam","Trash Cloak","1'08""",0.5,20,243,959,NA,NA
"Cherrim",NA,"1'08""",0.5,20,244,958,NA,NA
"Glameow",NA,"1'08""",0.5,20,245,957,NA,NA
"Bronzor",NA,"1'08""",0.5,20,246,956,NA,NA
"Bonsly",NA,"1'08""",0.5,20,247,955,NA,NA
"Chatot",NA,"1'08""",0.5,20,248,954,NA,NA
"Tepig",NA,"1'08""",0.5,20,249,953,NA,NA
"Oshawott",NA,"1'08""",0.5,20,250,952,NA,NA
"Patrat",NA,"1'08""",0.5,20,251,951,NA,NA
"Tympole",NA,"1'08""",0.5,20,252,950,NA,NA
"Swadloon",NA,"1'08""",0.5,20,253,949,NA,NA
"Petilil",NA,"1'08""",0.5,20,254,948,NA,NA
"Yamask",NA,"1'08""",0.5,20,255,947,NA,NA
"Yamask",NA,"1'08""",0.5,20,256,946,"Galarian",NA
"Archen",NA,"1'08""",0.5,20,257,945,NA,NA
"Cinccino",NA,"1'08""",0.5,20,258,944,NA,NA
"Ducklett",NA,"1'08""",0.5,20,259,943,NA,NA
"Karrablast",NA,"1'08""",0.5,20,260,942,NA,NA
"Elgyem",NA,"1'08""",0.5,20,261,941,NA,NA
"Cubchoo",NA,"1'08""",0.5,20,262,940,NA,NA
"Pawniard",NA,"1'08""",0.5,20,263,939,NA,NA
"Rufflet",NA,"1'08""",0.5,20,264,938,NA,NA
"Vullaby",NA,"1'08""",0.5,20,265,937,NA,NA
"Binacle",NA,"1'08""",0.5,20,266,936,NA,NA
"Skrelp",NA,"1'08""",0.5,20,267,935,NA,NA
"Clauncher",NA,"1'08""",0.5,20,268,934,NA,NA
"Helioptile",NA,"1'08""",0.5,20,269,933,NA,NA
"Pumpkaboo","Large Size","1'08""",0.5,20,270,932,NA,NA
"Noibat",NA,"1'08""",0.5,20,271,931,NA,NA
"Hoopa Confined",NA,"1'08""",0.5,20,272,930,NA,NA
"Charjabug",NA,"1'08""",0.5,20,273,929,NA,NA
"Rockruff",NA,"1'08""",0.5,20,274,928,NA,NA
"Stufful",NA,"1'08""",0.5,20,275,927,NA,NA
"Wimpod",NA,"1'08""",0.5,20,276,926,NA,NA
"Sandygast",NA,"1'08""",0.5,20,277,925,NA,NA
"Eldegoss",NA,"1'08""",0.5,20,278,924,NA,NA
"Arrokuda",NA,"1'08""",0.5,20,279,923,NA,NA
"Dreepy",NA,"1'08""",0.5,20,280,922,NA,NA
"Quaxly",NA,"1'08""",0.5,20,281,921,NA,NA
"Lechonk",NA,"1'08""",0.5,20,282,920,NA,NA
"Dachsbun",NA,"1'08""",0.5,20,283,919,NA,NA
"Maschiff",NA,"1'08""",0.5,20,284,918,NA,NA
"Frigibax",NA,"1'08""",0.5,20,285,917,NA,NA
"Charmander",NA,"2'00""",0.6,24,286,916,NA,NA
"Kakuna",NA,"2'00""",0.6,24,287,915,NA,NA
"Sandshrew",NA,"2'00""",0.6,24,288,914,NA,NA
"Clefairy",NA,"2'00""",0.6,24,289,913,NA,NA
"Vulpix",NA,"2'00""",0.6,24,290,912,NA,NA
"Vulpix",NA,"2'00""",0.6,24,291,911,"Alolan",NA
"Poliwag",NA,"2'00""",0.6,24,292,910,NA,NA
"Koffing",NA,"2'00""",0.6,24,293,909,NA,NA
"Goldeen",NA,"2'00""",0.6,24,294,908,NA,NA
"Totodile",NA,"2'00""",0.6,24,295,907,NA,NA
"Togetic",NA,"2'00""",0.6,24,296,906,NA,NA
"Mareep",NA,"2'00""",0.6,24,297,905,NA,NA
"Skiploom",NA,"2'00""",0.6,24,298,904,NA,NA
"Pineco",NA,"2'00""",0.6,24,299,903,NA,NA
"Snubbull",NA,"2'00""",0.6,24,300,902,NA,NA
"Shuckle",NA,"2'00""",0.6,24,301,901,NA,NA
"Teddiursa",NA,"2'00""",0.6,24,302,900,NA,NA
"Corsola",NA,"2'00""",0.6,24,303,899,NA,NA
"Corsola",NA,"2'00""",0.6,24,304,898,"Galarian",NA
"Remoraid",NA,"2'00""",0.6,24,305,897,NA,NA
"Houndour",NA,"2'00""",0.6,24,306,896,NA,NA
"Porygon2",NA,"2'00""",0.6,24,307,895,NA,NA
"Elekid",NA,"2'00""",0.6,24,308,894,NA,NA
"Larvitar",NA,"2'00""",0.6,24,309,893,NA,NA
"Celebi",NA,"2'00""",0.6,24,310,892,NA,NA
"Silcoon",NA,"2'00""",0.6,24,311,891,NA,NA
"Wingull",NA,"2'00""",0.6,24,312,890,NA,NA
"Whismur",NA,"2'00""",0.6,24,313,889,NA,NA
"Skitty",NA,"2'00""",0.6,24,314,888,NA,NA
"Mawile",NA,"2'00""",0.6,24,315,887,NA,NA
"Meditite",NA,"2'00""",0.6,24,316,886,NA,NA
"Electrike",NA,"2'00""",0.6,24,317,885,NA,NA
"Illumise",NA,"2'00""",0.6,24,318,884,NA,NA
"Corphish",NA,"2'00""",0.6,24,319,883,NA,NA
"Feebas",NA,"2'00""",0.6,24,320,882,NA,NA
"Shuppet",NA,"2'00""",0.6,24,321,881,NA,NA
"Chimecho",NA,"2'00""",0.6,24,322,880,NA,NA
"Wynaut",NA,"2'00""",0.6,24,323,879,NA,NA
"Luvdisc",NA,"2'00""",0.6,24,324,878,NA,NA
"Bagon",NA,"2'00""",0.6,24,325,877,NA,NA
"Beldum",NA,"2'00""",0.6,24,326,876,NA,NA
"Staravia",NA,"2'00""",0.6,24,327,875,NA,NA
"Mime Jr.",NA,"2'00""",0.6,24,328,874,NA,NA
"Happiny",NA,"2'00""",0.6,24,329,873,NA,NA
"Munchlax",NA,"2'00""",0.6,24,330,872,NA,NA
"Snivy",NA,"2'00""",0.6,24,331,871,NA,NA
"Pansage",NA,"2'00""",0.6,24,332,870,NA,NA
"Pansear",NA,"2'00""",0.6,24,333,869,NA,NA
"Panpour",NA,"2'00""",0.6,24,334,868,NA,NA
"Munna",NA,"2'00""",0.6,24,335,867,NA,NA
"Tranquill",NA,"2'00""",0.6,24,336,866,NA,NA
"Timburr",NA,"2'00""",0.6,24,337,865,NA,NA
"Darumaka",NA,"2'00""",0.6,24,338,864,NA,NA
"Scraggy",NA,"2'00""",0.6,24,339,863,NA,NA
"Trubbish",NA,"2'00""",0.6,24,340,862,NA,NA
"Duosion",NA,"2'00""",0.6,24,341,861,NA,NA
"Deerling",NA,"2'00""",0.6,24,342,860,NA,NA
"Amoonguss",NA,"2'00""",0.6,24,343,859,NA,NA
"Ferroseed",NA,"2'00""",0.6,24,344,858,NA,NA
"Klang",NA,"2'00""",0.6,24,345,857,NA,NA
"Klinklang",NA,"2'00""",0.6,24,346,856,NA,NA
"Lampent",NA,"2'00""",0.6,24,347,855,NA,NA
"Axew",NA,"2'00""",0.6,24,348,854,NA,NA
"Meloetta","Aria Forme","2'00""",0.6,24,349,853,NA,NA
"Meloetta","Pirouette Forme","2'00""",0.6,24,350,852,NA,NA
"Frogadier",NA,"2'00""",0.6,24,351,851,NA,NA
"Litleo",NA,"2'00""",0.6,24,352,850,NA,NA
"Pancham",NA,"2'00""",0.6,24,353,849,NA,NA
"Meowstic",NA,"2'00""",0.6,24,354,848,NA,NA
"Brionne",NA,"2'00""",0.6,24,355,847,NA,NA
"Trumbeak",NA,"2'00""",0.6,24,356,846,NA,NA
"Crabrawler",NA,"2'00""",0.6,24,357,845,NA,NA
"Oricorio","Baile Style","2'00""",0.6,24,358,844,NA,NA
"Oricorio","Pom-Pom Style","2'00""",0.6,24,359,843,NA,NA
"Oricorio","Pa'u Style","2'00""",0.6,24,360,842,NA,NA
"Oricorio","Sensu Style","2'00""",0.6,24,361,841,NA,NA
"Salandit",NA,"2'00""",0.6,24,362,840,NA,NA
"Togedemaru","Totem-sized","2'00""",0.6,24,363,839,NA,NA
"Jangmo-o",NA,"2'00""",0.6,24,364,838,NA,NA
"Poipole",NA,"2'00""",0.6,24,365,837,NA,NA
"Raboot",NA,"2'00""",0.6,24,366,836,NA,NA
"Greedent",NA,"2'00""",0.6,24,367,835,NA,NA
"Nickit",NA,"2'00""",0.6,24,368,834,NA,NA
"Wooloo",NA,"2'00""",0.6,24,369,833,NA,NA
"Clobbopus",NA,"2'00""",0.6,24,370,832,NA,NA
"Hattrem",NA,"2'00""",0.6,24,371,831,NA,NA
"Kubfu",NA,"2'00""",0.6,24,372,830,NA,NA
"Dolliv",NA,"2'00""",0.6,24,373,829,NA,NA
"Squawkabilly",NA,"2'00""",0.6,24,374,828,NA,NA
"Naclstack",NA,"2'00""",0.6,24,375,827,NA,NA
"Charcadet",NA,"2'00""",0.6,24,376,826,NA,NA
"Bramblin",NA,"2'00""",0.6,24,377,825,NA,NA
"Greavard",NA,"2'00""",0.6,24,378,824,NA,NA
"Iron Bundle",NA,"2'00""",0.6,24,379,823,NA,NA
"Bulbasaur",NA,"2'04""",0.7,28,380,822,NA,NA
"Metapod",NA,"2'04""",0.7,28,381,821,NA,NA
"Raticate",NA,"2'04""",0.7,28,382,820,NA,NA
"Raticate",NA,"2'04""",0.7,28,383,819,"Alolan",NA
"Raichu",NA,"2'04""",0.7,28,384,818,"Alolan",NA
"Sandshrew",NA,"2'04""",0.7,28,385,817,"Alolan",NA
"Dugtrio",NA,"2'04""",0.7,28,386,816,NA,NA
"Dugtrio",NA,"2'04""",0.7,28,387,815,"Alolan",NA
"Growlithe",NA,"2'04""",0.7,28,388,814,NA,NA
"Bellsprout",NA,"2'04""",0.7,28,389,813,NA,NA
"Grimer",NA,"2'04""",0.7,28,390,812,"Alolan",NA
"Hoothoot",NA,"2'04""",0.7,28,391,811,NA,NA
"Misdreavus",NA,"2'04""",0.7,28,392,810,NA,NA
"Slugma",NA,"2'04""",0.7,28,393,809,NA,NA
"Tyrogue",NA,"2'04""",0.7,28,394,808,NA,NA
"Magby",NA,"2'04""",0.7,28,395,807,NA,NA
"Marshtomp",NA,"2'04""",0.7,28,396,806,NA,NA
"Cascoon",NA,"2'04""",0.7,28,397,805,NA,NA
"Swellow",NA,"2'04""",0.7,28,398,804,NA,NA
"Volbeat",NA,"2'04""",0.7,28,399,803,NA,NA
"Numel",NA,"2'04""",0.7,28,400,802,NA,NA
"Spoink",NA,"2'04""",0.7,28,401,801,NA,NA
"Trapinch",NA,"2'04""",0.7,28,402,800,NA,NA
"Anorith",NA,"2'04""",0.7,28,403,799,NA,NA
"Snorunt",NA,"2'04""",0.7,28,404,798,NA,NA
"Buizel",NA,"2'04""",0.7,28,405,797,NA,NA
"Gible",NA,"2'04""",0.7,28,406,796,NA,NA
"Riolu",NA,"2'04""",0.7,28,407,795,NA,NA
"Croagunk",NA,"2'04""",0.7,28,408,794,NA,NA
"Excadrill",NA,"2'04""",0.7,28,409,793,NA,NA
"Whimsicott",NA,"2'04""",0.7,28,410,792,NA,NA
"Sandile",NA,"2'04""",0.7,28,411,791,NA,NA
"Darumaka",NA,"2'04""",0.7,28,412,790,"Galarian",NA
"Tirtouga",NA,"2'04""",0.7,28,413,789,NA,NA
"Zorua",NA,"2'04""",0.7,28,414,788,NA,NA
"Zorua",NA,"2'04""",0.7,28,415,787,"Hisuian",NA
"Gothorita",NA,"2'04""",0.7,28,416,786,NA,NA
"Stunfisk",NA,"2'04""",0.7,28,417,785,NA,NA
"Stunfisk",NA,"2'04""",0.7,28,418,784,"Galarian",NA
"Quilladin",NA,"2'04""",0.7,28,419,783,NA,NA
"Fletchinder",NA,"2'04""",0.7,28,420,782,NA,NA
"Sliggoo",NA,"2'04""",0.7,28,421,781,"Hisuian",NA
"Gourgeist","Small Size","2'04""",0.7,28,422,780,NA,NA
"Diancie",NA,"2'04""",0.7,28,423,779,NA,NA
"Dartrix",NA,"2'04""",0.7,28,424,778,NA,NA
"Torracat",NA,"2'04""",0.7,28,425,777,NA,NA
"Gumshoos",NA,"2'04""",0.7,28,426,776,NA,NA
"Toxapex",NA,"2'04""",0.7,28,427,775,NA,NA
"Steenee",NA,"2'04""",0.7,28,428,774,NA,NA
"Marshadow",NA,"2'04""",0.7,28,429,773,NA,NA
"Thwackey",NA,"2'04""",0.7,28,430,772,NA,NA
"Drizzile",NA,"2'04""",0.7,28,431,771,NA,NA
"Sizzlipede",NA,"2'04""",0.7,28,432,770,NA,NA
"Grafaiai",NA,"2'04""",0.7,28,433,769,NA,NA
"Tinkatuff",NA,"2'04""",0.7,28,434,768,NA,NA
"Tinkaton",NA,"2'04""",0.7,28,435,767,NA,NA
"Glimmet",NA,"2'04""",0.7,28,436,766,NA,NA
"Raichu",NA,"2'07""",0.8,31,437,765,NA,NA
"Nidorina",NA,"2'07""",0.8,31,438,764,NA,NA
"Zubat",NA,"2'07""",0.8,31,439,763,NA,NA
"Gloom",NA,"2'07""",0.8,31,440,762,NA,NA
"Psyduck",NA,"2'07""",0.8,31,441,761,NA,NA
"Growlithe",NA,"2'07""",0.8,31,442,760,"Hisuian",NA
"Machop",NA,"2'07""",0.8,31,443,759,NA,NA
"Ponyta",NA,"2'07""",0.8,31,444,758,"Galarian",NA
"Farfetch'd",NA,"2'07""",0.8,31,445,757,NA,NA
"Farfetch'd",NA,"2'07""",0.8,31,446,756,"Galarian",NA
"Staryu",NA,"2'07""",0.8,31,447,755,NA,NA
"Jolteon",NA,"2'07""",0.8,31,448,754,NA,NA
"Porygon",NA,"2'07""",0.8,31,449,753,NA,NA
"Sentret",NA,"2'07""",0.8,31,450,752,NA,NA
"Flaaffy",NA,"2'07""",0.8,31,451,751,NA,NA
"Azumarill",NA,"2'07""",0.8,31,452,750,NA,NA
"Jumpluff",NA,"2'07""",0.8,31,453,749,NA,NA
"Aipom",NA,"2'07""",0.8,31,454,748,NA,NA
"Sunflora",NA,"2'07""",0.8,31,455,747,NA,NA
"Magcargo",NA,"2'07""",0.8,31,456,746,NA,NA
"Kirlia",NA,"2'07""",0.8,31,457,745,NA,NA
"Masquerain",NA,"2'07""",0.8,31,458,744,NA,NA
"Slakoth",NA,"2'07""",0.8,31,459,743,NA,NA
"Ninjask",NA,"2'07""",0.8,31,460,742,NA,NA
"Shedinja",NA,"2'07""",0.8,31,461,741,NA,NA
"Carvanha",NA,"2'07""",0.8,31,462,740,NA,NA
"Duskull",NA,"2'07""",0.8,31,463,739,NA,NA
"Spheal",NA,"2'07""",0.8,31,464,738,NA,NA
"Prinplup",NA,"2'07""",0.8,31,465,737,NA,NA
"Hippopotas",NA,"2'07""",0.8,31,466,736,NA,NA
"Skorupi",NA,"2'07""",0.8,31,467,735,NA,NA
"Glaceon",NA,"2'07""",0.8,31,468,734,NA,NA
"Servine",NA,"2'07""",0.8,31,469,733,NA,NA
"Dewott",NA,"2'07""",0.8,31,470,732,NA,NA
"Blitzle",NA,"2'07""",0.8,31,471,731,NA,NA
"Palpitoad",NA,"2'07""",0.8,31,472,730,NA,NA
"Galvantula",NA,"2'07""",0.8,31,473,729,NA,NA
"Accelgor",NA,"2'07""",0.8,31,474,728,NA,NA
"Deino",NA,"2'07""",0.8,31,475,727,NA,NA
"Honedge",NA,"2'07""",0.8,31,476,726,NA,NA
"Doublade",NA,"2'07""",0.8,31,477,725,NA,NA
"Aromatisse",NA,"2'07""",0.8,31,478,724,NA,NA
"Slurpuff",NA,"2'07""",0.8,31,479,723,NA,NA
"Tyrunt",NA,"2'07""",0.8,31,480,722,NA,NA
"Hawlucha",NA,"2'07""",0.8,31,481,721,NA,NA
"Sliggoo",NA,"2'07""",0.8,31,482,720,NA,NA
"Pumpkaboo","Super Size","2'07""",0.8,31,483,719,NA,NA
"Lycanroc","Midday Form","2'07""",0.8,31,484,718,NA,NA
"Lycanroc","Dusk Form","2'07""",0.8,31,485,717,NA,NA
"Corvisquire",NA,"2'07""",0.8,31,486,716,NA,NA
"Cramorant",NA,"2'07""",0.8,31,487,715,NA,NA
"Morgrem",NA,"2'07""",0.8,31,488,714,NA,NA
"Perrserker",NA,"2'07""",0.8,31,489,713,NA,NA
"Sirfetch'd",NA,"2'07""",0.8,31,490,712,NA,NA
"Arctibax",NA,"2'07""",0.8,31,491,711,NA,NA
"Nidorino",NA,"2'11""",0.9,35,492,710,NA,NA
"Abra",NA,"2'11""",0.9,35,493,709,NA,NA
"Tentacool",NA,"2'11""",0.9,35,494,708,NA,NA
"Grimer",NA,"2'11""",0.9,35,495,707,NA,NA
"Magikarp",NA,"2'11""",0.9,35,496,706,NA,NA
"Flareon",NA,"2'11""",0.9,35,497,705,NA,NA
"Chikorita",NA,"2'11""",0.9,35,498,704,NA,NA
"Quilava",NA,"2'11""",0.9,35,499,703,NA,NA
"Espeon",NA,"2'11""",0.9,35,500,702,NA,NA
"Sneasel",NA,"2'11""",0.9,35,501,701,NA,NA
"Sneasel",NA,"2'11""",0.9,35,502,700,"Hisuian",NA
"Octillery",NA,"2'11""",0.9,35,503,699,NA,NA
"Delibird",NA,"2'11""",0.9,35,504,698,NA,NA
"Grovyle",NA,"2'11""",0.9,35,505,697,NA,NA
"Combusken",NA,"2'11""",0.9,35,506,696,NA,NA
"Lairon",NA,"2'11""",0.9,35,507,695,NA,NA
"Grumpig",NA,"2'11""",0.9,35,508,694,NA,NA
"Whiscash",NA,"2'11""",0.9,35,509,693,NA,NA
"Monferno",NA,"2'11""",0.9,35,510,692,NA,NA
"Luxio",NA,"2'11""",0.9,35,511,691,NA,NA
"Roserade",NA,"2'11""",0.9,35,512,690,NA,NA
"Cranidos",NA,"2'11""",0.9,35,513,689,NA,NA
"Mothim",NA,"2'11""",0.9,35,514,688,NA,NA
"Gastrodon",NA,"2'11""",0.9,35,515,687,NA,NA
"Mismagius",NA,"2'11""",0.9,35,516,686,NA,NA
"Honchkrow",NA,"2'11""",0.9,35,517,685,NA,NA
"Porygon-Z",NA,"2'11""",0.9,35,518,684,NA,NA
"Herdier",NA,"2'11""",0.9,35,519,683,NA,NA
"Boldore",NA,"2'11""",0.9,35,520,682,NA,NA
"Swoobat",NA,"2'11""",0.9,35,521,681,NA,NA
"Mienfoo",NA,"2'11""",0.9,35,522,680,NA,NA
"Skiddo",NA,"2'11""",0.9,35,523,679,NA,NA
"Gourgeist","Average Size","2'11""",0.9,35,524,678,NA,NA
"Lurantis",NA,"2'11""",0.9,35,525,677,NA,NA
"Bruxish",NA,"2'11""",0.9,35,526,676,NA,NA
"Indeedee",NA,"2'11""",0.9,35,527,675,NA,NA
"Floragato",NA,"2'11""",0.9,35,528,674,NA,NA
"Pawmot",NA,"2'11""",0.9,35,529,673,NA,NA
"Toedscool",NA,"2'11""",0.9,35,530,672,NA,NA
"Scovillain",NA,"2'11""",0.9,35,531,671,NA,NA
"Iron Treads",NA,"2'11""",0.9,35,532,670,NA,NA
"Ivysaur",NA,"3'03""",1,39,533,669,NA,NA
"Wartortle",NA,"3'03""",1,39,534,668,NA,NA
"Beedrill",NA,"3'03""",1,39,535,667,NA,NA
"Sandslash",NA,"3'03""",1,39,536,666,NA,NA
"Wigglytuff",NA,"3'03""",1,39,537,665,NA,NA
"Parasect",NA,"3'03""",1,39,538,664,NA,NA
"Venonat",NA,"3'03""",1,39,539,663,NA,NA
"Persian",NA,"3'03""",1,39,540,662,NA,NA
"Primeape",NA,"3'03""",1,39,541,661,NA,NA
"Poliwhirl",NA,"3'03""",1,39,542,660,NA,NA
"Weepinbell",NA,"3'03""",1,39,543,659,NA,NA
"Graveler",NA,"3'03""",1,39,544,658,NA,NA
"Graveler",NA,"3'03""",1,39,545,657,"Alolan",NA
"Ponyta",NA,"3'03""",1,39,546,656,NA,NA
"Magneton",NA,"3'03""",1,39,547,655,NA,NA
"Muk",NA,"3'03""",1,39,548,654,"Alolan",NA
"Drowzee",NA,"3'03""",1,39,549,653,NA,NA
"Marowak",NA,"3'03""",1,39,550,652,NA,NA
"Marowak",NA,"3'03""",1,39,551,651,"Alolan",NA
"Rhyhorn",NA,"3'03""",1,39,552,650,NA,NA
"Tangela",NA,"3'03""",1,39,553,649,NA,NA
"Vaporeon",NA,"3'03""",1,39,554,648,NA,NA
"Omastar",NA,"3'03""",1,39,555,647,NA,NA
"Ledyba",NA,"3'03""",1,39,556,646,NA,NA
"Umbreon",NA,"3'03""",1,39,557,645,NA,NA
"Mightyena",NA,"3'03""",1,39,558,644,NA,NA
"Beautifly",NA,"3'03""",1,39,559,643,NA,NA
"Nuzleaf",NA,"3'03""",1,39,560,642,NA,NA
"Loudred",NA,"3'03""",1,39,561,641,NA,NA
"Makuhita",NA,"3'03""",1,39,562,640,NA,NA
"Nosepass",NA,"3'03""",1,39,563,639,NA,NA
"Mawile",NA,"3'03""",1,39,564,638,NA,"Mega"
"Lunatone",NA,"3'03""",1,39,565,637,NA,NA
"Lileep",NA,"3'03""",1,39,566,636,NA,NA
"Kecleon",NA,"3'03""",1,39,567,635,NA,NA
"Relicanth",NA,"3'03""",1,39,568,634,NA,NA
"Bibarel",NA,"3'03""",1,39,569,633,NA,NA
"Kricketune",NA,"3'03""",1,39,570,632,NA,NA
"Purugly",NA,"3'03""",1,39,571,631,NA,NA
"Skuntank",NA,"3'03""",1,39,572,630,NA,NA
"Spiritomb",NA,"3'03""",1,39,573,629,NA,NA
"Mantyke",NA,"3'03""",1,39,574,628,NA,NA
"Snover",NA,"3'03""",1,39,575,627,NA,NA
"Leafeon",NA,"3'03""",1,39,576,626,NA,NA
"Pignite",NA,"3'03""",1,39,577,625,NA,NA
"Simisear",NA,"3'03""",1,39,578,624,NA,NA
"Simipour",NA,"3'03""",1,39,579,623,NA,NA
"Basculin","Red-Stripe","3'03""",1,39,580,622,NA,NA
"Basculin","Blue-Stripe","3'03""",1,39,581,621,NA,NA
"Basculin","White-Stripe","3'03""",1,39,582,620,NA,NA
"Krokorok",NA,"3'03""",1,39,583,619,NA,NA
"Maractus",NA,"3'03""",1,39,584,618,NA,NA
"Reuniclus",NA,"3'03""",1,39,585,617,NA,NA
"Escavalier",NA,"3'03""",1,39,586,616,NA,NA
"Ferrothorn",NA,"3'03""",1,39,587,615,NA,NA
"Beheeyem",NA,"3'03""",1,39,588,614,NA,NA
"Chandelure",NA,"3'03""",1,39,589,613,NA,NA
"Fraxure",NA,"3'03""",1,39,590,612,NA,NA
"Golett",NA,"3'03""",1,39,591,611,NA,NA
"Braixen",NA,"3'03""",1,39,592,610,NA,NA
"Diggersby",NA,"3'03""",1,39,593,609,NA,NA
"Heliolisk",NA,"3'03""",1,39,594,608,NA,NA
"Sylveon",NA,"3'03""",1,39,595,607,NA,NA
"Bergmite",NA,"3'03""",1,39,596,606,NA,NA
"Mudbray",NA,"3'03""",1,39,597,605,NA,NA
"Shiinotic",NA,"3'03""",1,39,598,604,NA,NA
"Magearna",NA,"3'03""",1,39,599,603,NA,NA
"Magearna","Original Color","3'03""",1,39,600,602,NA,NA
"Drednaw",NA,"3'03""",1,39,601,601,NA,NA
"Boltund",NA,"3'03""",1,39,602,600,NA,NA
"Cursola",NA,"3'03""",1,39,603,599,NA,NA
"Crocalor",NA,"3'03""",1,39,604,598,NA,NA
"Oinkologne",NA,"3'03""",1,39,605,597,NA,NA
"Spidops",NA,"3'03""",1,39,606,596,NA,NA
"Lokix",NA,"3'03""",1,39,607,595,NA,NA
"Varoom",NA,"3'03""",1,39,608,594,NA,NA
"Munkidori",NA,"3'03""",1,39,609,593,NA,NA
"Charmeleon",NA,"3'07""",1.1,43,610,592,NA,NA
"Butterfree",NA,"3'07""",1.1,43,611,591,NA,NA
"Pidgeotto",NA,"3'07""",1.1,43,612,590,NA,NA
"Ninetales",NA,"3'07""",1.1,43,613,589,NA,NA
"Ninetales",NA,"3'07""",1.1,43,614,588,"Alolan",NA
"Persian",NA,"3'07""",1.1,43,615,587,"Alolan",NA
"Seel",NA,"3'07""",1.1,43,616,586,NA,NA
"Chansey",NA,"3'07""",1.1,43,617,585,NA,NA
"Starmie",NA,"3'07""",1.1,43,618,584,NA,NA
"Electabuzz",NA,"3'07""",1.1,43,619,583,NA,NA
"Croconaw",NA,"3'07""",1.1,43,620,582,NA,NA
"Ariados",NA,"3'07""",1.1,43,621,581,NA,NA
"Politoed",NA,"3'07""",1.1,43,622,580,NA,NA
"Gligar",NA,"3'07""",1.1,43,623,579,NA,NA
"Piloswine",NA,"3'07""",1.1,43,624,578,NA,NA
"Donphan",NA,"3'07""",1.1,43,625,577,NA,NA
"Delcatty",NA,"3'07""",1.1,43,626,576,NA,NA
"Spinda",NA,"3'07""",1.1,43,627,575,NA,NA
"Vibrava",NA,"3'07""",1.1,43,628,574,NA,NA
"Altaria",NA,"3'07""",1.1,43,629,573,NA,NA
"Crawdaunt",NA,"3'07""",1.1,43,630,572,NA,NA
"Banette",NA,"3'07""",1.1,43,631,571,NA,NA
"Sealeo",NA,"3'07""",1.1,43,632,570,NA,NA
"Shelgon",NA,"3'07""",1.1,43,633,569,NA,NA
"Grotle",NA,"3'07""",1.1,43,634,568,NA,NA
"Floatzel",NA,"3'07""",1.1,43,635,567,NA,NA
"Weavile",NA,"3'07""",1.1,43,636,566,NA,NA
"Watchog",NA,"3'07""",1.1,43,637,565,NA,NA
"Liepard",NA,"3'07""",1.1,43,638,564,NA,NA
"Simisage",NA,"3'07""",1.1,43,639,563,NA,NA
"Musharna",NA,"3'07""",1.1,43,640,562,NA,NA
"Audino",NA,"3'07""",1.1,43,641,561,NA,NA
"Lilligant",NA,"3'07""",1.1,43,642,560,NA,NA
"Scrafty",NA,"3'07""",1.1,43,643,559,NA,NA
"Vanillish",NA,"3'07""",1.1,43,644,558,NA,NA
"Cryogonal",NA,"3'07""",1.1,43,645,557,NA,NA
"Larvesta",NA,"3'07""",1.1,43,646,556,NA,NA
"Florges",NA,"3'07""",1.1,43,647,555,NA,NA
"Gourgeist","Large Size","3'07""",1.1,43,648,554,NA,NA
"Diancie",NA,"3'07""",1.1,43,649,553,NA,"Mega"
"Toucannon",NA,"3'07""",1.1,43,650,552,NA,NA
"Lycanroc","Midnight Form","3'07""",1.1,43,651,551,NA,NA
"Carkol",NA,"3'07""",1.1,43,652,550,NA,NA
"Calyrex",NA,"3'07""",1.1,43,653,549,NA,NA
"Mabosstiff",NA,"3'07""",1.1,43,654,548,NA,NA
"Fearow",NA,"3'11""",1.2,47,655,547,NA,NA
"Sandslash",NA,"3'11""",1.2,47,656,546,"Alolan",NA
"Vileplume",NA,"3'11""",1.2,47,657,545,NA,NA
"Alakazam",NA,"3'11""",1.2,47,658,544,NA,"Mega"
"Slowpoke",NA,"3'11""",1.2,47,659,543,NA,NA
"Slowpoke",NA,"3'11""",1.2,47,660,542,"Galarian",NA
"Muk",NA,"3'11""",1.2,47,661,541,NA,NA
"Electrode",NA,"3'11""",1.2,47,662,540,NA,NA
"Electrode",NA,"3'11""",1.2,47,663,539,"Hisuian",NA
"Lickitung",NA,"3'11""",1.2,47,664,538,NA,NA
"Weezing",NA,"3'11""",1.2,47,665,537,NA,NA
"Seadra",NA,"3'11""",1.2,47,666,536,NA,NA
"Bayleef",NA,"3'11""",1.2,47,667,535,NA,NA
"Lanturn",NA,"3'11""",1.2,47,668,534,NA,NA
"Sudowoodo",NA,"3'11""",1.2,47,669,533,NA,NA
"Yanma",NA,"3'11""",1.2,47,670,532,NA,NA
"Forretress",NA,"3'11""",1.2,47,671,531,NA,NA
"Smeargle",NA,"3'11""",1.2,47,672,530,NA,NA
"Miltank",NA,"3'11""",1.2,47,673,529,NA,NA
"Pupitar",NA,"3'11""",1.2,47,674,528,NA,NA
"Dustox",NA,"3'11""",1.2,47,675,527,NA,NA
"Lombre",NA,"3'11""",1.2,47,676,526,NA,NA
"Pelipper",NA,"3'11""",1.2,47,677,525,NA,NA
"Breloom",NA,"3'11""",1.2,47,678,524,NA,NA
"Solrock",NA,"3'11""",1.2,47,679,523,NA,NA
"Banette",NA,"3'11""",1.2,47,680,522,NA,"Mega"
"Absol",NA,"3'11""",1.2,47,681,521,NA,NA
"Absol",NA,"3'11""",1.2,47,682,520,NA,"Mega"
"Metang",NA,"3'11""",1.2,47,683,519,NA,NA
"Infernape",NA,"3'11""",1.2,47,684,518,NA,NA
"Staraptor",NA,"3'11""",1.2,47,685,517,NA,NA
"Vespiquen",NA,"3'11""",1.2,47,686,516,NA,NA
"Ambipom",NA,"3'11""",1.2,47,687,515,NA,NA
"Drifblim",NA,"3'11""",1.2,47,688,514,NA,NA
"Lopunny",NA,"3'11""",1.2,47,689,513,NA,NA
"Lucario",NA,"3'11""",1.2,47,690,512,NA,NA
"Lumineon",NA,"3'11""",1.2,47,691,511,NA,NA
"Magnezone",NA,"3'11""",1.2,47,692,510,NA,NA
"Stoutland",NA,"3'11""",1.2,47,693,509,NA,NA
"Unfezant",NA,"3'11""",1.2,47,694,508,NA,NA
"Gurdurr",NA,"3'11""",1.2,47,695,507,NA,NA
"Leavanny",NA,"3'11""",1.2,47,696,506,NA,NA
"Whirlipede",NA,"3'11""",1.2,47,697,505,NA,NA
"Lilligant",NA,"3'11""",1.2,47,698,504,"Hisuian",NA
"Carracosta",NA,"3'11""",1.2,47,699,503,NA,NA
"Frillish",NA,"3'11""",1.2,47,700,502,NA,NA
"Alomomola",NA,"3'11""",1.2,47,701,501,NA,NA
"Eelektrik",NA,"3'11""",1.2,47,702,500,NA,NA
"Mandibuzz",NA,"3'11""",1.2,47,703,499,NA,NA
"Talonflame",NA,"3'11""",1.2,47,704,498,NA,NA
"Vivillon",NA,"3'11""",1.2,47,705,497,NA,NA
"Furfrou",NA,"3'11""",1.2,47,706,496,NA,NA
"Zygarde","10% Forme","3'11""",1.2,47,707,495,NA,NA
"Salazzle",NA,"3'11""",1.2,47,708,494,NA,NA
"Tsareena",NA,"3'11""",1.2,47,709,493,NA,NA
"Hakamo-o",NA,"3'11""",1.2,47,710,492,NA,NA
"Tapu Lele",NA,"3'11""",1.2,47,711,491,NA,NA
"Nihilego",NA,"3'11""",1.2,47,712,490,NA,NA
"Thievul",NA,"3'11""",1.2,47,713,489,NA,NA
"Cufant",NA,"3'11""",1.2,47,714,488,NA,NA
"Regieleki",NA,"3'11""",1.2,47,715,487,NA,NA
"Quaxwell",NA,"3'11""",1.2,47,716,486,NA,NA
"Bellibolt",NA,"3'11""",1.2,47,717,485,NA,NA
"Brambleghast",NA,"3'11""",1.2,47,718,484,NA,NA
"Wiglett",NA,"3'11""",1.2,47,719,483,NA,NA
"Wugtrio",NA,"3'11""",1.2,47,720,482,NA,NA
"Cetoddle",NA,"3'11""",1.2,47,721,481,NA,NA
"Annihilape",NA,"3'11""",1.2,47,722,480,NA,NA
"Scream Tail",NA,"3'11""",1.2,47,723,479,NA,NA
"Brute Bonnet",NA,"3'11""",1.2,47,724,478,NA,NA
"Iron Moth",NA,"3'11""",1.2,47,725,477,NA,NA
"Gholdengo",NA,"3'11""",1.2,47,726,476,NA,NA
"Ogerpon","Teal Mask","3'11""",1.2,47,727,475,NA,NA
"Ogerpon","Wellspring Mask","3'11""",1.2,47,728,474,NA,NA
"Ogerpon","Hearthflame Mask","3'11""",1.2,47,729,473,NA,NA
"Ogerpon","Cornerstone Mask","3'11""",1.2,47,730,472,NA,NA
"Nidoqueen",NA,"4'03""",1.3,51,731,471,NA,NA
"Clefable",NA,"4'03""",1.3,51,732,470,NA,NA
"Poliwrath",NA,"4'03""",1.3,51,733,469,NA,NA
"Kadabra",NA,"4'03""",1.3,51,734,468,NA,NA
"Gastly",NA,"4'03""",1.3,51,735,467,NA,NA
"Kingler",NA,"4'03""",1.3,51,736,466,NA,NA
"Seaking",NA,"4'03""",1.3,51,737,465,NA,NA
"Mr. Mime",NA,"4'03""",1.3,51,738,464,NA,NA
"Magmar",NA,"4'03""",1.3,51,739,463,NA,NA
"Kabutops",NA,"4'03""",1.3,51,740,462,NA,NA
"Wobbuffet",NA,"4'03""",1.3,51,741,461,NA,NA
"Shiftry",NA,"4'03""",1.3,51,742,460,NA,NA
"Medicham",NA,"4'03""",1.3,51,743,459,NA,NA
"Medicham",NA,"4'03""",1.3,51,744,458,NA,"Mega"
"Cacturne",NA,"4'03""",1.3,51,745,457,NA,NA
"Zangoose",NA,"4'03""",1.3,51,746,456,NA,NA
"Bastiodon",NA,"4'03""",1.3,51,747,455,NA,NA
"Lopunny",NA,"4'03""",1.3,51,748,454,NA,"Mega"
"Bronzong",NA,"4'03""",1.3,51,749,453,NA,NA
"Lucario",NA,"4'03""",1.3,51,750,452,NA,"Mega"
"Drapion",NA,"4'03""",1.3,51,751,451,NA,NA
"Toxicroak",NA,"4'03""",1.3,51,752,450,NA,NA
"Froslass",NA,"4'03""",1.3,51,753,449,NA,NA
"Throh",NA,"4'03""",1.3,51,754,448,NA,NA
"Darmanitan",NA,"4'03""",1.3,51,755,447,NA,NA
"Darmanitan","Zen Mode","4'03""",1.3,51,756,446,NA,NA
"Swanna",NA,"4'03""",1.3,51,757,445,NA,NA
"Vanilluxe",NA,"4'03""",1.3,51,758,444,NA,NA
"Landorus","Therian Forme","4'03""",1.3,51,759,443,NA,NA
"Barbaracle",NA,"4'03""",1.3,51,760,442,NA,NA
"Clawitzer",NA,"4'03""",1.3,51,761,441,NA,NA
"Amaura",NA,"4'03""",1.3,51,762,440,NA,NA
"Palossand",NA,"4'03""",1.3,51,763,439,NA,NA
"Tapu Fini",NA,"4'03""",1.3,51,764,438,NA,NA
"Dubwool",NA,"4'03""",1.3,51,765,437,NA,NA
"Barraskewda",NA,"4'03""",1.3,51,766,436,NA,NA
"Frosmoth",NA,"4'03""",1.3,51,767,435,NA,NA
"Sneasler",NA,"4'03""",1.3,51,768,434,NA,NA
"Klawf",NA,"4'03""",1.3,51,769,433,NA,NA
"Finizen",NA,"4'03""",1.3,51,770,432,NA,NA
"Palafin","Zero Form","4'03""",1.3,51,771,431,NA,NA
"Iron Jugulis",NA,"4'03""",1.3,51,772,430,NA,NA
"Beedrill",NA,"4'07""",1.4,55,773,429,NA,"Mega"
"Raticate","Totem-sized","4'07""",1.4,55,774,428,"Alolan",NA
"Nidoking",NA,"4'07""",1.4,55,775,427,NA,NA
"Golem",NA,"4'07""",1.4,55,776,426,NA,NA
"Doduo",NA,"4'07""",1.4,55,777,425,NA,NA
"Gengar",NA,"4'07""",1.4,55,778,424,NA,"Mega"
"Hitmonchan",NA,"4'07""",1.4,55,779,423,NA,NA
"Mr. Mime",NA,"4'07""",1.4,55,780,422,"Galarian",NA
"Jynx",NA,"4'07""",1.4,55,781,421,NA,NA
"Tauros",NA,"4'07""",1.4,55,782,420,NA,NA
"Tauros","Combat Breed","4'07""",1.4,55,783,419,"Paldean",NA
"Tauros","Blaze Breed","4'07""",1.4,55,784,418,"Paldean",NA
"Tauros","Aqua Breed","4'07""",1.4,55,785,417,"Paldean",NA
"Ledian",NA,"4'07""",1.4,55,786,416,NA,NA
"Ampharos",NA,"4'07""",1.4,55,787,415,NA,NA
"Ampharos",NA,"4'07""",1.4,55,788,414,NA,"Mega"
"Quagsire",NA,"4'07""",1.4,55,789,413,NA,NA
"Granbull",NA,"4'07""",1.4,55,790,412,NA,NA
"Houndoom",NA,"4'07""",1.4,55,791,411,NA,NA
"Stantler",NA,"4'07""",1.4,55,792,410,NA,NA
"Hitmontop",NA,"4'07""",1.4,55,793,409,NA,NA
"Vigoroth",NA,"4'07""",1.4,55,794,408,NA,NA
"Walrein",NA,"4'07""",1.4,55,795,407,NA,NA
"Latias",NA,"4'07""",1.4,55,796,406,NA,NA
"Luxray",NA,"4'07""",1.4,55,797,405,NA,NA
"Gabite",NA,"4'07""",1.4,55,798,404,NA,NA
"Carnivine",NA,"4'07""",1.4,55,799,403,NA,NA
"Probopass",NA,"4'07""",1.4,55,800,402,NA,NA
"Conkeldurr",NA,"4'07""",1.4,55,801,401,NA,NA
"Sawk",NA,"4'07""",1.4,55,802,400,NA,NA
"Crustle",NA,"4'07""",1.4,55,803,399,NA,NA
"Sigilyph",NA,"4'07""",1.4,55,804,398,NA,NA
"Archeops",NA,"4'07""",1.4,55,805,397,NA,NA
"Mienshao",NA,"4'07""",1.4,55,806,396,NA,NA
"Heatmor",NA,"4'07""",1.4,55,807,395,NA,NA
"Zweilous",NA,"4'07""",1.4,55,808,394,NA,NA
"Tornadus","Therian Forme","4'07""",1.4,55,809,393,NA,NA
"Keldeo",NA,"4'07""",1.4,55,810,392,NA,NA
"Avalugg",NA,"4'07""",1.4,55,811,391,"Hisuian",NA
"Gumshoos","Totem-sized","4'07""",1.4,55,812,390,NA,NA
"Cinderace",NA,"4'07""",1.4,55,813,389,NA,NA
"Eiscue",NA,"4'07""",1.4,55,814,388,NA,NA
"Drakloak",NA,"4'07""",1.4,55,815,387,NA,NA
"Arboliva",NA,"4'07""",1.4,55,816,386,NA,NA
"Kilowattrel",NA,"4'07""",1.4,55,817,385,NA,NA
"Flutter Mane",NA,"4'07""",1.4,55,818,384,NA,NA
"Iron Valiant",NA,"4'07""",1.4,55,819,383,NA,NA
"Fezandipiti",NA,"4'07""",1.4,55,820,382,NA,NA
"Pidgeot",NA,"4'11""",1.5,59,821,381,NA,NA
"Venomoth",NA,"4'11""",1.5,59,822,380,NA,NA
"Alakazam",NA,"4'11""",1.5,59,823,379,NA,NA
"Machoke",NA,"4'11""",1.5,59,824,378,NA,NA
"Cloyster",NA,"4'11""",1.5,59,825,377,NA,NA
"Gengar",NA,"4'11""",1.5,59,826,376,NA,NA
"Hitmonlee",NA,"4'11""",1.5,59,827,375,NA,NA
"Scyther",NA,"4'11""",1.5,59,828,374,NA,NA
"Pinsir",NA,"4'11""",1.5,59,829,373,NA,NA
"Mewtwo Y",NA,"4'11""",1.5,59,830,372,NA,"Mega"
"Xatu",NA,"4'11""",1.5,59,831,371,NA,NA
"Girafarig",NA,"4'11""",1.5,59,832,370,NA,NA
"Dunsparce",NA,"4'11""",1.5,59,833,369,NA,NA
"Heracross",NA,"4'11""",1.5,59,834,368,NA,NA
"Blissey",NA,"4'11""",1.5,59,835,367,NA,NA
"Swampert",NA,"4'11""",1.5,59,836,366,NA,NA
"Ludicolo",NA,"4'11""",1.5,59,837,365,NA,NA
"Exploud",NA,"4'11""",1.5,59,838,364,NA,NA
"Manectric",NA,"4'11""",1.5,59,839,363,NA,NA
"Altaria",NA,"4'11""",1.5,59,840,362,NA,"Mega"
"Claydol",NA,"4'11""",1.5,59,841,361,NA,NA
"Cradily",NA,"4'11""",1.5,59,842,360,NA,NA
"Armaldo",NA,"4'11""",1.5,59,843,359,NA,NA
"Glalie",NA,"4'11""",1.5,59,844,358,NA,NA
"Salamence",NA,"4'11""",1.5,59,845,357,NA,NA
"Togekiss",NA,"4'11""",1.5,59,846,356,NA,NA
"Cresselia",NA,"4'11""",1.5,59,847,355,NA,NA
"Darkrai",NA,"4'11""",1.5,59,848,354,NA,NA
"Samurott",NA,"4'11""",1.5,59,849,353,NA,NA
"Samurott",NA,"4'11""",1.5,59,850,352,"Hisuian",NA
"Audino",NA,"4'11""",1.5,59,851,351,NA,"Mega"
"Seismitoad",NA,"4'11""",1.5,59,852,350,NA,NA
"Krookodile",NA,"4'11""",1.5,59,853,349,NA,NA
"Gothitelle",NA,"4'11""",1.5,59,854,348,NA,NA
"Braviary",NA,"4'11""",1.5,59,855,347,NA,NA
"Tornadus","Incarnate Forme","4'11""",1.5,59,856,346,NA,NA
"Thundurus","Incarnate Forme","4'11""",1.5,59,857,345,NA,NA
"Landorus","Incarnate Forme","4'11""",1.5,59,858,344,NA,NA
"Genesect",NA,"4'11""",1.5,59,859,343,NA,NA
"Delphox",NA,"4'11""",1.5,59,860,342,NA,NA
"Greninja",NA,"4'11""",1.5,59,861,341,NA,NA
"Ash-Greninja",NA,"4'11""",1.5,59,862,340,NA,NA
"Pyroar",NA,"4'11""",1.5,59,863,339,NA,NA
"Malamar",NA,"4'11""",1.5,59,864,338,NA,NA
"Trevenant",NA,"4'11""",1.5,59,865,337,NA,NA
"Noivern",NA,"4'11""",1.5,59,866,336,NA,NA
"Vikavolt",NA,"4'11""",1.5,59,867,335,NA,NA
"Lurantis","Totem-sized","4'11""",1.5,59,868,334,NA,NA
"Oranguru",NA,"4'11""",1.5,59,869,333,NA,NA
"Zeraora",NA,"4'11""",1.5,59,870,332,NA,NA
"Grimmsnarl",NA,"4'11""",1.5,59,871,331,NA,NA
"Mr. Rime",NA,"4'11""",1.5,59,872,330,NA,NA
"Meowscarada",NA,"4'11""",1.5,59,873,329,NA,NA
"Armarouge",NA,"4'11""",1.5,59,874,328,NA,NA
"Bombirdier",NA,"4'11""",1.5,59,875,327,NA,NA
"Glimmora",NA,"4'11""",1.5,59,876,326,NA,NA
"Wo-Chien",NA,"4'11""",1.5,59,877,325,NA,NA
"Iron Leaves",NA,"4'11""",1.5,59,878,324,NA,NA
"Iron Boulder",NA,"4'11""",1.5,59,879,323,NA,NA
"Blastoise",NA,"5'03""",1.6,63,880,322,NA,NA
"Blastoise",NA,"5'03""",1.6,63,881,321,NA,"Mega"
"Golbat",NA,"5'03""",1.6,63,882,320,NA,NA
"Machamp",NA,"5'03""",1.6,63,883,319,NA,NA
"Tentacruel",NA,"5'03""",1.6,63,884,318,NA,NA
"Slowbro",NA,"5'03""",1.6,63,885,317,NA,NA
"Slowbro",NA,"5'03""",1.6,63,886,316,"Galarian",NA
"Haunter",NA,"5'03""",1.6,63,887,315,NA,NA
"Hypno",NA,"5'03""",1.6,63,888,314,NA,NA
"Zapdos",NA,"5'03""",1.6,63,889,313,NA,NA
"Zapdos",NA,"5'03""",1.6,63,890,312,"Galarian",NA
"Typhlosion",NA,"5'03""",1.6,63,891,311,"Hisuian",NA
"Noctowl",NA,"5'03""",1.6,63,892,310,NA,NA
"Gardevoir",NA,"5'03""",1.6,63,893,309,NA,NA
"Gardevoir",NA,"5'03""",1.6,63,894,308,NA,"Mega"
"Dusclops",NA,"5'03""",1.6,63,895,307,NA,NA
"Metagross",NA,"5'03""",1.6,63,896,306,NA,NA
"Rampardos",NA,"5'03""",1.6,63,897,305,NA,NA
"Magmortar",NA,"5'03""",1.6,63,898,304,NA,NA
"Gallade",NA,"5'03""",1.6,63,899,303,NA,NA
"Gallade",NA,"5'03""",1.6,63,900,302,NA,"Mega"
"Emboar",NA,"5'03""",1.6,63,901,301,NA,NA
"Zebstrika",NA,"5'03""",1.6,63,902,300,NA,NA
"Zoroark",NA,"5'03""",1.6,63,903,299,NA,NA
"Zoroark",NA,"5'03""",1.6,63,904,298,"Hisuian",NA
"Druddigon",NA,"5'03""",1.6,63,905,297,NA,NA
"Bisharp",NA,"5'03""",1.6,63,906,296,NA,NA
"Bouffalant",NA,"5'03""",1.6,63,907,295,NA,NA
"Braviary",NA,"5'03""",1.6,63,908,294,"Hisuian",NA
"Volcarona",NA,"5'03""",1.6,63,909,293,NA,NA
"Chesnaught",NA,"5'03""",1.6,63,910,292,NA,NA
"Decidueye",NA,"5'03""",1.6,63,911,291,NA,NA
"Decidueye",NA,"5'03""",1.6,63,912,290,"Hisuian",NA
"Kommo-o",NA,"5'03""",1.6,63,913,289,NA,NA
"Toxtricity",NA,"5'03""",1.6,63,914,288,NA,NA
"Grapploct",NA,"5'03""",1.6,63,915,287,NA,NA
"Obstagoon",NA,"5'03""",1.6,63,916,286,NA,NA
"Runerigus",NA,"5'03""",1.6,63,917,285,NA,NA
"Enamorus","Incarnate Forme","5'03""",1.6,63,918,284,NA,NA
"Enamorus","Therian Forme","5'03""",1.6,63,919,283,NA,NA
"Skeledirge",NA,"5'03""",1.6,63,920,282,NA,NA
"Ceruledge",NA,"5'03""",1.6,63,921,281,NA,NA
"Cyclizar",NA,"5'03""",1.6,63,922,280,NA,NA
"Flamigo",NA,"5'03""",1.6,63,923,279,NA,NA
"Iron Thorns",NA,"5'03""",1.6,63,924,278,NA,NA
"Iron Crown",NA,"5'03""",1.6,63,925,277,NA,NA
"Charizard",NA,"5'07""",1.7,67,926,276,NA,NA
"Charizard X",NA,"5'07""",1.7,67,927,275,NA,"Mega"
"Charizard Y",NA,"5'07""",1.7,67,928,274,NA,"Mega"
"Golduck",NA,"5'07""",1.7,67,929,273,NA,NA
"Victreebel",NA,"5'07""",1.7,67,930,272,NA,NA
"Golem",NA,"5'07""",1.7,67,931,271,"Alolan",NA
"Rapidash",NA,"5'07""",1.7,67,932,270,NA,NA
"Rapidash",NA,"5'07""",1.7,67,933,269,"Galarian",NA
"Dewgong",NA,"5'07""",1.7,67,934,268,NA,NA
"Marowak","Totem-sized","5'07""",1.7,67,935,267,"Alolan",NA
"Pinsir",NA,"5'07""",1.7,67,936,266,NA,"Mega"
"Articuno",NA,"5'07""",1.7,67,937,265,NA,NA
"Articuno",NA,"5'07""",1.7,67,938,264,"Galarian",NA
"Typhlosion",NA,"5'07""",1.7,67,939,263,NA,NA
"Heracross",NA,"5'07""",1.7,67,940,262,NA,"Mega"
"Skarmory",NA,"5'07""",1.7,67,941,261,NA,NA
"Sceptile",NA,"5'07""",1.7,67,942,260,NA,NA
"Swalot",NA,"5'07""",1.7,67,943,259,NA,NA
"Huntail",NA,"5'07""",1.7,67,944,258,NA,NA
"Regirock",NA,"5'07""",1.7,67,945,257,NA,NA
"Deoxys","Normal Forme","5'07""",1.7,67,946,256,NA,NA
"Deoxys","Attack Forme","5'07""",1.7,67,947,255,NA,NA
"Deoxys","Defense Forme","5'07""",1.7,67,948,254,NA,NA
"Deoxys","Speed Forme","5'07""",1.7,67,949,253,NA,NA
"Empoleon",NA,"5'07""",1.7,67,950,252,NA,NA
"Lickilicky",NA,"5'07""",1.7,67,951,251,NA,NA
"Heatran",NA,"5'07""",1.7,67,952,250,NA,NA
"Gigalith",NA,"5'07""",1.7,67,953,249,NA,NA
"Darmanitan",NA,"5'07""",1.7,67,954,248,"Galarian",NA
"Darmanitan","Zen Mode","5'07""",1.7,67,955,247,"Galarian",NA
"Cofagrigus",NA,"5'07""",1.7,67,956,246,NA,NA
"Gogoat",NA,"5'07""",1.7,67,957,245,NA,NA
"Aegislash",NA,"5'07""",1.7,67,958,244,NA,NA
"Goodra",NA,"5'07""",1.7,67,959,243,"Hisuian",NA
"Gourgeist","Super Size","5'07""",1.7,67,960,242,NA,NA
"Volcanion",NA,"5'07""",1.7,67,961,241,NA,NA
"Crabominable",NA,"5'07""",1.7,67,962,240,NA,NA
"Terapagos","Stellar Form","5'07""",1.7,67,963,239,NA,NA
"Dodrio",NA,"5'11""",1.8,71,964,238,NA,NA
"Aerodactyl",NA,"5'11""",1.8,71,965,237,NA,NA
"Dratini",NA,"5'11""",1.8,71,966,236,NA,NA
"nium",NA,"5'11""",1.8,71,967,235,NA,"Mega"
"Furret",NA,"5'11""",1.8,71,968,234,NA,NA
"Crobat",NA,"5'11""",1.8,71,969,233,NA,NA
"Slowking",NA,"5'11""",1.8,71,970,232,"Galarian",NA
"Scizor",NA,"5'11""",1.8,71,971,231,NA,NA
"Ursaring",NA,"5'11""",1.8,71,972,230,NA,NA
"Kingdra",NA,"5'11""",1.8,71,973,229,NA,NA
"Manectric",NA,"5'11""",1.8,71,974,228,NA,"Mega"
"Sharpedo",NA,"5'11""",1.8,71,975,227,NA,NA
"Gorebyss",NA,"5'11""",1.8,71,976,226,NA,NA
"Salamence",NA,"5'11""",1.8,71,977,225,NA,"Mega"
"Regice",NA,"5'11""",1.8,71,978,224,NA,NA
"Latias",NA,"5'11""",1.8,71,979,223,NA,"Mega"
"Electivire",NA,"5'11""",1.8,71,980,222,NA,NA
"Haxorus",NA,"5'11""",1.8,71,981,221,NA,NA
"Hydreigon",NA,"5'11""",1.8,71,982,220,NA,NA
"Dragalge",NA,"5'11""",1.8,71,983,219,NA,NA
"Incineroar",NA,"5'11""",1.8,71,984,218,NA,NA
"Primarina",NA,"5'11""",1.8,71,985,217,NA,NA
"Araquanid",NA,"5'11""",1.8,71,986,216,NA,NA
"Tapu Koko",NA,"5'11""",1.8,71,987,215,NA,NA
"Pheromosa",NA,"5'11""",1.8,71,988,214,NA,NA
"Blacephalon",NA,"5'11""",1.8,71,989,213,NA,NA
"Dracozolt",NA,"5'11""",1.8,71,990,212,NA,NA
"Duraludon",NA,"5'11""",1.8,71,991,211,NA,NA
"Zarude",NA,"5'11""",1.8,71,992,210,NA,NA
"Wyrdeer",NA,"5'11""",1.8,71,993,209,NA,NA
"Kleavor",NA,"5'11""",1.8,71,994,208,NA,NA
"Quaquaval",NA,"5'11""",1.8,71,995,207,NA,NA
"Palafin","Hero Form","5'11""",1.8,71,996,206,NA,NA
"Revavroom",NA,"5'11""",1.8,71,997,205,NA,NA
"Clodsire",NA,"5'11""",1.8,71,998,204,NA,NA
"Iron Hands",NA,"5'11""",1.8,71,999,203,NA,NA
"Okidogi",NA,"5'11""",1.8,71,1000,202,NA,NA
"Hydrapple",NA,"5'11""",1.8,71,1001,201,NA,NA
"Arcanine",NA,"6'03""",1.9,75,1002,200,NA,NA
"Rhydon",NA,"6'03""",1.9,75,1003,199,NA,NA
"Houndoom",NA,"6'03""",1.9,75,1004,198,NA,"Mega"
"Raikou",NA,"6'03""",1.9,75,1005,197,NA,NA
"Sceptile",NA,"6'03""",1.9,75,1006,196,NA,"Mega"
"Blaziken",NA,"6'03""",1.9,75,1007,195,NA,NA
"Blaziken",NA,"6'03""",1.9,75,1008,194,NA,"Mega"
"Swampert",NA,"6'03""",1.9,75,1009,193,NA,"Mega"
"Camerupt",NA,"6'03""",1.9,75,1010,192,NA,NA
"Registeel",NA,"6'03""",1.9,75,1011,191,NA,NA
"Garchomp",NA,"6'03""",1.9,75,1012,190,NA,NA
"Garchomp",NA,"6'03""",1.9,75,1013,189,NA,"Mega"
"Yanmega",NA,"6'03""",1.9,75,1014,188,NA,NA
"Garbodor",NA,"6'03""",1.9,75,1015,187,NA,NA
"Sawsbuck",NA,"6'03""",1.9,75,1016,186,NA,NA
"Terrakion",NA,"6'03""",1.9,75,1017,185,NA,NA
"Type: Null",NA,"6'03""",1.9,75,1018,184,NA,NA
"Tapu Bulu",NA,"6'03""",1.9,75,1019,183,NA,NA
"Inteleon",NA,"6'03""",1.9,75,1020,182,NA,NA
"Urshifu","Single Strike Style","6'03""",1.9,75,1021,181,NA,NA
"Urshifu","Rapid Strike Style","6'03""",1.9,75,1022,180,NA,NA
"Toedscruel",NA,"6'03""",1.9,75,1023,179,NA,NA
"Espathra",NA,"6'03""",1.9,75,1024,178,NA,NA
"Chien-Pao",NA,"6'03""",1.9,75,1025,177,NA,NA
"Venusaur",NA,"6'07""",2,79,1026,176,NA,NA
"Ekans",NA,"6'07""",2,79,1027,175,NA,NA
"Arcanine",NA,"6'07""",2,79,1028,174,"Hisuian",NA
"Slowbro",NA,"6'07""",2,79,1029,173,NA,"Mega"
"Exeggutor",NA,"6'07""",2,79,1030,172,NA,NA
"Moltres",NA,"6'07""",2,79,1031,171,NA,NA
"Moltres",NA,"6'07""",2,79,1032,170,"Galarian",NA
"Mewtwo",NA,"6'07""",2,79,1033,169,NA,NA
"Slowking",NA,"6'07""",2,79,1034,168,NA,NA
"Scizor",NA,"6'07""",2,79,1035,167,NA,"Mega"
"Suicune",NA,"6'07""",2,79,1036,166,NA,NA
"Tyranitar",NA,"6'07""",2,79,1037,165,NA,NA
"Slaking",NA,"6'07""",2,79,1038,164,NA,NA
"Wailmer",NA,"6'07""",2,79,1039,163,NA,NA
"Flygon",NA,"6'07""",2,79,1040,162,NA,NA
"Tropius",NA,"6'07""",2,79,1041,161,NA,NA
"Latios",NA,"6'07""",2,79,1042,160,NA,NA
"Hippowdon",NA,"6'07""",2,79,1043,159,NA,NA
"Tangrowth",NA,"6'07""",2,79,1044,158,NA,NA
"Gliscor",NA,"6'07""",2,79,1045,157,NA,NA
"Virizion",NA,"6'07""",2,79,1046,156,NA,NA
"Goodra",NA,"6'07""",2,79,1047,155,NA,NA
"Avalugg",NA,"6'07""",2,79,1048,154,NA,NA
"Passimian",NA,"6'07""",2,79,1049,153,NA,NA
"Golisopod",NA,"6'07""",2,79,1050,152,NA,NA
"Turtonator",NA,"6'07""",2,79,1051,151,NA,NA
"Arctovish",NA,"6'07""",2,79,1052,150,NA,NA
"Spectrier",NA,"6'07""",2,79,1053,149,NA,NA
"Houndstone",NA,"6'07""",2,79,1054,148,NA,NA
"Kingambit",NA,"6'07""",2,79,1055,147,NA,NA
"Roaring Moon",NA,"6'07""",2,79,1056,146,NA,NA
"Archaludon",NA,"6'07""",2,79,1057,145,NA,NA
"Aerodactyl",NA,"6'11""",2.1,83,1058,144,NA,"Mega"
"Snorlax",NA,"6'11""",2.1,83,1059,143,NA,NA
"Mantine",NA,"6'11""",2.1,83,1060,142,NA,NA
"Entei",NA,"6'11""",2.1,83,1061,141,NA,NA
"Aggron",NA,"6'11""",2.1,83,1062,140,NA,NA
"Glalie",NA,"6'11""",2.1,83,1063,139,NA,"Mega"
"Eelektross",NA,"6'11""",2.1,83,1064,138,NA,NA
"Cobalion",NA,"6'11""",2.1,83,1065,137,NA,NA
"Pangoro",NA,"6'11""",2.1,83,1066,136,NA,NA
"Salazzle","Totem-sized","6'11""",2.1,83,1067,135,NA,NA
"Bewear",NA,"6'11""",2.1,83,1068,134,NA,NA
"Rillaboom",NA,"6'11""",2.1,83,1069,133,NA,NA
"Hatterene",NA,"6'11""",2.1,83,1070,132,NA,NA
"Regidrago",NA,"6'11""",2.1,83,1071,131,NA,NA
"Baxcalibur",NA,"6'11""",2.1,83,1072,130,NA,NA
"Pidgeot",NA,"7'03""",2.2,87,1073,129,NA,"Mega"
"Kangaskhan",NA,"7'03""",2.2,87,1074,128,NA,NA
"Kangaskhan",NA,"7'03""",2.2,87,1075,127,NA,"Mega"
"Dragonite",NA,"7'03""",2.2,87,1076,126,NA,NA
"Aggron",NA,"7'03""",2.2,87,1077,125,NA,"Mega"
"Torterra",NA,"7'03""",2.2,87,1078,124,NA,NA
"Abomasnow",NA,"7'03""",2.2,87,1079,123,NA,NA
"Dusknoir",NA,"7'03""",2.2,87,1080,122,NA,NA
"Jellicent",NA,"7'03""",2.2,87,1081,121,NA,NA
"Kommo-o","Totem-sized","7'03""",2.2,87,1082,120,NA,NA
"Corviknight",NA,"7'03""",2.2,87,1083,119,NA,NA
"Silicobra",NA,"7'03""",2.2,87,1084,118,NA,NA
"Glastrier",NA,"7'03""",2.2,87,1085,117,NA,NA
"Great Tusk",NA,"7'03""",2.2,87,1086,116,NA,NA
"Mewtwo X",NA,"7'07""",2.3,91,1087,115,NA,"Mega"
"Feraligatr",NA,"7'07""",2.3,91,1088,114,NA,NA
"Hariyama",NA,"7'07""",2.3,91,1089,113,NA,NA
"Latios",NA,"7'07""",2.3,91,1090,112,NA,"Mega"
"Silvally",NA,"7'07""",2.3,91,1091,111,NA,NA
"Arctozolt",NA,"7'07""",2.3,91,1092,110,NA,NA
"Dracovish",NA,"7'07""",2.3,91,1093,109,NA,NA
"Garganacl",NA,"7'07""",2.3,91,1094,108,NA,NA
"Sandy Shocks",NA,"7'07""",2.3,91,1095,107,NA,NA
"Venusaur",NA,"7'10""",2.4,94,1096,106,NA,"Mega"
"Rhyperior",NA,"7'10""",2.4,94,1097,105,NA,NA
"Buzzwole",NA,"7'10""",2.4,94,1098,104,NA,NA
"Necrozma",NA,"7'10""",2.4,94,1099,103,NA,NA
"Ice Rider Calyrex",NA,"7'10""",2.4,94,1100,102,NA,NA
"Shadow Rider Calyrex",NA,"7'10""",2.4,94,1101,101,NA,NA
"Ursaluna",NA,"7'10""",2.4,94,1102,100,NA,NA
"Lapras",NA,"8'02""",2.5,98,1103,99,NA,NA
"Tyranitar",NA,"8'02""",2.5,98,1104,98,NA,"Mega"
"Sharpedo",NA,"8'02""",2.5,98,1105,97,NA,"Mega"
"Camerupt",NA,"8'02""",2.5,98,1106,96,NA,"Mega"
"Metagross",NA,"8'02""",2.5,98,1107,95,NA,"Mega"
"Mamoswine",NA,"8'02""",2.5,98,1108,94,NA,NA
"Scolipede",NA,"8'02""",2.5,98,1109,93,NA,NA
"Tyrantrum",NA,"8'02""",2.5,98,1110,92,NA,NA
"Mudsdale",NA,"8'02""",2.5,98,1111,91,NA,NA
"Melmetal",NA,"8'02""",2.5,98,1112,90,NA,NA
"Stonjourner",NA,"8'02""",2.5,98,1113,89,NA,NA
"Overqwil",NA,"8'02""",2.5,98,1114,88,NA,NA
"Orthworm",NA,"8'02""",2.5,98,1115,87,NA,NA
"Veluza",NA,"8'02""",2.5,98,1116,86,NA,NA
"Koraidon","Apex Build","8'02""",2.5,98,1117,85,NA,NA
"Beartic",NA,"8'06""",2.6,102,1118,84,NA,NA
"Vikavolt","Totem-sized","8'06""",2.6,102,1119,83,NA,NA
"Seviper",NA,"8'10""",2.7,106,1120,82,NA,NA
"Abomasnow",NA,"8'10""",2.7,106,1121,81,NA,"Mega"
"Aurorus",NA,"8'10""",2.7,106,1122,80,NA,NA
"Ursaluna","Bloodmoon","8'10""",2.7,106,1123,79,NA,NA
"Ting-Lu",NA,"8'10""",2.7,106,1124,78,NA,NA
"Golurk",NA,"9'02""",2.8,110,1125,77,NA,NA
"Coalossal",NA,"9'02""",2.8,110,1126,76,NA,NA
"Zacian","Hero of Many Battles","9'02""",2.8,110,1127,75,NA,NA
"Zacian","Crowned Sword","9'02""",2.8,110,1128,74,NA,NA
"Zekrom",NA,"9'06""",2.9,114,1129,73,NA,NA
"Zamazenta","Hero of Many Battles","9'06""",2.9,114,1130,72,NA,NA
"Zamazenta","Crowned Shield","9'06""",2.9,114,1131,71,NA,NA
"Weezing",NA,"9'10""",3,118,1132,70,"Galarian",NA
"Thundurus","Therian Forme","9'10""",3,118,1133,69,NA,NA
"Kyurem",NA,"9'10""",3,118,1134,68,NA,NA
"Xerneas",NA,"9'10""",3,118,1135,67,NA,NA
"Drampa",NA,"9'10""",3,118,1136,66,NA,NA
"Centiskorch",NA,"9'10""",3,118,1137,65,NA,NA
"Falinks",NA,"9'10""",3,118,1138,64,NA,NA
"Copperajah",NA,"9'10""",3,118,1139,63,NA,NA
"Dragapult",NA,"9'10""",3,118,1140,62,NA,NA
"Basculegion",NA,"9'10""",3,118,1141,61,NA,NA
"Araquanid","Totem-sized","10'02""",3.1,122,1142,60,NA,NA
"Arceus",NA,"10'06""",3.2,126,1143,59,NA,NA
"Reshiram",NA,"10'06""",3.2,126,1144,58,NA,NA
"Farigiraf",NA,"10'06""",3.2,126,1145,57,NA,NA
"Slither Wing",NA,"10'06""",3.2,126,1146,56,NA,NA
"Serperior",NA,"10'10""",3.3,130,1147,55,NA,NA
"Black Kyurem",NA,"10'10""",3.3,130,1148,54,NA,NA
"Solgaleo",NA,"11'02""",3.4,134,1149,53,NA,NA
"Arbok",NA,"11'06""",3.5,138,1150,52,NA,NA
"Groudon",NA,"11'06""",3.5,138,1151,51,NA,NA
"Miraidon","Ultimate Mode","11'06""",3.5,138,1152,50,NA,NA
"Walking Wake",NA,"11'06""",3.5,138,1153,49,NA,NA
"Gouging Fire",NA,"11'06""",3.5,138,1154,48,NA,NA
"White Kyurem",NA,"11'10""",3.6,142,1155,47,NA,NA
"Naganadel",NA,"11'10""",3.6,142,1156,46,NA,NA
"Dudunsparce","Two-Segment Form","11'10""",3.6,142,1157,45,NA,NA
"Regigigas",NA,"12'02""",3.7,146,1158,44,NA,NA
"Ho-Oh",NA,"12'06""",3.8,150,1159,43,NA,NA
"Xurkitree",NA,"12'06""",3.8,150,1160,42,NA,NA
"Necrozma","Dusk Mane","12'06""",3.8,150,1161,41,NA,NA
"Sandaconda",NA,"12'06""",3.8,150,1162,40,NA,NA
"Dhelmise",NA,"12'10""",3.9,154,1163,39,NA,NA
"Dragonair",NA,"13'01""",4,157,1164,38,NA,NA
"Lunala",NA,"13'01""",4,157,1165,37,NA,NA
"Palkia",NA,"13'09""",4.2,165,1166,36,NA,NA
"Necrozma","Dawn Wings","13'09""",4.2,165,1167,35,NA,NA
"Kyogre",NA,"14'09""",4.5,177,1168,34,NA,NA
"Giratina","Altered Forme","14'09""",4.5,177,1169,33,NA,NA
"Zygarde","Complete Forme","14'09""",4.5,177,1170,32,NA,NA
"Cetitan",NA,"14'09""",4.5,177,1171,31,NA,NA
"Dudunsparce","Three-Segment Form","14'09""",4.5,177,1172,30,NA,NA
"Groudon",NA,"16'05""",5,197,1173,29,NA,"Primal"
"Zygarde","50% Forme","16'05""",5,197,1174,28,NA,NA
"Lugia",NA,"17'01""",5.2,205,1175,27,NA,NA
"Raging Bolt",NA,"17'01""",5.2,205,1176,26,NA,NA
"Dialga",NA,"17'09""",5.4,213,1177,25,NA,NA
"Guzzlord",NA,"18'01""",5.5,217,1178,24,NA,NA
"Stakataka",NA,"18'01""",5.5,217,1179,23,NA,NA
"Yveltal",NA,"19'00""",5.8,228,1180,22,NA,NA
"Milotic",NA,"20'04""",6.2,244,1181,21,NA,NA
"Palkia","Origin Forme","20'08""",6.3,248,1182,20,NA,NA
"Gyarados",NA,"21'04""",6.5,256,1183,19,NA,NA
"Gyarados",NA,"21'04""",6.5,256,1184,18,NA,"Mega"
"Hoopa Unbound",NA,"21'04""",6.5,256,1185,17,NA,NA
"Giratina","Origin Forme","22'08""",6.9,272,1186,16,NA,NA
"Rayquaza",NA,"23'00""",7,276,1187,15,NA,NA
"Dialga","Origin Forme","23'00""",7,276,1188,14,NA,NA
"Ultra Necrozma",NA,"24'07""",7.5,295,1189,13,NA,NA
"Wishiwashi","School Form","26'11""",8.2,323,1190,12,NA,NA
"Onix",NA,"28'10""",8.8,346,1191,11,NA,NA
"Steelix",NA,"30'02""",9.2,362,1192,10,NA,NA
"Celesteela",NA,"30'02""",9.2,362,1193,9,NA,NA
"Kyogre",NA,"32'02""",9.8,386,1194,8,NA,"Primal"
"Steelix",NA,"34'05""",10.5,413,1195,7,NA,"Mega"
"Rayquaza",NA,"35'05""",10.8,425,1196,6,NA,"Mega"
"Exeggutor",NA,"35'09""",10.9,429,1197,5,"Alolan",NA
"Dondozo",NA,"39'04""",12,472,1198,4,NA,NA
"Wailord",NA,"47'07""",14.5,571,1199,3,NA,NA
"Eternatus",NA,"65'07""",20,787,1200,2,NA,NA
"Eternamax Eternatus",NA,"328'01""",100,3937,1201,1,NA,NA
