"ndex","name","form","regional","type","type2","generation","isLegendary","isMythical","isUltraBeast","family","size"
1,"Bulbasaur",NA,NA,"Grass","Poison",1,FALSE,FALSE,FALSE,NA,NA
2,"Ivysaur",NA,NA,"Grass","Poison",1,FALSE,FALSE,FALSE,NA,NA
3,"Venusaur",NA,NA,"Grass","Poison",1,FALSE,FALSE,FALSE,NA,NA
4,"Charmander",NA,NA,"Fire",NA,1,FALSE,FALSE,FALSE,NA,NA
5,"Charmeleon",NA,NA,"Fire",NA,1,FALSE,FALSE,FALSE,NA,NA
6,"Charizard",NA,NA,"Fire","Flying",1,FALSE,FALSE,FALSE,NA,NA
7,"Squirtle",NA,NA,"Water",NA,1,FALSE,FALSE,FALSE,NA,NA
8,"Wartortle",NA,NA,"Water",NA,1,FALSE,FALSE,FALSE,NA,NA
9,"Blastoise",NA,NA,"Water",NA,1,FALSE,FALSE,FALSE,NA,NA
10,"Caterpie",NA,NA,"Bug",NA,1,FALSE,FALSE,FALSE,NA,NA
11,"Metapod",NA,NA,"Bug",NA,1,FALSE,FALSE,FALSE,NA,NA
12,"Butterfree",NA,NA,"Bug","Flying",1,FALSE,FALSE,FALSE,NA,NA
13,"Weedle",NA,NA,"Bug","Poison",1,FALSE,FALSE,FALSE,NA,NA
14,"Kakuna",NA,NA,"Bug","Poison",1,FALSE,FALSE,FALSE,NA,NA
15,"Beedrill",NA,NA,"Bug","Poison",1,FALSE,FALSE,FALSE,NA,NA
16,"Pidgey",NA,NA,"Normal","Flying",1,FALSE,FALSE,FALSE,NA,NA
17,"Pidgeotto",NA,NA,"Normal","Flying",1,FALSE,FALSE,FALSE,NA,NA
18,"Pidgeot",NA,NA,"Normal","Flying",1,FALSE,FALSE,FALSE,NA,NA
19,"Rattata",NA,NA,"Normal",NA,1,FALSE,FALSE,FALSE,NA,NA
19,"Rattata",NA,"Alolan Form","Dark","Normal",1,FALSE,FALSE,FALSE,NA,NA
20,"Raticate",NA,NA,"Normal",NA,1,FALSE,FALSE,FALSE,NA,NA
20,"Raticate",NA,"Alolan Form","Dark","Normal",1,FALSE,FALSE,FALSE,NA,NA
21,"Spearow",NA,NA,"Normal","Flying",1,FALSE,FALSE,FALSE,NA,NA
22,"Fearow",NA,NA,"Normal","Flying",1,FALSE,FALSE,FALSE,NA,NA
23,"Ekans",NA,NA,"Poison",NA,1,FALSE,FALSE,FALSE,NA,NA
24,"Arbok",NA,NA,"Poison",NA,1,FALSE,FALSE,FALSE,NA,NA
25,"Pikachu",NA,NA,"Electric",NA,1,FALSE,FALSE,FALSE,NA,NA
26,"Raichu",NA,NA,"Electric",NA,1,FALSE,FALSE,FALSE,NA,NA
26,"Raichu",NA,"Alolan Form","Electric","Psychic",1,FALSE,FALSE,FALSE,NA,NA
27,"Sandshrew",NA,NA,"Ground",NA,1,FALSE,FALSE,FALSE,NA,NA
27,"Sandshrew",NA,"Alolan Form","Ice","Steel",1,FALSE,FALSE,FALSE,NA,NA
28,"Sandslash",NA,NA,"Ground",NA,1,FALSE,FALSE,FALSE,NA,NA
28,"Sandslash",NA,"Alolan Form","Ice","Steel",1,FALSE,FALSE,FALSE,NA,NA
29,"Nidoran♀",NA,NA,"Poison",NA,1,FALSE,FALSE,FALSE,NA,NA
30,"Nidorina",NA,NA,"Poison",NA,1,FALSE,FALSE,FALSE,NA,NA
31,"Nidoqueen",NA,NA,"Poison","Ground",1,FALSE,FALSE,FALSE,NA,NA
32,"Nidoran♂",NA,NA,"Poison",NA,1,FALSE,FALSE,FALSE,NA,NA
33,"Nidorino",NA,NA,"Poison",NA,1,FALSE,FALSE,FALSE,NA,NA
34,"Nidoking",NA,NA,"Poison","Ground",1,FALSE,FALSE,FALSE,NA,NA
35,"Clefairy",NA,NA,"Fairy",NA,1,FALSE,FALSE,FALSE,NA,NA
36,"Clefable",NA,NA,"Fairy",NA,1,FALSE,FALSE,FALSE,NA,NA
37,"Vulpix",NA,NA,"Fire",NA,1,FALSE,FALSE,FALSE,NA,NA
37,"Vulpix",NA,"Alolan Form","Ice",NA,1,FALSE,FALSE,FALSE,NA,NA
38,"Ninetales",NA,NA,"Fire",NA,1,FALSE,FALSE,FALSE,NA,NA
38,"Ninetales",NA,"Alolan Form","Ice","Fairy",1,FALSE,FALSE,FALSE,NA,NA
39,"Jigglypuff",NA,NA,"Normal","Fairy",1,FALSE,FALSE,FALSE,NA,NA
40,"Wigglytuff",NA,NA,"Normal","Fairy",1,FALSE,FALSE,FALSE,NA,NA
41,"Zubat",NA,NA,"Poison","Flying",1,FALSE,FALSE,FALSE,NA,NA
42,"Golbat",NA,NA,"Poison","Flying",1,FALSE,FALSE,FALSE,NA,NA
43,"Oddish",NA,NA,"Grass","Poison",1,FALSE,FALSE,FALSE,NA,NA
44,"Gloom",NA,NA,"Grass","Poison",1,FALSE,FALSE,FALSE,NA,NA
45,"Vileplume",NA,NA,"Grass","Poison",1,FALSE,FALSE,FALSE,NA,NA
46,"Paras",NA,NA,"Bug","Grass",1,FALSE,FALSE,FALSE,NA,NA
47,"Parasect",NA,NA,"Bug","Grass",1,FALSE,FALSE,FALSE,NA,NA
48,"Venonat",NA,NA,"Bug","Poison",1,FALSE,FALSE,FALSE,NA,NA
49,"Venomoth",NA,NA,"Bug","Poison",1,FALSE,FALSE,FALSE,NA,NA
50,"Diglett",NA,NA,"Ground",NA,1,FALSE,FALSE,FALSE,NA,NA
50,"Diglett",NA,"Alolan Form","Ground","Steel",1,FALSE,FALSE,FALSE,NA,NA
51,"Dugtrio",NA,NA,"Ground",NA,1,FALSE,FALSE,FALSE,NA,NA
51,"Dugtrio",NA,"Alolan Form","Ground","Steel",1,FALSE,FALSE,FALSE,NA,NA
52,"Meowth",NA,NA,"Normal",NA,1,FALSE,FALSE,FALSE,NA,NA
52,"Meowth",NA,"Alolan Form","Dark",NA,1,FALSE,FALSE,FALSE,NA,NA
52,"Meowth",NA,"Galarian Form","Steel",NA,1,FALSE,FALSE,FALSE,NA,NA
53,"Persian",NA,NA,"Normal",NA,1,FALSE,FALSE,FALSE,NA,NA
53,"Persian",NA,"Alolan Form","Dark",NA,1,FALSE,FALSE,FALSE,NA,NA
54,"Psyduck",NA,NA,"Water",NA,1,FALSE,FALSE,FALSE,NA,NA
55,"Golduck",NA,NA,"Water",NA,1,FALSE,FALSE,FALSE,NA,NA
56,"Mankey",NA,NA,"Fighting",NA,1,FALSE,FALSE,FALSE,NA,NA
57,"Primeape",NA,NA,"Fighting",NA,1,FALSE,FALSE,FALSE,NA,NA
58,"Growlithe",NA,NA,"Fire",NA,1,FALSE,FALSE,FALSE,NA,NA
58,"Growlithe",NA,"Hisuian Form","Fire","Rock",1,FALSE,FALSE,FALSE,NA,NA
59,"Arcanine",NA,NA,"Fire",NA,1,FALSE,FALSE,FALSE,NA,NA
59,"Arcanine",NA,"Hisuian Form","Fire","Rock",1,FALSE,FALSE,FALSE,NA,NA
60,"Poliwag",NA,NA,"Water",NA,1,FALSE,FALSE,FALSE,NA,NA
61,"Poliwhirl",NA,NA,"Water",NA,1,FALSE,FALSE,FALSE,NA,NA
62,"Poliwrath",NA,NA,"Water","Fighting",1,FALSE,FALSE,FALSE,NA,NA
63,"Abra",NA,NA,"Psychic",NA,1,FALSE,FALSE,FALSE,NA,NA
64,"Kadabra",NA,NA,"Psychic",NA,1,FALSE,FALSE,FALSE,NA,NA
65,"Alakazam",NA,NA,"Psychic",NA,1,FALSE,FALSE,FALSE,NA,NA
66,"Machop",NA,NA,"Fighting",NA,1,FALSE,FALSE,FALSE,NA,NA
67,"Machoke",NA,NA,"Fighting",NA,1,FALSE,FALSE,FALSE,NA,NA
68,"Machamp",NA,NA,"Fighting",NA,1,FALSE,FALSE,FALSE,NA,NA
69,"Bellsprout",NA,NA,"Grass","Poison",1,FALSE,FALSE,FALSE,NA,NA
70,"Weepinbell",NA,NA,"Grass","Poison",1,FALSE,FALSE,FALSE,NA,NA
71,"Victreebel",NA,NA,"Grass","Poison",1,FALSE,FALSE,FALSE,NA,NA
72,"Tentacool",NA,NA,"Water","Poison",1,FALSE,FALSE,FALSE,NA,NA
73,"Tentacruel",NA,NA,"Water","Poison",1,FALSE,FALSE,FALSE,NA,NA
74,"Geodude",NA,NA,"Rock","Ground",1,FALSE,FALSE,FALSE,NA,NA
74,"Geodude",NA,"Alolan Form","Rock","Electric",1,FALSE,FALSE,FALSE,NA,NA
75,"Graveler",NA,NA,"Rock","Ground",1,FALSE,FALSE,FALSE,NA,NA
75,"Graveler",NA,"Alolan Form","Rock","Electric",1,FALSE,FALSE,FALSE,NA,NA
76,"Golem",NA,NA,"Rock","Ground",1,FALSE,FALSE,FALSE,NA,NA
76,"Golem",NA,"Alolan Form","Rock","Electric",1,FALSE,FALSE,FALSE,NA,NA
77,"Ponyta",NA,NA,"Fire",NA,1,FALSE,FALSE,FALSE,NA,NA
77,"Ponyta",NA,"Galarian Form","Psychic",NA,1,FALSE,FALSE,FALSE,NA,NA
78,"Rapidash",NA,NA,"Fire",NA,1,FALSE,FALSE,FALSE,NA,NA
78,"Rapidash",NA,"Galarian Form","Psychic","Fairy",1,FALSE,FALSE,FALSE,NA,NA
79,"Slowpoke",NA,NA,"Water","Psychic",1,FALSE,FALSE,FALSE,NA,NA
79,"Slowpoke",NA,"Galarian Form","Psychic",NA,1,FALSE,FALSE,FALSE,NA,NA
80,"Slowbro",NA,NA,"Water","Psychic",1,FALSE,FALSE,FALSE,NA,NA
80,"Slowbro",NA,"Galarian Form","Poison","Psychic",1,FALSE,FALSE,FALSE,NA,NA
81,"Magnemite",NA,NA,"Electric","Steel",1,FALSE,FALSE,FALSE,NA,NA
82,"Magneton",NA,NA,"Electric","Steel",1,FALSE,FALSE,FALSE,NA,NA
83,"Farfetch'd",NA,NA,"Normal","Flying",1,FALSE,FALSE,FALSE,NA,NA
83,"Farfetch'd",NA,"Galarian Form","Fighting",NA,1,FALSE,FALSE,FALSE,NA,NA
84,"Doduo",NA,NA,"Normal","Flying",1,FALSE,FALSE,FALSE,NA,NA
85,"Dodrio",NA,NA,"Normal","Flying",1,FALSE,FALSE,FALSE,NA,NA
86,"Seel",NA,NA,"Water",NA,1,FALSE,FALSE,FALSE,NA,NA
87,"Dewgong",NA,NA,"Water","Ice",1,FALSE,FALSE,FALSE,NA,NA
88,"Grimer",NA,NA,"Poison",NA,1,FALSE,FALSE,FALSE,NA,NA
88,"Grimer",NA,"Alolan Form","Poison","Dark",1,FALSE,FALSE,FALSE,NA,NA
89,"Muk",NA,NA,"Poison",NA,1,FALSE,FALSE,FALSE,NA,NA
89,"Muk",NA,"Alolan Form","Poison","Dark",1,FALSE,FALSE,FALSE,NA,NA
90,"Shellder",NA,NA,"Water",NA,1,FALSE,FALSE,FALSE,NA,NA
91,"Cloyster",NA,NA,"Water","Ice",1,FALSE,FALSE,FALSE,NA,NA
92,"Gastly",NA,NA,"Ghost","Poison",1,FALSE,FALSE,FALSE,NA,NA
93,"Haunter",NA,NA,"Ghost","Poison",1,FALSE,FALSE,FALSE,NA,NA
94,"Gengar",NA,NA,"Ghost","Poison",1,FALSE,FALSE,FALSE,NA,NA
95,"Onix",NA,NA,"Rock","Ground",1,FALSE,FALSE,FALSE,NA,NA
96,"Drowzee",NA,NA,"Psychic",NA,1,FALSE,FALSE,FALSE,NA,NA
97,"Hypno",NA,NA,"Psychic",NA,1,FALSE,FALSE,FALSE,NA,NA
98,"Krabby",NA,NA,"Water",NA,1,FALSE,FALSE,FALSE,NA,NA
99,"Kingler",NA,NA,"Water",NA,1,FALSE,FALSE,FALSE,NA,NA
100,"Voltorb",NA,NA,"Electric",NA,1,FALSE,FALSE,FALSE,NA,NA
100,"Voltorb",NA,"Hisuian Form","Electric","Grass",1,FALSE,FALSE,FALSE,NA,NA
101,"Electrode",NA,NA,"Electric",NA,1,FALSE,FALSE,FALSE,NA,NA
101,"Electrode",NA,"Hisuian Form","Electric","Grass",1,FALSE,FALSE,FALSE,NA,NA
102,"Exeggcute",NA,NA,"Grass","Psychic",1,FALSE,FALSE,FALSE,NA,NA
103,"Exeggutor",NA,NA,"Grass","Psychic",1,FALSE,FALSE,FALSE,NA,NA
103,"Exeggutor",NA,"Alolan Form","Grass","Dragon",1,FALSE,FALSE,FALSE,NA,NA
104,"Cubone",NA,NA,"Ground",NA,1,FALSE,FALSE,FALSE,NA,NA
105,"Marowak",NA,NA,"Ground",NA,1,FALSE,FALSE,FALSE,NA,NA
105,"Marowak",NA,"Alolan Form","Fire","Ghost",1,FALSE,FALSE,FALSE,NA,NA
106,"Hitmonlee",NA,NA,"Fighting",NA,1,FALSE,FALSE,FALSE,NA,NA
107,"Hitmonchan",NA,NA,"Fighting",NA,1,FALSE,FALSE,FALSE,NA,NA
108,"Lickitung",NA,NA,"Normal",NA,1,FALSE,FALSE,FALSE,NA,NA
109,"Koffing",NA,NA,"Poison",NA,1,FALSE,FALSE,FALSE,NA,NA
110,"Weezing",NA,NA,"Poison",NA,1,FALSE,FALSE,FALSE,NA,NA
110,"Weezing",NA,"Galarian Form","Poison","Fairy",1,FALSE,FALSE,FALSE,NA,NA
111,"Rhyhorn",NA,NA,"Ground","Rock",1,FALSE,FALSE,FALSE,NA,NA
112,"Rhydon",NA,NA,"Ground","Rock",1,FALSE,FALSE,FALSE,NA,NA
113,"Chansey",NA,NA,"Normal",NA,1,FALSE,FALSE,FALSE,NA,NA
114,"Tangela",NA,NA,"Grass",NA,1,FALSE,FALSE,FALSE,NA,NA
115,"Kangaskhan",NA,NA,"Normal",NA,1,FALSE,FALSE,FALSE,NA,NA
116,"Horsea",NA,NA,"Water",NA,1,FALSE,FALSE,FALSE,NA,NA
117,"Seadra",NA,NA,"Water",NA,1,FALSE,FALSE,FALSE,NA,NA
118,"Goldeen",NA,NA,"Water",NA,1,FALSE,FALSE,FALSE,NA,NA
119,"Seaking",NA,NA,"Water",NA,1,FALSE,FALSE,FALSE,NA,NA
120,"Staryu",NA,NA,"Water",NA,1,FALSE,FALSE,FALSE,NA,NA
121,"Starmie",NA,NA,"Water","Psychic",1,FALSE,FALSE,FALSE,NA,NA
122,"Mr. Mime",NA,NA,"Psychic","Fairy",1,FALSE,FALSE,FALSE,NA,NA
122,"Mr. Mime",NA,"Galarian Form","Ice","Psychic",1,FALSE,FALSE,FALSE,NA,NA
123,"Scyther",NA,NA,"Bug","Flying",1,FALSE,FALSE,FALSE,NA,NA
124,"Jynx",NA,NA,"Ice","Psychic",1,FALSE,FALSE,FALSE,NA,NA
125,"Electabuzz",NA,NA,"Electric",NA,1,FALSE,FALSE,FALSE,NA,NA
126,"Magmar",NA,NA,"Fire",NA,1,FALSE,FALSE,FALSE,NA,NA
127,"Pinsir",NA,NA,"Bug",NA,1,FALSE,FALSE,FALSE,NA,NA
128,"Tauros",NA,NA,"Normal",NA,1,FALSE,FALSE,FALSE,NA,NA
128,"Tauros","Combat Breed","Paldean Form","Fighting",NA,1,FALSE,FALSE,FALSE,NA,NA
128,"Tauros","Blaze Breed","Paldean Form","Fighting","Fire",1,FALSE,FALSE,FALSE,NA,NA
128,"Tauros","Aqua Breed","Paldean Form","Fighting","Water",1,FALSE,FALSE,FALSE,NA,NA
129,"Magikarp",NA,NA,"Water",NA,1,FALSE,FALSE,FALSE,NA,NA
130,"Gyarados",NA,NA,"Water","Flying",1,FALSE,FALSE,FALSE,NA,NA
131,"Lapras",NA,NA,"Water","Ice",1,FALSE,FALSE,FALSE,NA,NA
132,"Ditto",NA,NA,"Normal",NA,1,FALSE,FALSE,FALSE,NA,NA
133,"Eevee",NA,NA,"Normal",NA,1,FALSE,FALSE,FALSE,NA,NA
134,"Vaporeon",NA,NA,"Water",NA,1,FALSE,FALSE,FALSE,NA,NA
135,"Jolteon",NA,NA,"Electric",NA,1,FALSE,FALSE,FALSE,NA,NA
136,"Flareon",NA,NA,"Fire",NA,1,FALSE,FALSE,FALSE,NA,NA
137,"Porygon",NA,NA,"Normal",NA,1,FALSE,FALSE,FALSE,NA,NA
138,"Omanyte",NA,NA,"Rock","Water",1,FALSE,FALSE,FALSE,NA,NA
139,"Omastar",NA,NA,"Rock","Water",1,FALSE,FALSE,FALSE,NA,NA
140,"Kabuto",NA,NA,"Rock","Water",1,FALSE,FALSE,FALSE,NA,NA
141,"Kabutops",NA,NA,"Rock","Water",1,FALSE,FALSE,FALSE,NA,NA
142,"Aerodactyl",NA,NA,"Rock","Flying",1,FALSE,FALSE,FALSE,NA,NA
143,"Snorlax",NA,NA,"Normal",NA,1,FALSE,FALSE,FALSE,NA,NA
144,"Articuno",NA,NA,"Ice","Flying",1,TRUE,FALSE,FALSE,"Legendary birds","trios"
144,"Articuno",NA,"Galarian Form","Psychic","Flying",1,TRUE,FALSE,FALSE,"Legendary birds","trios"
145,"Zapdos",NA,NA,"Electric","Flying",1,TRUE,FALSE,FALSE,"Legendary birds","trios"
145,"Zapdos",NA,"Galarian Form","Fighting","Flying",1,TRUE,FALSE,FALSE,"Legendary birds","trios"
146,"Moltres",NA,NA,"Fire","Flying",1,TRUE,FALSE,FALSE,"Legendary birds","trios"
146,"Moltres",NA,"Galarian Form","Dark","Flying",1,TRUE,FALSE,FALSE,"Legendary birds","trios"
147,"Dratini",NA,NA,"Dragon",NA,1,FALSE,FALSE,FALSE,NA,NA
148,"Dragonair",NA,NA,"Dragon",NA,1,FALSE,FALSE,FALSE,NA,NA
149,"Dragonite",NA,NA,"Dragon","Flying",1,FALSE,FALSE,FALSE,NA,NA
150,"Mewtwo",NA,NA,"Psychic",NA,1,TRUE,FALSE,FALSE,"Mew duo","duos"
151,"Mew",NA,NA,"Psychic",NA,1,FALSE,TRUE,FALSE,"Mew duo","duos"
152,"Chikorita",NA,NA,"Grass",NA,2,FALSE,FALSE,FALSE,NA,NA
153,"Bayleef",NA,NA,"Grass",NA,2,FALSE,FALSE,FALSE,NA,NA
154,"Meganium",NA,NA,"Grass",NA,2,FALSE,FALSE,FALSE,NA,NA
155,"Cyndaquil",NA,NA,"Fire",NA,2,FALSE,FALSE,FALSE,NA,NA
156,"Quilava",NA,NA,"Fire",NA,2,FALSE,FALSE,FALSE,NA,NA
157,"Typhlosion",NA,NA,"Fire",NA,2,FALSE,FALSE,FALSE,NA,NA
157,"Typhlosion",NA,"Hisuian Form","Fire","Ghost",2,FALSE,FALSE,FALSE,NA,NA
158,"Totodile",NA,NA,"Water",NA,2,FALSE,FALSE,FALSE,NA,NA
159,"Croconaw",NA,NA,"Water",NA,2,FALSE,FALSE,FALSE,NA,NA
160,"Feraligatr",NA,NA,"Water",NA,2,FALSE,FALSE,FALSE,NA,NA
161,"Sentret",NA,NA,"Normal",NA,2,FALSE,FALSE,FALSE,NA,NA
162,"Furret",NA,NA,"Normal",NA,2,FALSE,FALSE,FALSE,NA,NA
163,"Hoothoot",NA,NA,"Normal","Flying",2,FALSE,FALSE,FALSE,NA,NA
164,"Noctowl",NA,NA,"Normal","Flying",2,FALSE,FALSE,FALSE,NA,NA
165,"Ledyba",NA,NA,"Bug","Flying",2,FALSE,FALSE,FALSE,NA,NA
166,"Ledian",NA,NA,"Bug","Flying",2,FALSE,FALSE,FALSE,NA,NA
167,"Spinarak",NA,NA,"Bug","Poison",2,FALSE,FALSE,FALSE,NA,NA
168,"Ariados",NA,NA,"Bug","Poison",2,FALSE,FALSE,FALSE,NA,NA
169,"Crobat",NA,NA,"Poison","Flying",2,FALSE,FALSE,FALSE,NA,NA
170,"Chinchou",NA,NA,"Water","Electric",2,FALSE,FALSE,FALSE,NA,NA
171,"Lanturn",NA,NA,"Water","Electric",2,FALSE,FALSE,FALSE,NA,NA
172,"Pichu",NA,NA,"Electric",NA,2,FALSE,FALSE,FALSE,NA,NA
173,"Cleffa",NA,NA,"Fairy",NA,2,FALSE,FALSE,FALSE,NA,NA
174,"Igglybuff",NA,NA,"Normal","Fairy",2,FALSE,FALSE,FALSE,NA,NA
175,"Togepi",NA,NA,"Fairy",NA,2,FALSE,FALSE,FALSE,NA,NA
176,"Togetic",NA,NA,"Fairy","Flying",2,FALSE,FALSE,FALSE,NA,NA
177,"Natu",NA,NA,"Psychic","Flying",2,FALSE,FALSE,FALSE,NA,NA
178,"Xatu",NA,NA,"Psychic","Flying",2,FALSE,FALSE,FALSE,NA,NA
179,"Mareep",NA,NA,"Electric",NA,2,FALSE,FALSE,FALSE,NA,NA
180,"Flaaffy",NA,NA,"Electric",NA,2,FALSE,FALSE,FALSE,NA,NA
181,"Ampharos",NA,NA,"Electric",NA,2,FALSE,FALSE,FALSE,NA,NA
182,"Bellossom",NA,NA,"Grass",NA,2,FALSE,FALSE,FALSE,NA,NA
183,"Marill",NA,NA,"Water","Fairy",2,FALSE,FALSE,FALSE,NA,NA
184,"Azumarill",NA,NA,"Water","Fairy",2,FALSE,FALSE,FALSE,NA,NA
185,"Sudowoodo",NA,NA,"Rock",NA,2,FALSE,FALSE,FALSE,NA,NA
186,"Politoed",NA,NA,"Water",NA,2,FALSE,FALSE,FALSE,NA,NA
187,"Hoppip",NA,NA,"Grass","Flying",2,FALSE,FALSE,FALSE,NA,NA
188,"Skiploom",NA,NA,"Grass","Flying",2,FALSE,FALSE,FALSE,NA,NA
189,"Jumpluff",NA,NA,"Grass","Flying",2,FALSE,FALSE,FALSE,NA,NA
190,"Aipom",NA,NA,"Normal",NA,2,FALSE,FALSE,FALSE,NA,NA
191,"Sunkern",NA,NA,"Grass",NA,2,FALSE,FALSE,FALSE,NA,NA
192,"Sunflora",NA,NA,"Grass",NA,2,FALSE,FALSE,FALSE,NA,NA
193,"Yanma",NA,NA,"Bug","Flying",2,FALSE,FALSE,FALSE,NA,NA
194,"Wooper",NA,NA,"Water","Ground",2,FALSE,FALSE,FALSE,NA,NA
194,"Wooper",NA,"Paldean Form","Poison","Ground",2,FALSE,FALSE,FALSE,NA,NA
195,"Quagsire",NA,NA,"Water","Ground",2,FALSE,FALSE,FALSE,NA,NA
196,"Espeon",NA,NA,"Psychic",NA,2,FALSE,FALSE,FALSE,NA,NA
197,"Umbreon",NA,NA,"Dark",NA,2,FALSE,FALSE,FALSE,NA,NA
198,"Murkrow",NA,NA,"Dark","Flying",2,FALSE,FALSE,FALSE,NA,NA
199,"Slowking",NA,NA,"Water","Psychic",2,FALSE,FALSE,FALSE,NA,NA
199,"Slowking",NA,"Galarian Form","Poison","Psychic",2,FALSE,FALSE,FALSE,NA,NA
200,"Misdreavus",NA,NA,"Ghost",NA,2,FALSE,FALSE,FALSE,NA,NA
201,"Unown","One form",NA,"Psychic",NA,2,FALSE,FALSE,FALSE,NA,NA
202,"Wobbuffet",NA,NA,"Psychic",NA,2,FALSE,FALSE,FALSE,NA,NA
203,"Girafarig",NA,NA,"Normal","Psychic",2,FALSE,FALSE,FALSE,NA,NA
204,"Pineco",NA,NA,"Bug",NA,2,FALSE,FALSE,FALSE,NA,NA
205,"Forretress",NA,NA,"Bug","Steel",2,FALSE,FALSE,FALSE,NA,NA
206,"Dunsparce",NA,NA,"Normal",NA,2,FALSE,FALSE,FALSE,NA,NA
207,"Gligar",NA,NA,"Ground","Flying",2,FALSE,FALSE,FALSE,NA,NA
208,"Steelix",NA,NA,"Steel","Ground",2,FALSE,FALSE,FALSE,NA,NA
209,"Snubbull",NA,NA,"Fairy",NA,2,FALSE,FALSE,FALSE,NA,NA
210,"Granbull",NA,NA,"Fairy",NA,2,FALSE,FALSE,FALSE,NA,NA
211,"Qwilfish",NA,NA,"Water","Poison",2,FALSE,FALSE,FALSE,NA,NA
211,"Qwilfish",NA,"Hisuian Form","Dark","Poison",2,FALSE,FALSE,FALSE,NA,NA
212,"Scizor",NA,NA,"Bug","Steel",2,FALSE,FALSE,FALSE,NA,NA
213,"Shuckle",NA,NA,"Bug","Rock",2,FALSE,FALSE,FALSE,NA,NA
214,"Heracross",NA,NA,"Bug","Fighting",2,FALSE,FALSE,FALSE,NA,NA
215,"Sneasel",NA,NA,"Dark","Ice",2,FALSE,FALSE,FALSE,NA,NA
215,"Sneasel",NA,"Hisuian Form","Fighting","Poison",2,FALSE,FALSE,FALSE,NA,NA
216,"Teddiursa",NA,NA,"Normal",NA,2,FALSE,FALSE,FALSE,NA,NA
217,"Ursaring",NA,NA,"Normal",NA,2,FALSE,FALSE,FALSE,NA,NA
218,"Slugma",NA,NA,"Fire",NA,2,FALSE,FALSE,FALSE,NA,NA
219,"Magcargo",NA,NA,"Fire","Rock",2,FALSE,FALSE,FALSE,NA,NA
220,"Swinub",NA,NA,"Ice","Ground",2,FALSE,FALSE,FALSE,NA,NA
221,"Piloswine",NA,NA,"Ice","Ground",2,FALSE,FALSE,FALSE,NA,NA
222,"Corsola",NA,NA,"Water","Rock",2,FALSE,FALSE,FALSE,NA,NA
222,"Corsola",NA,"Galarian Form","Ghost",NA,2,FALSE,FALSE,FALSE,NA,NA
223,"Remoraid",NA,NA,"Water",NA,2,FALSE,FALSE,FALSE,NA,NA
224,"Octillery",NA,NA,"Water",NA,2,FALSE,FALSE,FALSE,NA,NA
225,"Delibird",NA,NA,"Ice","Flying",2,FALSE,FALSE,FALSE,NA,NA
226,"Mantine",NA,NA,"Water","Flying",2,FALSE,FALSE,FALSE,NA,NA
227,"Skarmory",NA,NA,"Steel","Flying",2,FALSE,FALSE,FALSE,NA,NA
228,"Houndour",NA,NA,"Dark","Fire",2,FALSE,FALSE,FALSE,NA,NA
229,"Houndoom",NA,NA,"Dark","Fire",2,FALSE,FALSE,FALSE,NA,NA
230,"Kingdra",NA,NA,"Water","Dragon",2,FALSE,FALSE,FALSE,NA,NA
231,"Phanpy",NA,NA,"Ground",NA,2,FALSE,FALSE,FALSE,NA,NA
232,"Donphan",NA,NA,"Ground",NA,2,FALSE,FALSE,FALSE,NA,NA
233,"Porygon2",NA,NA,"Normal",NA,2,FALSE,FALSE,FALSE,NA,NA
234,"Stantler",NA,NA,"Normal",NA,2,FALSE,FALSE,FALSE,NA,NA
235,"Smeargle",NA,NA,"Normal",NA,2,FALSE,FALSE,FALSE,NA,NA
236,"Tyrogue",NA,NA,"Fighting",NA,2,FALSE,FALSE,FALSE,NA,NA
237,"Hitmontop",NA,NA,"Fighting",NA,2,FALSE,FALSE,FALSE,NA,NA
238,"Smoochum",NA,NA,"Ice","Psychic",2,FALSE,FALSE,FALSE,NA,NA
239,"Elekid",NA,NA,"Electric",NA,2,FALSE,FALSE,FALSE,NA,NA
240,"Magby",NA,NA,"Fire",NA,2,FALSE,FALSE,FALSE,NA,NA
241,"Miltank",NA,NA,"Normal",NA,2,FALSE,FALSE,FALSE,NA,NA
242,"Blissey",NA,NA,"Normal",NA,2,FALSE,FALSE,FALSE,NA,NA
243,"Raikou",NA,NA,"Electric",NA,2,TRUE,FALSE,FALSE,"Legendary beasts","trios"
244,"Entei",NA,NA,"Fire",NA,2,TRUE,FALSE,FALSE,"Legendary beasts","trios"
245,"Suicune",NA,NA,"Water",NA,2,TRUE,FALSE,FALSE,"Legendary beasts","trios"
246,"Larvitar",NA,NA,"Rock","Ground",2,FALSE,FALSE,FALSE,NA,NA
247,"Pupitar",NA,NA,"Rock","Ground",2,FALSE,FALSE,FALSE,NA,NA
248,"Tyranitar",NA,NA,"Rock","Dark",2,FALSE,FALSE,FALSE,NA,NA
249,"Lugia",NA,NA,"Psychic","Flying",2,TRUE,FALSE,FALSE,"Tower duo","duos"
250,"Ho-Oh",NA,NA,"Fire","Flying",2,TRUE,FALSE,FALSE,"Tower duo","duos"
251,"Celebi",NA,NA,"Psychic","Grass",2,FALSE,TRUE,FALSE,NA,NA
252,"Treecko",NA,NA,"Grass",NA,3,FALSE,FALSE,FALSE,NA,NA
253,"Grovyle",NA,NA,"Grass",NA,3,FALSE,FALSE,FALSE,NA,NA
254,"Sceptile",NA,NA,"Grass",NA,3,FALSE,FALSE,FALSE,NA,NA
255,"Torchic",NA,NA,"Fire",NA,3,FALSE,FALSE,FALSE,NA,NA
256,"Combusken",NA,NA,"Fire","Fighting",3,FALSE,FALSE,FALSE,NA,NA
257,"Blaziken",NA,NA,"Fire","Fighting",3,FALSE,FALSE,FALSE,NA,NA
258,"Mudkip",NA,NA,"Water",NA,3,FALSE,FALSE,FALSE,NA,NA
259,"Marshtomp",NA,NA,"Water","Ground",3,FALSE,FALSE,FALSE,NA,NA
260,"Swampert",NA,NA,"Water","Ground",3,FALSE,FALSE,FALSE,NA,NA
261,"Poochyena",NA,NA,"Dark",NA,3,FALSE,FALSE,FALSE,NA,NA
262,"Mightyena",NA,NA,"Dark",NA,3,FALSE,FALSE,FALSE,NA,NA
263,"Zigzagoon",NA,NA,"Normal",NA,3,FALSE,FALSE,FALSE,NA,NA
263,"Zigzagoon",NA,"Galarian Form","Dark","Normal",3,FALSE,FALSE,FALSE,NA,NA
264,"Linoone",NA,NA,"Normal",NA,3,FALSE,FALSE,FALSE,NA,NA
264,"Linoone",NA,"Galarian Form","Dark","Normal",3,FALSE,FALSE,FALSE,NA,NA
265,"Wurmple",NA,NA,"Bug",NA,3,FALSE,FALSE,FALSE,NA,NA
266,"Silcoon",NA,NA,"Bug",NA,3,FALSE,FALSE,FALSE,NA,NA
267,"Beautifly",NA,NA,"Bug","Flying",3,FALSE,FALSE,FALSE,NA,NA
268,"Cascoon",NA,NA,"Bug",NA,3,FALSE,FALSE,FALSE,NA,NA
269,"Dustox",NA,NA,"Bug","Poison",3,FALSE,FALSE,FALSE,NA,NA
270,"Lotad",NA,NA,"Water","Grass",3,FALSE,FALSE,FALSE,NA,NA
271,"Lombre",NA,NA,"Water","Grass",3,FALSE,FALSE,FALSE,NA,NA
272,"Ludicolo",NA,NA,"Water","Grass",3,FALSE,FALSE,FALSE,NA,NA
273,"Seedot",NA,NA,"Grass",NA,3,FALSE,FALSE,FALSE,NA,NA
274,"Nuzleaf",NA,NA,"Grass","Dark",3,FALSE,FALSE,FALSE,NA,NA
275,"Shiftry",NA,NA,"Grass","Dark",3,FALSE,FALSE,FALSE,NA,NA
276,"Taillow",NA,NA,"Normal","Flying",3,FALSE,FALSE,FALSE,NA,NA
277,"Swellow",NA,NA,"Normal","Flying",3,FALSE,FALSE,FALSE,NA,NA
278,"Wingull",NA,NA,"Water","Flying",3,FALSE,FALSE,FALSE,NA,NA
279,"Pelipper",NA,NA,"Water","Flying",3,FALSE,FALSE,FALSE,NA,NA
280,"Ralts",NA,NA,"Psychic","Fairy",3,FALSE,FALSE,FALSE,NA,NA
281,"Kirlia",NA,NA,"Psychic","Fairy",3,FALSE,FALSE,FALSE,NA,NA
282,"Gardevoir",NA,NA,"Psychic","Fairy",3,FALSE,FALSE,FALSE,NA,NA
283,"Surskit",NA,NA,"Bug","Water",3,FALSE,FALSE,FALSE,NA,NA
284,"Masquerain",NA,NA,"Bug","Flying",3,FALSE,FALSE,FALSE,NA,NA
285,"Shroomish",NA,NA,"Grass",NA,3,FALSE,FALSE,FALSE,NA,NA
286,"Breloom",NA,NA,"Grass","Fighting",3,FALSE,FALSE,FALSE,NA,NA
287,"Slakoth",NA,NA,"Normal",NA,3,FALSE,FALSE,FALSE,NA,NA
288,"Vigoroth",NA,NA,"Normal",NA,3,FALSE,FALSE,FALSE,NA,NA
289,"Slaking",NA,NA,"Normal",NA,3,FALSE,FALSE,FALSE,NA,NA
290,"Nincada",NA,NA,"Bug","Ground",3,FALSE,FALSE,FALSE,NA,NA
291,"Ninjask",NA,NA,"Bug","Flying",3,FALSE,FALSE,FALSE,NA,NA
292,"Shedinja",NA,NA,"Bug","Ghost",3,FALSE,FALSE,FALSE,NA,NA
293,"Whismur",NA,NA,"Normal",NA,3,FALSE,FALSE,FALSE,NA,NA
294,"Loudred",NA,NA,"Normal",NA,3,FALSE,FALSE,FALSE,NA,NA
295,"Exploud",NA,NA,"Normal",NA,3,FALSE,FALSE,FALSE,NA,NA
296,"Makuhita",NA,NA,"Fighting",NA,3,FALSE,FALSE,FALSE,NA,NA
297,"Hariyama",NA,NA,"Fighting",NA,3,FALSE,FALSE,FALSE,NA,NA
298,"Azurill",NA,NA,"Normal","Fairy",3,FALSE,FALSE,FALSE,NA,NA
299,"Nosepass",NA,NA,"Rock",NA,3,FALSE,FALSE,FALSE,NA,NA
300,"Skitty",NA,NA,"Normal",NA,3,FALSE,FALSE,FALSE,NA,NA
301,"Delcatty",NA,NA,"Normal",NA,3,FALSE,FALSE,FALSE,NA,NA
302,"Sableye",NA,NA,"Dark","Ghost",3,FALSE,FALSE,FALSE,NA,NA
303,"Mawile",NA,NA,"Steel","Fairy",3,FALSE,FALSE,FALSE,NA,NA
304,"Aron",NA,NA,"Steel","Rock",3,FALSE,FALSE,FALSE,NA,NA
305,"Lairon",NA,NA,"Steel","Rock",3,FALSE,FALSE,FALSE,NA,NA
306,"Aggron",NA,NA,"Steel","Rock",3,FALSE,FALSE,FALSE,NA,NA
307,"Meditite",NA,NA,"Fighting","Psychic",3,FALSE,FALSE,FALSE,NA,NA
308,"Medicham",NA,NA,"Fighting","Psychic",3,FALSE,FALSE,FALSE,NA,NA
309,"Electrike",NA,NA,"Electric",NA,3,FALSE,FALSE,FALSE,NA,NA
310,"Manectric",NA,NA,"Electric",NA,3,FALSE,FALSE,FALSE,NA,NA
311,"Plusle",NA,NA,"Electric",NA,3,FALSE,FALSE,FALSE,NA,NA
312,"Minun",NA,NA,"Electric",NA,3,FALSE,FALSE,FALSE,NA,NA
313,"Volbeat",NA,NA,"Bug",NA,3,FALSE,FALSE,FALSE,NA,NA
314,"Illumise",NA,NA,"Bug",NA,3,FALSE,FALSE,FALSE,NA,NA
315,"Roselia",NA,NA,"Grass","Poison",3,FALSE,FALSE,FALSE,NA,NA
316,"Gulpin",NA,NA,"Poison",NA,3,FALSE,FALSE,FALSE,NA,NA
317,"Swalot",NA,NA,"Poison",NA,3,FALSE,FALSE,FALSE,NA,NA
318,"Carvanha",NA,NA,"Water","Dark",3,FALSE,FALSE,FALSE,NA,NA
319,"Sharpedo",NA,NA,"Water","Dark",3,FALSE,FALSE,FALSE,NA,NA
320,"Wailmer",NA,NA,"Water",NA,3,FALSE,FALSE,FALSE,NA,NA
321,"Wailord",NA,NA,"Water",NA,3,FALSE,FALSE,FALSE,NA,NA
322,"Numel",NA,NA,"Fire","Ground",3,FALSE,FALSE,FALSE,NA,NA
323,"Camerupt",NA,NA,"Fire","Ground",3,FALSE,FALSE,FALSE,NA,NA
324,"Torkoal",NA,NA,"Fire",NA,3,FALSE,FALSE,FALSE,NA,NA
325,"Spoink",NA,NA,"Psychic",NA,3,FALSE,FALSE,FALSE,NA,NA
326,"Grumpig",NA,NA,"Psychic",NA,3,FALSE,FALSE,FALSE,NA,NA
327,"Spinda",NA,NA,"Normal",NA,3,FALSE,FALSE,FALSE,NA,NA
328,"Trapinch",NA,NA,"Ground",NA,3,FALSE,FALSE,FALSE,NA,NA
329,"Vibrava",NA,NA,"Ground","Dragon",3,FALSE,FALSE,FALSE,NA,NA
330,"Flygon",NA,NA,"Ground","Dragon",3,FALSE,FALSE,FALSE,NA,NA
331,"Cacnea",NA,NA,"Grass",NA,3,FALSE,FALSE,FALSE,NA,NA
332,"Cacturne",NA,NA,"Grass","Dark",3,FALSE,FALSE,FALSE,NA,NA
333,"Swablu",NA,NA,"Normal","Flying",3,FALSE,FALSE,FALSE,NA,NA
334,"Altaria",NA,NA,"Dragon","Flying",3,FALSE,FALSE,FALSE,NA,NA
335,"Zangoose",NA,NA,"Normal",NA,3,FALSE,FALSE,FALSE,NA,NA
336,"Seviper",NA,NA,"Poison",NA,3,FALSE,FALSE,FALSE,NA,NA
337,"Lunatone",NA,NA,"Rock","Psychic",3,FALSE,FALSE,FALSE,NA,NA
338,"Solrock",NA,NA,"Rock","Psychic",3,FALSE,FALSE,FALSE,NA,NA
339,"Barboach",NA,NA,"Water","Ground",3,FALSE,FALSE,FALSE,NA,NA
340,"Whiscash",NA,NA,"Water","Ground",3,FALSE,FALSE,FALSE,NA,NA
341,"Corphish",NA,NA,"Water",NA,3,FALSE,FALSE,FALSE,NA,NA
342,"Crawdaunt",NA,NA,"Water","Dark",3,FALSE,FALSE,FALSE,NA,NA
343,"Baltoy",NA,NA,"Ground","Psychic",3,FALSE,FALSE,FALSE,NA,NA
344,"Claydol",NA,NA,"Ground","Psychic",3,FALSE,FALSE,FALSE,NA,NA
345,"Lileep",NA,NA,"Rock","Grass",3,FALSE,FALSE,FALSE,NA,NA
346,"Cradily",NA,NA,"Rock","Grass",3,FALSE,FALSE,FALSE,NA,NA
347,"Anorith",NA,NA,"Rock","Bug",3,FALSE,FALSE,FALSE,NA,NA
348,"Armaldo",NA,NA,"Rock","Bug",3,FALSE,FALSE,FALSE,NA,NA
349,"Feebas",NA,NA,"Water",NA,3,FALSE,FALSE,FALSE,NA,NA
350,"Milotic",NA,NA,"Water",NA,3,FALSE,FALSE,FALSE,NA,NA
351,"Castform","Normal",NA,"Normal",NA,3,FALSE,FALSE,FALSE,NA,NA
351,"Castform","Sunny Form",NA,"Fire",NA,3,FALSE,FALSE,FALSE,NA,NA
351,"Castform","Rainy Form",NA,"Water",NA,3,FALSE,FALSE,FALSE,NA,NA
351,"Castform","Snowy Form",NA,"Ice",NA,3,FALSE,FALSE,FALSE,NA,NA
352,"Kecleon",NA,NA,"Normal",NA,3,FALSE,FALSE,FALSE,NA,NA
353,"Shuppet",NA,NA,"Ghost",NA,3,FALSE,FALSE,FALSE,NA,NA
354,"Banette",NA,NA,"Ghost",NA,3,FALSE,FALSE,FALSE,NA,NA
355,"Duskull",NA,NA,"Ghost",NA,3,FALSE,FALSE,FALSE,NA,NA
356,"Dusclops",NA,NA,"Ghost",NA,3,FALSE,FALSE,FALSE,NA,NA
357,"Tropius",NA,NA,"Grass","Flying",3,FALSE,FALSE,FALSE,NA,NA
358,"Chimecho",NA,NA,"Psychic",NA,3,FALSE,FALSE,FALSE,NA,NA
359,"Absol",NA,NA,"Dark",NA,3,FALSE,FALSE,FALSE,NA,NA
360,"Wynaut",NA,NA,"Psychic",NA,3,FALSE,FALSE,FALSE,NA,NA
361,"Snorunt",NA,NA,"Ice",NA,3,FALSE,FALSE,FALSE,NA,NA
362,"Glalie",NA,NA,"Ice",NA,3,FALSE,FALSE,FALSE,NA,NA
363,"Spheal",NA,NA,"Ice","Water",3,FALSE,FALSE,FALSE,NA,NA
364,"Sealeo",NA,NA,"Ice","Water",3,FALSE,FALSE,FALSE,NA,NA
365,"Walrein",NA,NA,"Ice","Water",3,FALSE,FALSE,FALSE,NA,NA
366,"Clamperl",NA,NA,"Water",NA,3,FALSE,FALSE,FALSE,NA,NA
367,"Huntail",NA,NA,"Water",NA,3,FALSE,FALSE,FALSE,NA,NA
368,"Gorebyss",NA,NA,"Water",NA,3,FALSE,FALSE,FALSE,NA,NA
369,"Relicanth",NA,NA,"Water","Rock",3,FALSE,FALSE,FALSE,NA,NA
370,"Luvdisc",NA,NA,"Water",NA,3,FALSE,FALSE,FALSE,NA,NA
371,"Bagon",NA,NA,"Dragon",NA,3,FALSE,FALSE,FALSE,NA,NA
372,"Shelgon",NA,NA,"Dragon",NA,3,FALSE,FALSE,FALSE,NA,NA
373,"Salamence",NA,NA,"Dragon","Flying",3,FALSE,FALSE,FALSE,NA,NA
374,"Beldum",NA,NA,"Steel","Psychic",3,FALSE,FALSE,FALSE,NA,NA
375,"Metang",NA,NA,"Steel","Psychic",3,FALSE,FALSE,FALSE,NA,NA
376,"Metagross",NA,NA,"Steel","Psychic",3,FALSE,FALSE,FALSE,NA,NA
377,"Regirock",NA,NA,"Rock",NA,3,TRUE,FALSE,FALSE,"Legendary giants","quintets"
378,"Regice",NA,NA,"Ice",NA,3,TRUE,FALSE,FALSE,"Legendary giants","quintets"
379,"Registeel",NA,NA,"Steel",NA,3,TRUE,FALSE,FALSE,"Legendary giants","quintets"
380,"Latias",NA,NA,"Dragon","Psychic",3,TRUE,FALSE,FALSE,"Eon duo","duos"
381,"Latios",NA,NA,"Dragon","Psychic",3,TRUE,FALSE,FALSE,"Eon duo","duos"
382,"Kyogre",NA,NA,"Water",NA,3,TRUE,FALSE,FALSE,"Super-ancient Pokémon","trios"
383,"Groudon",NA,NA,"Ground",NA,3,TRUE,FALSE,FALSE,"Super-ancient Pokémon","trios"
384,"Rayquaza",NA,NA,"Dragon","Flying",3,TRUE,FALSE,FALSE,"Super-ancient Pokémon","trios"
385,"Jirachi",NA,NA,"Steel","Psychic",3,FALSE,TRUE,FALSE,NA,NA
386,"Deoxys","Normal Forme",NA,"Psychic",NA,3,FALSE,TRUE,FALSE,NA,NA
386,"Deoxys","Attack Forme",NA,"Psychic",NA,3,FALSE,TRUE,FALSE,NA,NA
386,"Deoxys","Defense Forme",NA,"Psychic",NA,3,FALSE,TRUE,FALSE,NA,NA
386,"Deoxys","Speed Forme",NA,"Psychic",NA,3,FALSE,TRUE,FALSE,NA,NA
387,"Turtwig",NA,NA,"Grass",NA,4,FALSE,FALSE,FALSE,NA,NA
388,"Grotle",NA,NA,"Grass",NA,4,FALSE,FALSE,FALSE,NA,NA
389,"Torterra",NA,NA,"Grass","Ground",4,FALSE,FALSE,FALSE,NA,NA
390,"Chimchar",NA,NA,"Fire",NA,4,FALSE,FALSE,FALSE,NA,NA
391,"Monferno",NA,NA,"Fire","Fighting",4,FALSE,FALSE,FALSE,NA,NA
392,"Infernape",NA,NA,"Fire","Fighting",4,FALSE,FALSE,FALSE,NA,NA
393,"Piplup",NA,NA,"Water",NA,4,FALSE,FALSE,FALSE,NA,NA
394,"Prinplup",NA,NA,"Water",NA,4,FALSE,FALSE,FALSE,NA,NA
395,"Empoleon",NA,NA,"Water","Steel",4,FALSE,FALSE,FALSE,NA,NA
396,"Starly",NA,NA,"Normal","Flying",4,FALSE,FALSE,FALSE,NA,NA
397,"Staravia",NA,NA,"Normal","Flying",4,FALSE,FALSE,FALSE,NA,NA
398,"Staraptor",NA,NA,"Normal","Flying",4,FALSE,FALSE,FALSE,NA,NA
399,"Bidoof",NA,NA,"Normal",NA,4,FALSE,FALSE,FALSE,NA,NA
400,"Bibarel",NA,NA,"Normal","Water",4,FALSE,FALSE,FALSE,NA,NA
401,"Kricketot",NA,NA,"Bug",NA,4,FALSE,FALSE,FALSE,NA,NA
402,"Kricketune",NA,NA,"Bug",NA,4,FALSE,FALSE,FALSE,NA,NA
403,"Shinx",NA,NA,"Electric",NA,4,FALSE,FALSE,FALSE,NA,NA
404,"Luxio",NA,NA,"Electric",NA,4,FALSE,FALSE,FALSE,NA,NA
405,"Luxray",NA,NA,"Electric",NA,4,FALSE,FALSE,FALSE,NA,NA
406,"Budew",NA,NA,"Grass","Poison",4,FALSE,FALSE,FALSE,NA,NA
407,"Roserade",NA,NA,"Grass","Poison",4,FALSE,FALSE,FALSE,NA,NA
408,"Cranidos",NA,NA,"Rock",NA,4,FALSE,FALSE,FALSE,NA,NA
409,"Rampardos",NA,NA,"Rock",NA,4,FALSE,FALSE,FALSE,NA,NA
410,"Shieldon",NA,NA,"Rock","Steel",4,FALSE,FALSE,FALSE,NA,NA
411,"Bastiodon",NA,NA,"Rock","Steel",4,FALSE,FALSE,FALSE,NA,NA
412,"Burmy","Plant Cloak",NA,"Bug",NA,4,FALSE,FALSE,FALSE,NA,NA
412,"Burmy","Sandy Cloak",NA,"Bug",NA,4,FALSE,FALSE,FALSE,NA,NA
412,"Burmy","Trash Cloak",NA,"Bug",NA,4,FALSE,FALSE,FALSE,NA,NA
413,"Wormadam","Plant Cloak",NA,"Bug","Grass",4,FALSE,FALSE,FALSE,NA,NA
413,"Wormadam","Sandy Cloak",NA,"Bug","Ground",4,FALSE,FALSE,FALSE,NA,NA
413,"Wormadam","Trash Cloak",NA,"Bug","Steel",4,FALSE,FALSE,FALSE,NA,NA
414,"Mothim",NA,NA,"Bug","Flying",4,FALSE,FALSE,FALSE,NA,NA
415,"Combee",NA,NA,"Bug","Flying",4,FALSE,FALSE,FALSE,NA,NA
416,"Vespiquen",NA,NA,"Bug","Flying",4,FALSE,FALSE,FALSE,NA,NA
417,"Pachirisu",NA,NA,"Electric",NA,4,FALSE,FALSE,FALSE,NA,NA
418,"Buizel",NA,NA,"Water",NA,4,FALSE,FALSE,FALSE,NA,NA
419,"Floatzel",NA,NA,"Water",NA,4,FALSE,FALSE,FALSE,NA,NA
420,"Cherubi",NA,NA,"Grass",NA,4,FALSE,FALSE,FALSE,NA,NA
421,"Cherrim","Overcast Form",NA,"Grass",NA,4,FALSE,FALSE,FALSE,NA,NA
421,"Cherrim","Sunshine Form",NA,"Grass",NA,4,FALSE,FALSE,FALSE,NA,NA
422,"Shellos","West Sea",NA,"Water",NA,4,FALSE,FALSE,FALSE,NA,NA
422,"Shellos","East Sea",NA,"Water",NA,4,FALSE,FALSE,FALSE,NA,NA
423,"Gastrodon","West Sea",NA,"Water","Ground",4,FALSE,FALSE,FALSE,NA,NA
423,"Gastrodon","East Sea",NA,"Water","Ground",4,FALSE,FALSE,FALSE,NA,NA
424,"Ambipom",NA,NA,"Normal",NA,4,FALSE,FALSE,FALSE,NA,NA
425,"Drifloon",NA,NA,"Ghost","Flying",4,FALSE,FALSE,FALSE,NA,NA
426,"Drifblim",NA,NA,"Ghost","Flying",4,FALSE,FALSE,FALSE,NA,NA
427,"Buneary",NA,NA,"Normal",NA,4,FALSE,FALSE,FALSE,NA,NA
428,"Lopunny",NA,NA,"Normal",NA,4,FALSE,FALSE,FALSE,NA,NA
429,"Mismagius",NA,NA,"Ghost",NA,4,FALSE,FALSE,FALSE,NA,NA
430,"Honchkrow",NA,NA,"Dark","Flying",4,FALSE,FALSE,FALSE,NA,NA
431,"Glameow",NA,NA,"Normal",NA,4,FALSE,FALSE,FALSE,NA,NA
432,"Purugly",NA,NA,"Normal",NA,4,FALSE,FALSE,FALSE,NA,NA
433,"Chingling",NA,NA,"Psychic",NA,4,FALSE,FALSE,FALSE,NA,NA
434,"Stunky",NA,NA,"Poison","Dark",4,FALSE,FALSE,FALSE,NA,NA
435,"Skuntank",NA,NA,"Poison","Dark",4,FALSE,FALSE,FALSE,NA,NA
436,"Bronzor",NA,NA,"Steel","Psychic",4,FALSE,FALSE,FALSE,NA,NA
437,"Bronzong",NA,NA,"Steel","Psychic",4,FALSE,FALSE,FALSE,NA,NA
438,"Bonsly",NA,NA,"Rock",NA,4,FALSE,FALSE,FALSE,NA,NA
439,"Mime Jr.",NA,NA,"Psychic","Fairy",4,FALSE,FALSE,FALSE,NA,NA
440,"Happiny",NA,NA,"Normal",NA,4,FALSE,FALSE,FALSE,NA,NA
441,"Chatot",NA,NA,"Normal","Flying",4,FALSE,FALSE,FALSE,NA,NA
442,"Spiritomb",NA,NA,"Ghost","Dark",4,FALSE,FALSE,FALSE,NA,NA
443,"Gible",NA,NA,"Dragon","Ground",4,FALSE,FALSE,FALSE,NA,NA
444,"Gabite",NA,NA,"Dragon","Ground",4,FALSE,FALSE,FALSE,NA,NA
445,"Garchomp",NA,NA,"Dragon","Ground",4,FALSE,FALSE,FALSE,NA,NA
446,"Munchlax",NA,NA,"Normal",NA,4,FALSE,FALSE,FALSE,NA,NA
447,"Riolu",NA,NA,"Fighting",NA,4,FALSE,FALSE,FALSE,NA,NA
448,"Lucario",NA,NA,"Fighting","Steel",4,FALSE,FALSE,FALSE,NA,NA
449,"Hippopotas",NA,NA,"Ground",NA,4,FALSE,FALSE,FALSE,NA,NA
450,"Hippowdon",NA,NA,"Ground",NA,4,FALSE,FALSE,FALSE,NA,NA
451,"Skorupi",NA,NA,"Poison","Bug",4,FALSE,FALSE,FALSE,NA,NA
452,"Drapion",NA,NA,"Poison","Dark",4,FALSE,FALSE,FALSE,NA,NA
453,"Croagunk",NA,NA,"Poison","Fighting",4,FALSE,FALSE,FALSE,NA,NA
454,"Toxicroak",NA,NA,"Poison","Fighting",4,FALSE,FALSE,FALSE,NA,NA
455,"Carnivine",NA,NA,"Grass",NA,4,FALSE,FALSE,FALSE,NA,NA
456,"Finneon",NA,NA,"Water",NA,4,FALSE,FALSE,FALSE,NA,NA
457,"Lumineon",NA,NA,"Water",NA,4,FALSE,FALSE,FALSE,NA,NA
458,"Mantyke",NA,NA,"Water","Flying",4,FALSE,FALSE,FALSE,NA,NA
459,"Snover",NA,NA,"Grass","Ice",4,FALSE,FALSE,FALSE,NA,NA
460,"Abomasnow",NA,NA,"Grass","Ice",4,FALSE,FALSE,FALSE,NA,NA
461,"Weavile",NA,NA,"Dark","Ice",4,FALSE,FALSE,FALSE,NA,NA
462,"Magnezone",NA,NA,"Electric","Steel",4,FALSE,FALSE,FALSE,NA,NA
463,"Lickilicky",NA,NA,"Normal",NA,4,FALSE,FALSE,FALSE,NA,NA
464,"Rhyperior",NA,NA,"Ground","Rock",4,FALSE,FALSE,FALSE,NA,NA
465,"Tangrowth",NA,NA,"Grass",NA,4,FALSE,FALSE,FALSE,NA,NA
466,"Electivire",NA,NA,"Electric",NA,4,FALSE,FALSE,FALSE,NA,NA
467,"Magmortar",NA,NA,"Fire",NA,4,FALSE,FALSE,FALSE,NA,NA
468,"Togekiss",NA,NA,"Fairy","Flying",4,FALSE,FALSE,FALSE,NA,NA
469,"Yanmega",NA,NA,"Bug","Flying",4,FALSE,FALSE,FALSE,NA,NA
470,"Leafeon",NA,NA,"Grass",NA,4,FALSE,FALSE,FALSE,NA,NA
471,"Glaceon",NA,NA,"Ice",NA,4,FALSE,FALSE,FALSE,NA,NA
472,"Gliscor",NA,NA,"Ground","Flying",4,FALSE,FALSE,FALSE,NA,NA
473,"Mamoswine",NA,NA,"Ice","Ground",4,FALSE,FALSE,FALSE,NA,NA
474,"Porygon-Z",NA,NA,"Normal",NA,4,FALSE,FALSE,FALSE,NA,NA
475,"Gallade",NA,NA,"Psychic","Fighting",4,FALSE,FALSE,FALSE,NA,NA
476,"Probopass",NA,NA,"Rock","Steel",4,FALSE,FALSE,FALSE,NA,NA
477,"Dusknoir",NA,NA,"Ghost",NA,4,FALSE,FALSE,FALSE,NA,NA
478,"Froslass",NA,NA,"Ice","Ghost",4,FALSE,FALSE,FALSE,NA,NA
479,"Rotom",NA,NA,"Electric","Ghost",4,FALSE,FALSE,FALSE,NA,NA
479,"Rotom","Heat Rotom",NA,"Electric","Fire",4,FALSE,FALSE,FALSE,NA,NA
479,"Rotom","Wash Rotom",NA,"Electric","Water",4,FALSE,FALSE,FALSE,NA,NA
479,"Rotom","Frost Rotom",NA,"Electric","Ice",4,FALSE,FALSE,FALSE,NA,NA
479,"Rotom","Fan Rotom",NA,"Electric","Flying",4,FALSE,FALSE,FALSE,NA,NA
479,"Rotom","Mow Rotom",NA,"Electric","Grass",4,FALSE,FALSE,FALSE,NA,NA
480,"Uxie",NA,NA,"Psychic",NA,4,TRUE,FALSE,FALSE,"Lake guardians","trios"
481,"Mesprit",NA,NA,"Psychic",NA,4,TRUE,FALSE,FALSE,"Lake guardians","trios"
482,"Azelf",NA,NA,"Psychic",NA,4,TRUE,FALSE,FALSE,"Lake guardians","trios"
483,"Dialga",NA,NA,"Steel","Dragon",4,TRUE,FALSE,FALSE,"Pokémon of Myth","trios"
483,"Dialga","Origin Forme",NA,"Steel","Dragon",4,TRUE,FALSE,FALSE,"Pokémon of Myth","trios"
484,"Palkia",NA,NA,"Water","Dragon",4,TRUE,FALSE,FALSE,"Pokémon of Myth","trios"
484,"Palkia","Origin Forme",NA,"Water","Dragon",4,TRUE,FALSE,FALSE,"Pokémon of Myth","trios"
485,"Heatran",NA,NA,"Fire","Steel",4,TRUE,FALSE,FALSE,NA,NA
486,"Regigigas",NA,NA,"Normal",NA,4,TRUE,FALSE,FALSE,NA,NA
487,"Giratina","Altered Forme",NA,"Ghost","Dragon",4,TRUE,FALSE,FALSE,"Pokémon of Myth","trios"
487,"Giratina","Origin Forme",NA,"Ghost","Dragon",4,TRUE,FALSE,FALSE,"Pokémon of Myth","trios"
488,"Cresselia",NA,NA,"Psychic",NA,4,TRUE,FALSE,FALSE,"Lunar duo","duos"
489,"Phione",NA,NA,"Water",NA,4,FALSE,TRUE,FALSE,"Sea guardians","duos"
490,"Manaphy",NA,NA,"Water",NA,4,FALSE,TRUE,FALSE,"Sea guardians","duos"
491,"Darkrai",NA,NA,"Dark",NA,4,FALSE,TRUE,FALSE,"Lunar duo","duos"
492,"Shaymin","Land Forme",NA,"Grass",NA,4,FALSE,TRUE,FALSE,NA,NA
492,"Shaymin","Sky Forme",NA,"Grass","Flying",4,FALSE,TRUE,FALSE,NA,NA
493,"Arceus",NA,NA,"Normal",NA,4,FALSE,TRUE,FALSE,NA,NA
494,"Victini",NA,NA,"Psychic","Fire",5,FALSE,TRUE,FALSE,NA,NA
495,"Snivy",NA,NA,"Grass",NA,5,FALSE,FALSE,FALSE,NA,NA
496,"Servine",NA,NA,"Grass",NA,5,FALSE,FALSE,FALSE,NA,NA
497,"Serperior",NA,NA,"Grass",NA,5,FALSE,FALSE,FALSE,NA,NA
498,"Tepig",NA,NA,"Fire",NA,5,FALSE,FALSE,FALSE,NA,NA
499,"Pignite",NA,NA,"Fire","Fighting",5,FALSE,FALSE,FALSE,NA,NA
500,"Emboar",NA,NA,"Fire","Fighting",5,FALSE,FALSE,FALSE,NA,NA
501,"Oshawott",NA,NA,"Water",NA,5,FALSE,FALSE,FALSE,NA,NA
502,"Dewott",NA,NA,"Water",NA,5,FALSE,FALSE,FALSE,NA,NA
503,"Samurott",NA,NA,"Water",NA,5,FALSE,FALSE,FALSE,NA,NA
503,"Samurott",NA,"Hisuian Form","Water","Dark",5,FALSE,FALSE,FALSE,NA,NA
504,"Patrat",NA,NA,"Normal",NA,5,FALSE,FALSE,FALSE,NA,NA
505,"Watchog",NA,NA,"Normal",NA,5,FALSE,FALSE,FALSE,NA,NA
506,"Lillipup",NA,NA,"Normal",NA,5,FALSE,FALSE,FALSE,NA,NA
507,"Herdier",NA,NA,"Normal",NA,5,FALSE,FALSE,FALSE,NA,NA
508,"Stoutland",NA,NA,"Normal",NA,5,FALSE,FALSE,FALSE,NA,NA
509,"Purrloin",NA,NA,"Dark",NA,5,FALSE,FALSE,FALSE,NA,NA
510,"Liepard",NA,NA,"Dark",NA,5,FALSE,FALSE,FALSE,NA,NA
511,"Pansage",NA,NA,"Grass",NA,5,FALSE,FALSE,FALSE,NA,NA
512,"Simisage",NA,NA,"Grass",NA,5,FALSE,FALSE,FALSE,NA,NA
513,"Pansear",NA,NA,"Fire",NA,5,FALSE,FALSE,FALSE,NA,NA
514,"Simisear",NA,NA,"Fire",NA,5,FALSE,FALSE,FALSE,NA,NA
515,"Panpour",NA,NA,"Water",NA,5,FALSE,FALSE,FALSE,NA,NA
516,"Simipour",NA,NA,"Water",NA,5,FALSE,FALSE,FALSE,NA,NA
517,"Munna",NA,NA,"Psychic",NA,5,FALSE,FALSE,FALSE,NA,NA
518,"Musharna",NA,NA,"Psychic",NA,5,FALSE,FALSE,FALSE,NA,NA
519,"Pidove",NA,NA,"Normal","Flying",5,FALSE,FALSE,FALSE,NA,NA
520,"Tranquill",NA,NA,"Normal","Flying",5,FALSE,FALSE,FALSE,NA,NA
521,"Unfezant",NA,NA,"Normal","Flying",5,FALSE,FALSE,FALSE,NA,NA
522,"Blitzle",NA,NA,"Electric",NA,5,FALSE,FALSE,FALSE,NA,NA
523,"Zebstrika",NA,NA,"Electric",NA,5,FALSE,FALSE,FALSE,NA,NA
524,"Roggenrola",NA,NA,"Rock",NA,5,FALSE,FALSE,FALSE,NA,NA
525,"Boldore",NA,NA,"Rock",NA,5,FALSE,FALSE,FALSE,NA,NA
526,"Gigalith",NA,NA,"Rock",NA,5,FALSE,FALSE,FALSE,NA,NA
527,"Woobat",NA,NA,"Psychic","Flying",5,FALSE,FALSE,FALSE,NA,NA
528,"Swoobat",NA,NA,"Psychic","Flying",5,FALSE,FALSE,FALSE,NA,NA
529,"Drilbur",NA,NA,"Ground",NA,5,FALSE,FALSE,FALSE,NA,NA
530,"Excadrill",NA,NA,"Ground","Steel",5,FALSE,FALSE,FALSE,NA,NA
531,"Audino",NA,NA,"Normal",NA,5,FALSE,FALSE,FALSE,NA,NA
532,"Timburr",NA,NA,"Fighting",NA,5,FALSE,FALSE,FALSE,NA,NA
533,"Gurdurr",NA,NA,"Fighting",NA,5,FALSE,FALSE,FALSE,NA,NA
534,"Conkeldurr",NA,NA,"Fighting",NA,5,FALSE,FALSE,FALSE,NA,NA
535,"Tympole",NA,NA,"Water",NA,5,FALSE,FALSE,FALSE,NA,NA
536,"Palpitoad",NA,NA,"Water","Ground",5,FALSE,FALSE,FALSE,NA,NA
537,"Seismitoad",NA,NA,"Water","Ground",5,FALSE,FALSE,FALSE,NA,NA
538,"Throh",NA,NA,"Fighting",NA,5,FALSE,FALSE,FALSE,NA,NA
539,"Sawk",NA,NA,"Fighting",NA,5,FALSE,FALSE,FALSE,NA,NA
540,"Sewaddle",NA,NA,"Bug","Grass",5,FALSE,FALSE,FALSE,NA,NA
541,"Swadloon",NA,NA,"Bug","Grass",5,FALSE,FALSE,FALSE,NA,NA
542,"Leavanny",NA,NA,"Bug","Grass",5,FALSE,FALSE,FALSE,NA,NA
543,"Venipede",NA,NA,"Bug","Poison",5,FALSE,FALSE,FALSE,NA,NA
544,"Whirlipede",NA,NA,"Bug","Poison",5,FALSE,FALSE,FALSE,NA,NA
545,"Scolipede",NA,NA,"Bug","Poison",5,FALSE,FALSE,FALSE,NA,NA
546,"Cottonee",NA,NA,"Grass","Fairy",5,FALSE,FALSE,FALSE,NA,NA
547,"Whimsicott",NA,NA,"Grass","Fairy",5,FALSE,FALSE,FALSE,NA,NA
548,"Petilil",NA,NA,"Grass",NA,5,FALSE,FALSE,FALSE,NA,NA
549,"Lilligant",NA,NA,"Grass",NA,5,FALSE,FALSE,FALSE,NA,NA
549,"Lilligant",NA,"Hisuian Form","Grass","Fighting",5,FALSE,FALSE,FALSE,NA,NA
550,"Basculin","Red-Striped Form",NA,"Water",NA,5,FALSE,FALSE,FALSE,NA,NA
550,"Basculin","Blue-Striped Form",NA,"Water",NA,5,FALSE,FALSE,FALSE,NA,NA
550,"Basculin","White-Striped Form",NA,"Water",NA,5,FALSE,FALSE,FALSE,NA,NA
551,"Sandile",NA,NA,"Ground","Dark",5,FALSE,FALSE,FALSE,NA,NA
552,"Krokorok",NA,NA,"Ground","Dark",5,FALSE,FALSE,FALSE,NA,NA
553,"Krookodile",NA,NA,"Ground","Dark",5,FALSE,FALSE,FALSE,NA,NA
554,"Darumaka",NA,NA,"Fire",NA,5,FALSE,FALSE,FALSE,NA,NA
554,"Darumaka",NA,"Galarian Form","Ice",NA,5,FALSE,FALSE,FALSE,NA,NA
555,"Darmanitan","Standard Mode",NA,"Fire",NA,5,FALSE,FALSE,FALSE,NA,NA
555,"Darmanitan","Zen Mode",NA,"Fire","Psychic",5,FALSE,FALSE,FALSE,NA,NA
555,"Darmanitan",NA,"Galarian Form","Ice",NA,5,FALSE,FALSE,FALSE,NA,NA
555,"Darmanitan","Zen Mode","Galarian Form","Ice","Fire",5,FALSE,FALSE,FALSE,NA,NA
556,"Maractus",NA,NA,"Grass",NA,5,FALSE,FALSE,FALSE,NA,NA
557,"Dwebble",NA,NA,"Bug","Rock",5,FALSE,FALSE,FALSE,NA,NA
558,"Crustle",NA,NA,"Bug","Rock",5,FALSE,FALSE,FALSE,NA,NA
559,"Scraggy",NA,NA,"Dark","Fighting",5,FALSE,FALSE,FALSE,NA,NA
560,"Scrafty",NA,NA,"Dark","Fighting",5,FALSE,FALSE,FALSE,NA,NA
561,"Sigilyph",NA,NA,"Psychic","Flying",5,FALSE,FALSE,FALSE,NA,NA
562,"Yamask",NA,NA,"Ghost",NA,5,FALSE,FALSE,FALSE,NA,NA
562,"Yamask",NA,"Galarian Form","Ground","Ghost",5,FALSE,FALSE,FALSE,NA,NA
563,"Cofagrigus",NA,NA,"Ghost",NA,5,FALSE,FALSE,FALSE,NA,NA
564,"Tirtouga",NA,NA,"Water","Rock",5,FALSE,FALSE,FALSE,NA,NA
565,"Carracosta",NA,NA,"Water","Rock",5,FALSE,FALSE,FALSE,NA,NA
566,"Archen",NA,NA,"Rock","Flying",5,FALSE,FALSE,FALSE,NA,NA
567,"Archeops",NA,NA,"Rock","Flying",5,FALSE,FALSE,FALSE,NA,NA
568,"Trubbish",NA,NA,"Poison",NA,5,FALSE,FALSE,FALSE,NA,NA
569,"Garbodor",NA,NA,"Poison",NA,5,FALSE,FALSE,FALSE,NA,NA
570,"Zorua",NA,NA,"Dark",NA,5,FALSE,FALSE,FALSE,NA,NA
570,"Zorua",NA,"Hisuian Form","Normal","Ghost",5,FALSE,FALSE,FALSE,NA,NA
571,"Zoroark",NA,NA,"Dark",NA,5,FALSE,FALSE,FALSE,NA,NA
571,"Zoroark",NA,"Hisuian Form","Normal","Ghost",5,FALSE,FALSE,FALSE,NA,NA
572,"Minccino",NA,NA,"Normal",NA,5,FALSE,FALSE,FALSE,NA,NA
573,"Cinccino",NA,NA,"Normal",NA,5,FALSE,FALSE,FALSE,NA,NA
574,"Gothita",NA,NA,"Psychic",NA,5,FALSE,FALSE,FALSE,NA,NA
575,"Gothorita",NA,NA,"Psychic",NA,5,FALSE,FALSE,FALSE,NA,NA
576,"Gothitelle",NA,NA,"Psychic",NA,5,FALSE,FALSE,FALSE,NA,NA
577,"Solosis",NA,NA,"Psychic",NA,5,FALSE,FALSE,FALSE,NA,NA
578,"Duosion",NA,NA,"Psychic",NA,5,FALSE,FALSE,FALSE,NA,NA
579,"Reuniclus",NA,NA,"Psychic",NA,5,FALSE,FALSE,FALSE,NA,NA
580,"Ducklett",NA,NA,"Water","Flying",5,FALSE,FALSE,FALSE,NA,NA
581,"Swanna",NA,NA,"Water","Flying",5,FALSE,FALSE,FALSE,NA,NA
582,"Vanillite",NA,NA,"Ice",NA,5,FALSE,FALSE,FALSE,NA,NA
583,"Vanillish",NA,NA,"Ice",NA,5,FALSE,FALSE,FALSE,NA,NA
584,"Vanilluxe",NA,NA,"Ice",NA,5,FALSE,FALSE,FALSE,NA,NA
585,"Deerling","Spring Form",NA,"Normal","Grass",5,FALSE,FALSE,FALSE,NA,NA
585,"Deerling","Summer Form",NA,"Normal","Grass",5,FALSE,FALSE,FALSE,NA,NA
585,"Deerling","Autumn Form",NA,"Normal","Grass",5,FALSE,FALSE,FALSE,NA,NA
585,"Deerling","Winter Form",NA,"Normal","Grass",5,FALSE,FALSE,FALSE,NA,NA
586,"Sawsbuck","Spring Form",NA,"Normal","Grass",5,FALSE,FALSE,FALSE,NA,NA
586,"Sawsbuck","Summer Form",NA,"Normal","Grass",5,FALSE,FALSE,FALSE,NA,NA
586,"Sawsbuck","Autumn Form",NA,"Normal","Grass",5,FALSE,FALSE,FALSE,NA,NA
586,"Sawsbuck","Winter Form",NA,"Normal","Grass",5,FALSE,FALSE,FALSE,NA,NA
587,"Emolga",NA,NA,"Electric","Flying",5,FALSE,FALSE,FALSE,NA,NA
588,"Karrablast",NA,NA,"Bug",NA,5,FALSE,FALSE,FALSE,NA,NA
589,"Escavalier",NA,NA,"Bug","Steel",5,FALSE,FALSE,FALSE,NA,NA
590,"Foongus",NA,NA,"Grass","Poison",5,FALSE,FALSE,FALSE,NA,NA
591,"Amoonguss",NA,NA,"Grass","Poison",5,FALSE,FALSE,FALSE,NA,NA
592,"Frillish",NA,NA,"Water","Ghost",5,FALSE,FALSE,FALSE,NA,NA
593,"Jellicent",NA,NA,"Water","Ghost",5,FALSE,FALSE,FALSE,NA,NA
594,"Alomomola",NA,NA,"Water",NA,5,FALSE,FALSE,FALSE,NA,NA
595,"Joltik",NA,NA,"Bug","Electric",5,FALSE,FALSE,FALSE,NA,NA
596,"Galvantula",NA,NA,"Bug","Electric",5,FALSE,FALSE,FALSE,NA,NA
597,"Ferroseed",NA,NA,"Grass","Steel",5,FALSE,FALSE,FALSE,NA,NA
598,"Ferrothorn",NA,NA,"Grass","Steel",5,FALSE,FALSE,FALSE,NA,NA
599,"Klink",NA,NA,"Steel",NA,5,FALSE,FALSE,FALSE,NA,NA
600,"Klang",NA,NA,"Steel",NA,5,FALSE,FALSE,FALSE,NA,NA
601,"Klinklang",NA,NA,"Steel",NA,5,FALSE,FALSE,FALSE,NA,NA
602,"Tynamo",NA,NA,"Electric",NA,5,FALSE,FALSE,FALSE,NA,NA
603,"Eelektrik",NA,NA,"Electric",NA,5,FALSE,FALSE,FALSE,NA,NA
604,"Eelektross",NA,NA,"Electric",NA,5,FALSE,FALSE,FALSE,NA,NA
605,"Elgyem",NA,NA,"Psychic",NA,5,FALSE,FALSE,FALSE,NA,NA
606,"Beheeyem",NA,NA,"Psychic",NA,5,FALSE,FALSE,FALSE,NA,NA
607,"Litwick",NA,NA,"Ghost","Fire",5,FALSE,FALSE,FALSE,NA,NA
608,"Lampent",NA,NA,"Ghost","Fire",5,FALSE,FALSE,FALSE,NA,NA
609,"Chandelure",NA,NA,"Ghost","Fire",5,FALSE,FALSE,FALSE,NA,NA
610,"Axew",NA,NA,"Dragon",NA,5,FALSE,FALSE,FALSE,NA,NA
611,"Fraxure",NA,NA,"Dragon",NA,5,FALSE,FALSE,FALSE,NA,NA
612,"Haxorus",NA,NA,"Dragon",NA,5,FALSE,FALSE,FALSE,NA,NA
613,"Cubchoo",NA,NA,"Ice",NA,5,FALSE,FALSE,FALSE,NA,NA
614,"Beartic",NA,NA,"Ice",NA,5,FALSE,FALSE,FALSE,NA,NA
615,"Cryogonal",NA,NA,"Ice",NA,5,FALSE,FALSE,FALSE,NA,NA
616,"Shelmet",NA,NA,"Bug",NA,5,FALSE,FALSE,FALSE,NA,NA
617,"Accelgor",NA,NA,"Bug",NA,5,FALSE,FALSE,FALSE,NA,NA
618,"Stunfisk",NA,NA,"Ground","Electric",5,FALSE,FALSE,FALSE,NA,NA
618,"Stunfisk",NA,"Galarian Form","Ground","Steel",5,FALSE,FALSE,FALSE,NA,NA
619,"Mienfoo",NA,NA,"Fighting",NA,5,FALSE,FALSE,FALSE,NA,NA
620,"Mienshao",NA,NA,"Fighting",NA,5,FALSE,FALSE,FALSE,NA,NA
621,"Druddigon",NA,NA,"Dragon",NA,5,FALSE,FALSE,FALSE,NA,NA
622,"Golett",NA,NA,"Ground","Ghost",5,FALSE,FALSE,FALSE,NA,NA
623,"Golurk",NA,NA,"Ground","Ghost",5,FALSE,FALSE,FALSE,NA,NA
624,"Pawniard",NA,NA,"Dark","Steel",5,FALSE,FALSE,FALSE,NA,NA
625,"Bisharp",NA,NA,"Dark","Steel",5,FALSE,FALSE,FALSE,NA,NA
626,"Bouffalant",NA,NA,"Normal",NA,5,FALSE,FALSE,FALSE,NA,NA
627,"Rufflet",NA,NA,"Normal","Flying",5,FALSE,FALSE,FALSE,NA,NA
628,"Braviary",NA,NA,"Normal","Flying",5,FALSE,FALSE,FALSE,NA,NA
628,"Braviary",NA,"Hisuian Form","Psychic","Flying",5,FALSE,FALSE,FALSE,NA,NA
629,"Vullaby",NA,NA,"Dark","Flying",5,FALSE,FALSE,FALSE,NA,NA
630,"Mandibuzz",NA,NA,"Dark","Flying",5,FALSE,FALSE,FALSE,NA,NA
631,"Heatmor",NA,NA,"Fire",NA,5,FALSE,FALSE,FALSE,NA,NA
632,"Durant",NA,NA,"Bug","Steel",5,FALSE,FALSE,FALSE,NA,NA
633,"Deino",NA,NA,"Dark","Dragon",5,FALSE,FALSE,FALSE,NA,NA
634,"Zweilous",NA,NA,"Dark","Dragon",5,FALSE,FALSE,FALSE,NA,NA
635,"Hydreigon",NA,NA,"Dark","Dragon",5,FALSE,FALSE,FALSE,NA,NA
636,"Larvesta",NA,NA,"Bug","Fire",5,FALSE,FALSE,FALSE,NA,NA
637,"Volcarona",NA,NA,"Bug","Fire",5,FALSE,FALSE,FALSE,NA,NA
638,"Cobalion",NA,NA,"Steel","Fighting",5,TRUE,FALSE,FALSE,"Swords of Justice","quartets"
639,"Terrakion",NA,NA,"Rock","Fighting",5,TRUE,FALSE,FALSE,"Swords of Justice","quartets"
640,"Virizion",NA,NA,"Grass","Fighting",5,TRUE,FALSE,FALSE,"Swords of Justice","quartets"
641,"Tornadus","Incarnate Forme",NA,"Flying",NA,5,TRUE,FALSE,FALSE,"Forces of Nature","quartets"
641,"Tornadus","Therian Forme",NA,"Flying",NA,5,TRUE,FALSE,FALSE,"Forces of Nature","quartets"
642,"Thundurus","Incarnate Forme",NA,"Electric","Flying",5,TRUE,FALSE,FALSE,"Forces of Nature","quartets"
642,"Thundurus","Therian Forme",NA,"Electric","Flying",5,TRUE,FALSE,FALSE,"Forces of Nature","quartets"
643,"Reshiram",NA,NA,"Dragon","Fire",5,TRUE,FALSE,FALSE,"Tao trio","trios"
644,"Zekrom",NA,NA,"Dragon","Electric",5,TRUE,FALSE,FALSE,"Tao trio","trios"
645,"Landorus","Incarnate Forme",NA,"Ground","Flying",5,TRUE,FALSE,FALSE,"Forces of Nature","quartets"
645,"Landorus","Therian Forme",NA,"Ground","Flying",5,TRUE,FALSE,FALSE,"Forces of Nature","quartets"
646,"Kyurem",NA,NA,"Dragon","Ice",5,TRUE,FALSE,FALSE,"Tao trio","trios"
646,"Kyurem","White Kyurem",NA,"Dragon","Ice",5,TRUE,FALSE,FALSE,"Tao trio","trios"
646,"Kyurem","Black Kyurem",NA,"Dragon","Ice",5,TRUE,FALSE,FALSE,"Tao trio","trios"
647,"Keldeo","Ordinary Form",NA,"Water","Fighting",5,FALSE,TRUE,FALSE,"Swords of Justice","quartets"
647,"Keldeo","Resolute Form",NA,"Water","Fighting",5,FALSE,TRUE,FALSE,"Swords of Justice","quartets"
648,"Meloetta","Aria Forme",NA,"Normal","Psychic",5,FALSE,TRUE,FALSE,NA,NA
648,"Meloetta","Pirouette Forme",NA,"Normal","Fighting",5,FALSE,TRUE,FALSE,NA,NA
649,"Genesect",NA,NA,"Bug","Steel",5,FALSE,TRUE,FALSE,NA,NA
649,"Genesect",NA,NA,"Bug","Steel",5,FALSE,TRUE,FALSE,NA,NA
649,"Genesect",NA,NA,"Bug","Steel",5,FALSE,TRUE,FALSE,NA,NA
649,"Genesect",NA,NA,"Bug","Steel",5,FALSE,TRUE,FALSE,NA,NA
649,"Genesect",NA,NA,"Bug","Steel",5,FALSE,TRUE,FALSE,NA,NA
650,"Chespin",NA,NA,"Grass",NA,6,FALSE,FALSE,FALSE,NA,NA
651,"Quilladin",NA,NA,"Grass",NA,6,FALSE,FALSE,FALSE,NA,NA
652,"Chesnaught",NA,NA,"Grass","Fighting",6,FALSE,FALSE,FALSE,NA,NA
653,"Fennekin",NA,NA,"Fire",NA,6,FALSE,FALSE,FALSE,NA,NA
654,"Braixen",NA,NA,"Fire",NA,6,FALSE,FALSE,FALSE,NA,NA
655,"Delphox",NA,NA,"Fire","Psychic",6,FALSE,FALSE,FALSE,NA,NA
656,"Froakie",NA,NA,"Water",NA,6,FALSE,FALSE,FALSE,NA,NA
657,"Frogadier",NA,NA,"Water",NA,6,FALSE,FALSE,FALSE,NA,NA
658,"Greninja",NA,NA,"Water","Dark",6,FALSE,FALSE,FALSE,NA,NA
659,"Bunnelby",NA,NA,"Normal",NA,6,FALSE,FALSE,FALSE,NA,NA
660,"Diggersby",NA,NA,"Normal","Ground",6,FALSE,FALSE,FALSE,NA,NA
661,"Fletchling",NA,NA,"Normal","Flying",6,FALSE,FALSE,FALSE,NA,NA
662,"Fletchinder",NA,NA,"Fire","Flying",6,FALSE,FALSE,FALSE,NA,NA
663,"Talonflame",NA,NA,"Fire","Flying",6,FALSE,FALSE,FALSE,NA,NA
664,"Scatterbug",NA,NA,"Bug",NA,6,FALSE,FALSE,FALSE,NA,NA
665,"Spewpa",NA,NA,"Bug",NA,6,FALSE,FALSE,FALSE,NA,NA
666,"Vivillon","Meadow Pattern",NA,"Bug","Flying",6,FALSE,FALSE,FALSE,NA,NA
667,"Litleo",NA,NA,"Fire","Normal",6,FALSE,FALSE,FALSE,NA,NA
668,"Pyroar",NA,NA,"Fire","Normal",6,FALSE,FALSE,FALSE,NA,NA
669,"Flabébé","Red Flower",NA,"Fairy",NA,6,FALSE,FALSE,FALSE,NA,NA
669,"Flabébé","Yellow Flower",NA,"Fairy",NA,6,FALSE,FALSE,FALSE,NA,NA
669,"Flabébé","Orange Flower",NA,"Fairy",NA,6,FALSE,FALSE,FALSE,NA,NA
669,"Flabébé","Blue Flower",NA,"Fairy",NA,6,FALSE,FALSE,FALSE,NA,NA
669,"Flabébé","White Flower",NA,"Fairy",NA,6,FALSE,FALSE,FALSE,NA,NA
670,"Floette","Red Flower",NA,"Fairy",NA,6,FALSE,FALSE,FALSE,NA,NA
670,"Floette","Yellow Flower",NA,"Fairy",NA,6,FALSE,FALSE,FALSE,NA,NA
670,"Floette","Orange Flower",NA,"Fairy",NA,6,FALSE,FALSE,FALSE,NA,NA
670,"Floette","Blue Flower",NA,"Fairy",NA,6,FALSE,FALSE,FALSE,NA,NA
670,"Floette","White Flower",NA,"Fairy",NA,6,FALSE,FALSE,FALSE,NA,NA
671,"Florges","Red Flower",NA,"Fairy",NA,6,FALSE,FALSE,FALSE,NA,NA
671,"Florges","Yellow Flower",NA,"Fairy",NA,6,FALSE,FALSE,FALSE,NA,NA
671,"Florges","Orange Flower",NA,"Fairy",NA,6,FALSE,FALSE,FALSE,NA,NA
671,"Florges","Blue Flower",NA,"Fairy",NA,6,FALSE,FALSE,FALSE,NA,NA
671,"Florges","White Flower",NA,"Fairy",NA,6,FALSE,FALSE,FALSE,NA,NA
672,"Skiddo",NA,NA,"Grass",NA,6,FALSE,FALSE,FALSE,NA,NA
673,"Gogoat",NA,NA,"Grass",NA,6,FALSE,FALSE,FALSE,NA,NA
674,"Pancham",NA,NA,"Fighting",NA,6,FALSE,FALSE,FALSE,NA,NA
675,"Pangoro",NA,NA,"Fighting","Dark",6,FALSE,FALSE,FALSE,NA,NA
676,"Furfrou","Natural Form",NA,"Normal",NA,6,FALSE,FALSE,FALSE,NA,NA
677,"Espurr",NA,NA,"Psychic",NA,6,FALSE,FALSE,FALSE,NA,NA
678,"Meowstic","Male",NA,"Psychic",NA,6,FALSE,FALSE,FALSE,NA,NA
678,"Meowstic","Female",NA,"Psychic",NA,6,FALSE,FALSE,FALSE,NA,NA
679,"Honedge",NA,NA,"Steel","Ghost",6,FALSE,FALSE,FALSE,NA,NA
680,"Doublade",NA,NA,"Steel","Ghost",6,FALSE,FALSE,FALSE,NA,NA
681,"Aegislash","Shield Forme",NA,"Steel","Ghost",6,FALSE,FALSE,FALSE,NA,NA
681,"Aegislash","Blade Forme",NA,"Steel","Ghost",6,FALSE,FALSE,FALSE,NA,NA
682,"Spritzee",NA,NA,"Fairy",NA,6,FALSE,FALSE,FALSE,NA,NA
683,"Aromatisse",NA,NA,"Fairy",NA,6,FALSE,FALSE,FALSE,NA,NA
684,"Swirlix",NA,NA,"Fairy",NA,6,FALSE,FALSE,FALSE,NA,NA
685,"Slurpuff",NA,NA,"Fairy",NA,6,FALSE,FALSE,FALSE,NA,NA
686,"Inkay",NA,NA,"Dark","Psychic",6,FALSE,FALSE,FALSE,NA,NA
687,"Malamar",NA,NA,"Dark","Psychic",6,FALSE,FALSE,FALSE,NA,NA
688,"Binacle",NA,NA,"Rock","Water",6,FALSE,FALSE,FALSE,NA,NA
689,"Barbaracle",NA,NA,"Rock","Water",6,FALSE,FALSE,FALSE,NA,NA
690,"Skrelp",NA,NA,"Poison","Water",6,FALSE,FALSE,FALSE,NA,NA
691,"Dragalge",NA,NA,"Poison","Dragon",6,FALSE,FALSE,FALSE,NA,NA
692,"Clauncher",NA,NA,"Water",NA,6,FALSE,FALSE,FALSE,NA,NA
693,"Clawitzer",NA,NA,"Water",NA,6,FALSE,FALSE,FALSE,NA,NA
694,"Helioptile",NA,NA,"Electric","Normal",6,FALSE,FALSE,FALSE,NA,NA
695,"Heliolisk",NA,NA,"Electric","Normal",6,FALSE,FALSE,FALSE,NA,NA
696,"Tyrunt",NA,NA,"Rock","Dragon",6,FALSE,FALSE,FALSE,NA,NA
697,"Tyrantrum",NA,NA,"Rock","Dragon",6,FALSE,FALSE,FALSE,NA,NA
698,"Amaura",NA,NA,"Rock","Ice",6,FALSE,FALSE,FALSE,NA,NA
699,"Aurorus",NA,NA,"Rock","Ice",6,FALSE,FALSE,FALSE,NA,NA
700,"Sylveon",NA,NA,"Fairy",NA,6,FALSE,FALSE,FALSE,NA,NA
701,"Hawlucha",NA,NA,"Fighting","Flying",6,FALSE,FALSE,FALSE,NA,NA
702,"Dedenne",NA,NA,"Electric","Fairy",6,FALSE,FALSE,FALSE,NA,NA
703,"Carbink",NA,NA,"Rock","Fairy",6,FALSE,FALSE,FALSE,NA,NA
704,"Goomy",NA,NA,"Dragon",NA,6,FALSE,FALSE,FALSE,NA,NA
705,"Sliggoo",NA,NA,"Dragon",NA,6,FALSE,FALSE,FALSE,NA,NA
705,"Sliggoo",NA,"Hisuian Form","Steel","Dragon",6,FALSE,FALSE,FALSE,NA,NA
706,"Goodra",NA,NA,"Dragon",NA,6,FALSE,FALSE,FALSE,NA,NA
706,"Goodra",NA,"Hisuian Form","Steel","Dragon",6,FALSE,FALSE,FALSE,NA,NA
707,"Klefki",NA,NA,"Steel","Fairy",6,FALSE,FALSE,FALSE,NA,NA
708,"Phantump",NA,NA,"Ghost","Grass",6,FALSE,FALSE,FALSE,NA,NA
709,"Trevenant",NA,NA,"Ghost","Grass",6,FALSE,FALSE,FALSE,NA,NA
710,"Pumpkaboo",NA,NA,"Ghost","Grass",6,FALSE,FALSE,FALSE,NA,NA
711,"Gourgeist",NA,NA,"Ghost","Grass",6,FALSE,FALSE,FALSE,NA,NA
712,"Bergmite",NA,NA,"Ice",NA,6,FALSE,FALSE,FALSE,NA,NA
713,"Avalugg",NA,NA,"Ice",NA,6,FALSE,FALSE,FALSE,NA,NA
713,"Avalugg",NA,"Hisuian Form","Ice","Rock",6,FALSE,FALSE,FALSE,NA,NA
714,"Noibat",NA,NA,"Flying","Dragon",6,FALSE,FALSE,FALSE,NA,NA
715,"Noivern",NA,NA,"Flying","Dragon",6,FALSE,FALSE,FALSE,NA,NA
716,"Xerneas","Neutral Mode",NA,"Fairy",NA,6,TRUE,FALSE,FALSE,"Aura trio","trios"
716,"Xerneas","Active Mode",NA,"Fairy",NA,6,TRUE,FALSE,FALSE,"Aura trio","trios"
717,"Yveltal",NA,NA,"Dark","Flying",6,TRUE,FALSE,FALSE,"Aura trio","trios"
718,"Zygarde","50% Forme",NA,"Dragon","Ground",6,TRUE,FALSE,FALSE,"Aura trio","trios"
718,"Zygarde","10% Forme",NA,"Dragon","Ground",6,TRUE,FALSE,FALSE,"Aura trio","trios"
718,"Zygarde","Complete Forme",NA,"Dragon","Ground",6,TRUE,FALSE,FALSE,"Aura trio","trios"
719,"Diancie",NA,NA,"Rock","Fairy",6,FALSE,TRUE,FALSE,NA,NA
720,"Hoopa","Hoopa Confined",NA,"Psychic","Ghost",6,FALSE,TRUE,FALSE,NA,NA
720,"Hoopa","Hoopa Unbound",NA,"Psychic","Dark",6,FALSE,TRUE,FALSE,NA,NA
721,"Volcanion",NA,NA,"Fire","Water",6,FALSE,TRUE,FALSE,NA,NA
722,"Rowlet",NA,NA,"Grass","Flying",7,FALSE,FALSE,FALSE,NA,NA
723,"Dartrix",NA,NA,"Grass","Flying",7,FALSE,FALSE,FALSE,NA,NA
724,"Decidueye",NA,NA,"Grass","Ghost",7,FALSE,FALSE,FALSE,NA,NA
724,"Decidueye",NA,"Hisuian Form","Grass","Fighting",7,FALSE,FALSE,FALSE,NA,NA
725,"Litten",NA,NA,"Fire",NA,7,FALSE,FALSE,FALSE,NA,NA
726,"Torracat",NA,NA,"Fire",NA,7,FALSE,FALSE,FALSE,NA,NA
727,"Incineroar",NA,NA,"Fire","Dark",7,FALSE,FALSE,FALSE,NA,NA
728,"Popplio",NA,NA,"Water",NA,7,FALSE,FALSE,FALSE,NA,NA
729,"Brionne",NA,NA,"Water",NA,7,FALSE,FALSE,FALSE,NA,NA
730,"Primarina",NA,NA,"Water","Fairy",7,FALSE,FALSE,FALSE,NA,NA
731,"Pikipek",NA,NA,"Normal","Flying",7,FALSE,FALSE,FALSE,NA,NA
732,"Trumbeak",NA,NA,"Normal","Flying",7,FALSE,FALSE,FALSE,NA,NA
733,"Toucannon",NA,NA,"Normal","Flying",7,FALSE,FALSE,FALSE,NA,NA
734,"Yungoos",NA,NA,"Normal",NA,7,FALSE,FALSE,FALSE,NA,NA
735,"Gumshoos",NA,NA,"Normal",NA,7,FALSE,FALSE,FALSE,NA,NA
736,"Grubbin",NA,NA,"Bug",NA,7,FALSE,FALSE,FALSE,NA,NA
737,"Charjabug",NA,NA,"Bug","Electric",7,FALSE,FALSE,FALSE,NA,NA
738,"Vikavolt",NA,NA,"Bug","Electric",7,FALSE,FALSE,FALSE,NA,NA
739,"Crabrawler",NA,NA,"Fighting",NA,7,FALSE,FALSE,FALSE,NA,NA
740,"Crabominable",NA,NA,"Fighting","Ice",7,FALSE,FALSE,FALSE,NA,NA
741,"Oricorio","Baile Style",NA,"Fire","Flying",7,FALSE,FALSE,FALSE,NA,NA
741,"Oricorio","Pom-Pom Style",NA,"Electric","Flying",7,FALSE,FALSE,FALSE,NA,NA
741,"Oricorio","Pa’u Style",NA,"Psychic","Flying",7,FALSE,FALSE,FALSE,NA,NA
741,"Oricorio","Sensu Style",NA,"Ghost","Flying",7,FALSE,FALSE,FALSE,NA,NA
742,"Cutiefly",NA,NA,"Bug","Fairy",7,FALSE,FALSE,FALSE,NA,NA
743,"Ribombee",NA,NA,"Bug","Fairy",7,FALSE,FALSE,FALSE,NA,NA
744,"Rockruff",NA,NA,"Rock",NA,7,FALSE,FALSE,FALSE,NA,NA
745,"Lycanroc","Midday Form",NA,"Rock",NA,7,FALSE,FALSE,FALSE,NA,NA
745,"Lycanroc","Midnight Form",NA,"Rock",NA,7,FALSE,FALSE,FALSE,NA,NA
745,"Lycanroc","Dusk Form",NA,"Rock",NA,7,FALSE,FALSE,FALSE,NA,NA
746,"Wishiwashi","Solo Form",NA,"Water",NA,7,FALSE,FALSE,FALSE,NA,NA
746,"Wishiwashi","School Form",NA,"Water",NA,7,FALSE,FALSE,FALSE,NA,NA
747,"Mareanie",NA,NA,"Poison","Water",7,FALSE,FALSE,FALSE,NA,NA
748,"Toxapex",NA,NA,"Poison","Water",7,FALSE,FALSE,FALSE,NA,NA
749,"Mudbray",NA,NA,"Ground",NA,7,FALSE,FALSE,FALSE,NA,NA
750,"Mudsdale",NA,NA,"Ground",NA,7,FALSE,FALSE,FALSE,NA,NA
751,"Dewpider",NA,NA,"Water","Bug",7,FALSE,FALSE,FALSE,NA,NA
752,"Araquanid",NA,NA,"Water","Bug",7,FALSE,FALSE,FALSE,NA,NA
753,"Fomantis",NA,NA,"Grass",NA,7,FALSE,FALSE,FALSE,NA,NA
754,"Lurantis",NA,NA,"Grass",NA,7,FALSE,FALSE,FALSE,NA,NA
755,"Morelull",NA,NA,"Grass","Fairy",7,FALSE,FALSE,FALSE,NA,NA
756,"Shiinotic",NA,NA,"Grass","Fairy",7,FALSE,FALSE,FALSE,NA,NA
757,"Salandit",NA,NA,"Poison","Fire",7,FALSE,FALSE,FALSE,NA,NA
758,"Salazzle",NA,NA,"Poison","Fire",7,FALSE,FALSE,FALSE,NA,NA
759,"Stufful",NA,NA,"Normal","Fighting",7,FALSE,FALSE,FALSE,NA,NA
760,"Bewear",NA,NA,"Normal","Fighting",7,FALSE,FALSE,FALSE,NA,NA
761,"Bounsweet",NA,NA,"Grass",NA,7,FALSE,FALSE,FALSE,NA,NA
762,"Steenee",NA,NA,"Grass",NA,7,FALSE,FALSE,FALSE,NA,NA
763,"Tsareena",NA,NA,"Grass",NA,7,FALSE,FALSE,FALSE,NA,NA
764,"Comfey",NA,NA,"Fairy",NA,7,FALSE,FALSE,FALSE,NA,NA
765,"Oranguru",NA,NA,"Normal","Psychic",7,FALSE,FALSE,FALSE,NA,NA
766,"Passimian",NA,NA,"Fighting",NA,7,FALSE,FALSE,FALSE,NA,NA
767,"Wimpod",NA,NA,"Bug","Water",7,FALSE,FALSE,FALSE,NA,NA
768,"Golisopod",NA,NA,"Bug","Water",7,FALSE,FALSE,FALSE,NA,NA
769,"Sandygast",NA,NA,"Ghost","Ground",7,FALSE,FALSE,FALSE,NA,NA
770,"Palossand",NA,NA,"Ghost","Ground",7,FALSE,FALSE,FALSE,NA,NA
771,"Pyukumuku",NA,NA,"Water",NA,7,FALSE,FALSE,FALSE,NA,NA
772,"Type: Null",NA,NA,"Normal",NA,7,TRUE,FALSE,FALSE,NA,NA
773,"Silvally","Type: Normal",NA,"Normal",NA,7,TRUE,FALSE,FALSE,NA,NA
774,"Minior","Meteor Form",NA,"Rock","Flying",7,FALSE,FALSE,FALSE,NA,NA
774,"Minior","Red Core",NA,"Rock","Flying",7,FALSE,FALSE,FALSE,NA,NA
775,"Komala",NA,NA,"Normal",NA,7,FALSE,FALSE,FALSE,NA,NA
776,"Turtonator",NA,NA,"Fire","Dragon",7,FALSE,FALSE,FALSE,NA,NA
777,"Togedemaru",NA,NA,"Electric","Steel",7,FALSE,FALSE,FALSE,NA,NA
778,"Mimikyu","Disguised Form",NA,"Ghost","Fairy",7,FALSE,FALSE,FALSE,NA,NA
778,"Mimikyu","Busted Form",NA,"Ghost","Fairy",7,FALSE,FALSE,FALSE,NA,NA
779,"Bruxish",NA,NA,"Water","Psychic",7,FALSE,FALSE,FALSE,NA,NA
780,"Drampa",NA,NA,"Normal","Dragon",7,FALSE,FALSE,FALSE,NA,NA
781,"Dhelmise",NA,NA,"Ghost","Grass",7,FALSE,FALSE,FALSE,NA,NA
782,"Jangmo-o",NA,NA,"Dragon",NA,7,FALSE,FALSE,FALSE,NA,NA
783,"Hakamo-o",NA,NA,"Dragon","Fighting",7,FALSE,FALSE,FALSE,NA,NA
784,"Kommo-o",NA,NA,"Dragon","Fighting",7,FALSE,FALSE,FALSE,NA,NA
785,"Tapu Koko",NA,NA,"Electric","Fairy",7,TRUE,FALSE,FALSE,"Guardian deities","quartets"
786,"Tapu Lele",NA,NA,"Psychic","Fairy",7,TRUE,FALSE,FALSE,"Guardian deities","quartets"
787,"Tapu Bulu",NA,NA,"Grass","Fairy",7,TRUE,FALSE,FALSE,"Guardian deities","quartets"
788,"Tapu Fini",NA,NA,"Water","Fairy",7,TRUE,FALSE,FALSE,"Guardian deities","quartets"
789,"Cosmog",NA,NA,"Psychic",NA,7,TRUE,FALSE,FALSE,NA,NA
790,"Cosmoem",NA,NA,"Psychic",NA,7,TRUE,FALSE,FALSE,NA,NA
791,"Solgaleo",NA,NA,"Psychic","Steel",7,TRUE,FALSE,FALSE,"Light trio","trios"
792,"Lunala",NA,NA,"Psychic","Ghost",7,TRUE,FALSE,FALSE,"Light trio","trios"
793,"Nihilego",NA,NA,"Rock","Poison",7,FALSE,FALSE,TRUE,NA,NA
794,"Buzzwole",NA,NA,"Bug","Fighting",7,FALSE,FALSE,TRUE,NA,NA
795,"Pheromosa",NA,NA,"Bug","Fighting",7,FALSE,FALSE,TRUE,NA,NA
796,"Xurkitree",NA,NA,"Electric",NA,7,FALSE,FALSE,TRUE,NA,NA
797,"Celesteela",NA,NA,"Steel","Flying",7,FALSE,FALSE,TRUE,NA,NA
798,"Kartana",NA,NA,"Grass","Steel",7,FALSE,FALSE,TRUE,NA,NA
799,"Guzzlord",NA,NA,"Dark","Dragon",7,FALSE,FALSE,TRUE,NA,NA
800,"Necrozma",NA,NA,"Psychic",NA,7,TRUE,FALSE,FALSE,"Light trio","trios"
800,"Necrozma","Dusk Mane",NA,"Psychic","Steel",7,TRUE,FALSE,FALSE,"Light trio","trios"
800,"Necrozma","Dawn Wings",NA,"Psychic","Ghost",7,TRUE,FALSE,FALSE,"Light trio","trios"
801,"Magearna",NA,NA,"Steel","Fairy",7,FALSE,TRUE,FALSE,NA,NA
802,"Marshadow",NA,NA,"Fighting","Ghost",7,FALSE,TRUE,FALSE,NA,NA
803,"Poipole",NA,NA,"Poison",NA,7,FALSE,FALSE,TRUE,NA,NA
804,"Naganadel",NA,NA,"Poison","Dragon",7,FALSE,FALSE,TRUE,NA,NA
805,"Stakataka",NA,NA,"Rock","Steel",7,FALSE,FALSE,TRUE,NA,NA
806,"Blacephalon",NA,NA,"Fire","Ghost",7,FALSE,FALSE,TRUE,NA,NA
807,"Zeraora",NA,NA,"Electric",NA,7,FALSE,TRUE,FALSE,NA,NA
808,"Meltan",NA,NA,"Steel",NA,7,FALSE,TRUE,FALSE,NA,NA
809,"Melmetal",NA,NA,"Steel",NA,7,FALSE,TRUE,FALSE,NA,NA
810,"Grookey",NA,NA,"Grass",NA,8,FALSE,FALSE,FALSE,NA,NA
811,"Thwackey",NA,NA,"Grass",NA,8,FALSE,FALSE,FALSE,NA,NA
812,"Rillaboom",NA,NA,"Grass",NA,8,FALSE,FALSE,FALSE,NA,NA
813,"Scorbunny",NA,NA,"Fire",NA,8,FALSE,FALSE,FALSE,NA,NA
814,"Raboot",NA,NA,"Fire",NA,8,FALSE,FALSE,FALSE,NA,NA
815,"Cinderace",NA,NA,"Fire",NA,8,FALSE,FALSE,FALSE,NA,NA
816,"Sobble",NA,NA,"Water",NA,8,FALSE,FALSE,FALSE,NA,NA
817,"Drizzile",NA,NA,"Water",NA,8,FALSE,FALSE,FALSE,NA,NA
818,"Inteleon",NA,NA,"Water",NA,8,FALSE,FALSE,FALSE,NA,NA
819,"Skwovet",NA,NA,"Normal",NA,8,FALSE,FALSE,FALSE,NA,NA
820,"Greedent",NA,NA,"Normal",NA,8,FALSE,FALSE,FALSE,NA,NA
821,"Rookidee",NA,NA,"Flying",NA,8,FALSE,FALSE,FALSE,NA,NA
822,"Corvisquire",NA,NA,"Flying",NA,8,FALSE,FALSE,FALSE,NA,NA
823,"Corviknight",NA,NA,"Flying","Steel",8,FALSE,FALSE,FALSE,NA,NA
824,"Blipbug",NA,NA,"Bug",NA,8,FALSE,FALSE,FALSE,NA,NA
825,"Dottler",NA,NA,"Bug","Psychic",8,FALSE,FALSE,FALSE,NA,NA
826,"Orbeetle",NA,NA,"Bug","Psychic",8,FALSE,FALSE,FALSE,NA,NA
827,"Nickit",NA,NA,"Dark",NA,8,FALSE,FALSE,FALSE,NA,NA
828,"Thievul",NA,NA,"Dark",NA,8,FALSE,FALSE,FALSE,NA,NA
829,"Gossifleur",NA,NA,"Grass",NA,8,FALSE,FALSE,FALSE,NA,NA
830,"Eldegoss",NA,NA,"Grass",NA,8,FALSE,FALSE,FALSE,NA,NA
831,"Wooloo",NA,NA,"Normal",NA,8,FALSE,FALSE,FALSE,NA,NA
832,"Dubwool",NA,NA,"Normal",NA,8,FALSE,FALSE,FALSE,NA,NA
833,"Chewtle",NA,NA,"Water",NA,8,FALSE,FALSE,FALSE,NA,NA
834,"Drednaw",NA,NA,"Water","Rock",8,FALSE,FALSE,FALSE,NA,NA
835,"Yamper",NA,NA,"Electric",NA,8,FALSE,FALSE,FALSE,NA,NA
836,"Boltund",NA,NA,"Electric",NA,8,FALSE,FALSE,FALSE,NA,NA
837,"Rolycoly",NA,NA,"Rock",NA,8,FALSE,FALSE,FALSE,NA,NA
838,"Carkol",NA,NA,"Rock","Fire",8,FALSE,FALSE,FALSE,NA,NA
839,"Coalossal",NA,NA,"Rock","Fire",8,FALSE,FALSE,FALSE,NA,NA
840,"Applin",NA,NA,"Grass","Dragon",8,FALSE,FALSE,FALSE,NA,NA
841,"Flapple",NA,NA,"Grass","Dragon",8,FALSE,FALSE,FALSE,NA,NA
842,"Appletun",NA,NA,"Grass","Dragon",8,FALSE,FALSE,FALSE,NA,NA
843,"Silicobra",NA,NA,"Ground",NA,8,FALSE,FALSE,FALSE,NA,NA
844,"Sandaconda",NA,NA,"Ground",NA,8,FALSE,FALSE,FALSE,NA,NA
845,"Cramorant",NA,NA,"Flying","Water",8,FALSE,FALSE,FALSE,NA,NA
845,"Cramorant","Gulping Form",NA,"Flying","Water",8,FALSE,FALSE,FALSE,NA,NA
845,"Cramorant","Gorging Form",NA,"Flying","Water",8,FALSE,FALSE,FALSE,NA,NA
846,"Arrokuda",NA,NA,"Water",NA,8,FALSE,FALSE,FALSE,NA,NA
847,"Barraskewda",NA,NA,"Water",NA,8,FALSE,FALSE,FALSE,NA,NA
848,"Toxel",NA,NA,"Electric","Poison",8,FALSE,FALSE,FALSE,NA,NA
849,"Toxtricity","Amped Form",NA,"Electric","Poison",8,FALSE,FALSE,FALSE,NA,NA
849,"Toxtricity","Low Key Form",NA,"Electric","Poison",8,FALSE,FALSE,FALSE,NA,NA
850,"Sizzlipede",NA,NA,"Fire","Bug",8,FALSE,FALSE,FALSE,NA,NA
851,"Centiskorch",NA,NA,"Fire","Bug",8,FALSE,FALSE,FALSE,NA,NA
852,"Clobbopus",NA,NA,"Fighting",NA,8,FALSE,FALSE,FALSE,NA,NA
853,"Grapploct",NA,NA,"Fighting",NA,8,FALSE,FALSE,FALSE,NA,NA
854,"Sinistea",NA,NA,"Ghost",NA,8,FALSE,FALSE,FALSE,NA,NA
855,"Polteageist",NA,NA,"Ghost",NA,8,FALSE,FALSE,FALSE,NA,NA
856,"Hatenna",NA,NA,"Psychic",NA,8,FALSE,FALSE,FALSE,NA,NA
857,"Hattrem",NA,NA,"Psychic",NA,8,FALSE,FALSE,FALSE,NA,NA
858,"Hatterene",NA,NA,"Psychic","Fairy",8,FALSE,FALSE,FALSE,NA,NA
859,"Impidimp",NA,NA,"Dark","Fairy",8,FALSE,FALSE,FALSE,NA,NA
860,"Morgrem",NA,NA,"Dark","Fairy",8,FALSE,FALSE,FALSE,NA,NA
861,"Grimmsnarl",NA,NA,"Dark","Fairy",8,FALSE,FALSE,FALSE,NA,NA
862,"Obstagoon",NA,NA,"Dark","Normal",8,FALSE,FALSE,FALSE,NA,NA
863,"Perrserker",NA,NA,"Steel",NA,8,FALSE,FALSE,FALSE,NA,NA
864,"Cursola",NA,NA,"Ghost",NA,8,FALSE,FALSE,FALSE,NA,NA
865,"Sirfetch'd",NA,NA,"Fighting",NA,8,FALSE,FALSE,FALSE,NA,NA
866,"Mr. Rime",NA,NA,"Ice","Psychic",8,FALSE,FALSE,FALSE,NA,NA
867,"Runerigus",NA,NA,"Ground","Ghost",8,FALSE,FALSE,FALSE,NA,NA
868,"Milcery",NA,NA,"Fairy",NA,8,FALSE,FALSE,FALSE,NA,NA
869,"Alcremie","Vanilla Cream",NA,"Fairy",NA,8,FALSE,FALSE,FALSE,NA,NA
870,"Falinks",NA,NA,"Fighting",NA,8,FALSE,FALSE,FALSE,NA,NA
871,"Pincurchin",NA,NA,"Electric",NA,8,FALSE,FALSE,FALSE,NA,NA
872,"Snom",NA,NA,"Ice","Bug",8,FALSE,FALSE,FALSE,NA,NA
873,"Frosmoth",NA,NA,"Ice","Bug",8,FALSE,FALSE,FALSE,NA,NA
874,"Stonjourner",NA,NA,"Rock",NA,8,FALSE,FALSE,FALSE,NA,NA
875,"Eiscue","Ice Face",NA,"Ice",NA,8,FALSE,FALSE,FALSE,NA,NA
875,"Eiscue","Noice Face",NA,"Ice",NA,8,FALSE,FALSE,FALSE,NA,NA
876,"Indeedee","Male",NA,"Psychic","Normal",8,FALSE,FALSE,FALSE,NA,NA
876,"Indeedee","Female",NA,"Psychic","Normal",8,FALSE,FALSE,FALSE,NA,NA
877,"Morpeko","Full Belly Mode",NA,"Electric","Dark",8,FALSE,FALSE,FALSE,NA,NA
877,"Morpeko","Hangry Mode",NA,"Electric","Dark",8,FALSE,FALSE,FALSE,NA,NA
878,"Cufant",NA,NA,"Steel",NA,8,FALSE,FALSE,FALSE,NA,NA
879,"Copperajah",NA,NA,"Steel",NA,8,FALSE,FALSE,FALSE,NA,NA
880,"Dracozolt",NA,NA,"Electric","Dragon",8,FALSE,FALSE,FALSE,NA,NA
881,"Arctozolt",NA,NA,"Electric","Ice",8,FALSE,FALSE,FALSE,NA,NA
882,"Dracovish",NA,NA,"Water","Dragon",8,FALSE,FALSE,FALSE,NA,NA
883,"Arctovish",NA,NA,"Water","Ice",8,FALSE,FALSE,FALSE,NA,NA
884,"Duraludon",NA,NA,"Steel","Dragon",8,FALSE,FALSE,FALSE,NA,NA
885,"Dreepy",NA,NA,"Dragon","Ghost",8,FALSE,FALSE,FALSE,NA,NA
886,"Drakloak",NA,NA,"Dragon","Ghost",8,FALSE,FALSE,FALSE,NA,NA
887,"Dragapult",NA,NA,"Dragon","Ghost",8,FALSE,FALSE,FALSE,NA,NA
888,"Zacian","Hero of Many Battles",NA,"Fairy",NA,8,TRUE,FALSE,FALSE,"Legendary heroes","duos"
888,"Zacian","Crowned Sword",NA,"Fairy","Steel",8,TRUE,FALSE,FALSE,"Legendary heroes","duos"
889,"Zamazenta","Hero of Many Battles",NA,"Fighting",NA,8,TRUE,FALSE,FALSE,"Legendary heroes","duos"
889,"Zamazenta","Crowned Shield",NA,"Fighting","Steel",8,TRUE,FALSE,FALSE,"Legendary heroes","duos"
890,"Eternatus",NA,NA,"Poison","Dragon",8,TRUE,FALSE,FALSE,NA,NA
891,"Kubfu",NA,NA,"Fighting",NA,8,TRUE,FALSE,FALSE,NA,NA
892,"Urshifu","Single Strike Style",NA,"Fighting","Dark",8,TRUE,FALSE,FALSE,NA,NA
892,"Urshifu","Rapid Strike Style",NA,"Fighting","Water",8,TRUE,FALSE,FALSE,NA,NA
893,"Zarude",NA,NA,"Dark","Grass",8,FALSE,TRUE,FALSE,NA,NA
894,"Regieleki",NA,NA,"Electric",NA,8,TRUE,FALSE,FALSE,"Legendary giants","quintets"
895,"Regidrago",NA,NA,"Dragon",NA,8,TRUE,FALSE,FALSE,"Legendary giants","quintets"
896,"Glastrier",NA,NA,"Ice",NA,8,TRUE,FALSE,FALSE,NA,NA
897,"Spectrier",NA,NA,"Ghost",NA,8,TRUE,FALSE,FALSE,NA,NA
898,"Calyrex",NA,NA,"Psychic","Grass",8,TRUE,FALSE,FALSE,NA,NA
898,"Calyrex","Ice Rider",NA,"Psychic","Ice",8,TRUE,FALSE,FALSE,NA,NA
898,"Calyrex","Shadow Rider",NA,"Psychic","Ghost",8,TRUE,FALSE,FALSE,NA,NA
899,"Wyrdeer",NA,NA,"Normal","Psychic",8,FALSE,FALSE,FALSE,NA,NA
900,"Kleavor",NA,NA,"Bug","Rock",8,FALSE,FALSE,FALSE,NA,NA
901,"Ursaluna",NA,NA,"Ground","Normal",8,FALSE,FALSE,FALSE,NA,NA
902,"Basculegion","Male",NA,"Water","Ghost",8,FALSE,FALSE,FALSE,NA,NA
902,"Basculegion","Female",NA,"Water","Ghost",8,FALSE,FALSE,FALSE,NA,NA
903,"Sneasler",NA,NA,"Fighting","Poison",8,FALSE,FALSE,FALSE,NA,NA
904,"Overqwil",NA,NA,"Dark","Poison",8,FALSE,FALSE,FALSE,NA,NA
905,"Enamorus","Incarnate Forme",NA,"Fairy","Flying",8,TRUE,FALSE,FALSE,"Forces of Nature","quartets"
905,"Enamorus","Therian Forme",NA,"Fairy","Flying",8,TRUE,FALSE,FALSE,"Forces of Nature","quartets"
906,"Sprigatito",NA,NA,"Grass",NA,9,FALSE,FALSE,FALSE,NA,NA
907,"Floragato",NA,NA,"Grass",NA,9,FALSE,FALSE,FALSE,NA,NA
908,"Meowscarada",NA,NA,"Grass","Dark",9,FALSE,FALSE,FALSE,NA,NA
909,"Fuecoco",NA,NA,"Fire",NA,9,FALSE,FALSE,FALSE,NA,NA
910,"Crocalor",NA,NA,"Fire",NA,9,FALSE,FALSE,FALSE,NA,NA
911,"Skeledirge",NA,NA,"Fire","Ghost",9,FALSE,FALSE,FALSE,NA,NA
912,"Quaxly",NA,NA,"Water",NA,9,FALSE,FALSE,FALSE,NA,NA
913,"Quaxwell",NA,NA,"Water",NA,9,FALSE,FALSE,FALSE,NA,NA
914,"Quaquaval",NA,NA,"Water","Fighting",9,FALSE,FALSE,FALSE,NA,NA
915,"Lechonk",NA,NA,"Normal",NA,9,FALSE,FALSE,FALSE,NA,NA
916,"Oinkologne","Male",NA,"Normal",NA,9,FALSE,FALSE,FALSE,NA,NA
916,"Oinkologne","Female",NA,"Normal",NA,9,FALSE,FALSE,FALSE,NA,NA
917,"Tarountula",NA,NA,"Bug",NA,9,FALSE,FALSE,FALSE,NA,NA
918,"Spidops",NA,NA,"Bug",NA,9,FALSE,FALSE,FALSE,NA,NA
919,"Nymble",NA,NA,"Bug",NA,9,FALSE,FALSE,FALSE,NA,NA
920,"Lokix",NA,NA,"Bug","Dark",9,FALSE,FALSE,FALSE,NA,NA
921,"Pawmi",NA,NA,"Electric",NA,9,FALSE,FALSE,FALSE,NA,NA
922,"Pawmo",NA,NA,"Electric","Fighting",9,FALSE,FALSE,FALSE,NA,NA
923,"Pawmot",NA,NA,"Electric","Fighting",9,FALSE,FALSE,FALSE,NA,NA
924,"Tandemaus",NA,NA,"Normal",NA,9,FALSE,FALSE,FALSE,NA,NA
925,"Maushold","Family of Three",NA,"Normal",NA,9,FALSE,FALSE,FALSE,NA,NA
925,"Maushold","Family of Four",NA,"Normal",NA,9,FALSE,FALSE,FALSE,NA,NA
926,"Fidough",NA,NA,"Fairy",NA,9,FALSE,FALSE,FALSE,NA,NA
927,"Dachsbun",NA,NA,"Fairy",NA,9,FALSE,FALSE,FALSE,NA,NA
928,"Smoliv",NA,NA,"Grass","Normal",9,FALSE,FALSE,FALSE,NA,NA
929,"Dolliv",NA,NA,"Grass","Normal",9,FALSE,FALSE,FALSE,NA,NA
930,"Arboliva",NA,NA,"Grass","Normal",9,FALSE,FALSE,FALSE,NA,NA
931,"Squawkabilly","Green Plumage",NA,"Normal","Flying",9,FALSE,FALSE,FALSE,NA,NA
931,"Squawkabilly","Blue Plumage",NA,"Normal","Flying",9,FALSE,FALSE,FALSE,NA,NA
931,"Squawkabilly","Yellow Plumage",NA,"Normal","Flying",9,FALSE,FALSE,FALSE,NA,NA
931,"Squawkabilly","White Plumage",NA,"Normal","Flying",9,FALSE,FALSE,FALSE,NA,NA
932,"Nacli",NA,NA,"Rock",NA,9,FALSE,FALSE,FALSE,NA,NA
933,"Naclstack",NA,NA,"Rock",NA,9,FALSE,FALSE,FALSE,NA,NA
934,"Garganacl",NA,NA,"Rock",NA,9,FALSE,FALSE,FALSE,NA,NA
935,"Charcadet",NA,NA,"Fire",NA,9,FALSE,FALSE,FALSE,NA,NA
936,"Armarouge",NA,NA,"Fire","Psychic",9,FALSE,FALSE,FALSE,NA,NA
937,"Ceruledge",NA,NA,"Fire","Ghost",9,FALSE,FALSE,FALSE,NA,NA
938,"Tadbulb",NA,NA,"Electric",NA,9,FALSE,FALSE,FALSE,NA,NA
939,"Bellibolt",NA,NA,"Electric",NA,9,FALSE,FALSE,FALSE,NA,NA
940,"Wattrel",NA,NA,"Electric","Flying",9,FALSE,FALSE,FALSE,NA,NA
941,"Kilowattrel",NA,NA,"Electric","Flying",9,FALSE,FALSE,FALSE,NA,NA
942,"Maschiff",NA,NA,"Dark",NA,9,FALSE,FALSE,FALSE,NA,NA
943,"Mabosstiff",NA,NA,"Dark",NA,9,FALSE,FALSE,FALSE,NA,NA
944,"Shroodle",NA,NA,"Poison","Normal",9,FALSE,FALSE,FALSE,NA,NA
945,"Grafaiai",NA,NA,"Poison","Normal",9,FALSE,FALSE,FALSE,NA,NA
946,"Bramblin",NA,NA,"Grass","Ghost",9,FALSE,FALSE,FALSE,NA,NA
947,"Brambleghast",NA,NA,"Grass","Ghost",9,FALSE,FALSE,FALSE,NA,NA
948,"Toedscool",NA,NA,"Ground","Grass",9,FALSE,FALSE,FALSE,NA,NA
949,"Toedscruel",NA,NA,"Ground","Grass",9,FALSE,FALSE,FALSE,NA,NA
950,"Klawf",NA,NA,"Rock",NA,9,FALSE,FALSE,FALSE,NA,NA
951,"Capsakid",NA,NA,"Grass",NA,9,FALSE,FALSE,FALSE,NA,NA
952,"Scovillain",NA,NA,"Grass","Fire",9,FALSE,FALSE,FALSE,NA,NA
953,"Rellor",NA,NA,"Bug",NA,9,FALSE,FALSE,FALSE,NA,NA
954,"Rabsca",NA,NA,"Bug","Psychic",9,FALSE,FALSE,FALSE,NA,NA
955,"Flittle",NA,NA,"Psychic",NA,9,FALSE,FALSE,FALSE,NA,NA
956,"Espathra",NA,NA,"Psychic",NA,9,FALSE,FALSE,FALSE,NA,NA
957,"Tinkatink",NA,NA,"Fairy","Steel",9,FALSE,FALSE,FALSE,NA,NA
958,"Tinkatuff",NA,NA,"Fairy","Steel",9,FALSE,FALSE,FALSE,NA,NA
959,"Tinkaton",NA,NA,"Fairy","Steel",9,FALSE,FALSE,FALSE,NA,NA
960,"Wiglett",NA,NA,"Water",NA,9,FALSE,FALSE,FALSE,NA,NA
961,"Wugtrio",NA,NA,"Water",NA,9,FALSE,FALSE,FALSE,NA,NA
962,"Bombirdier",NA,NA,"Flying","Dark",9,FALSE,FALSE,FALSE,NA,NA
963,"Finizen",NA,NA,"Water",NA,9,FALSE,FALSE,FALSE,NA,NA
964,"Palafin","Zero Form",NA,"Water",NA,9,FALSE,FALSE,FALSE,NA,NA
964,"Palafin","Hero Form",NA,"Water",NA,9,FALSE,FALSE,FALSE,NA,NA
965,"Varoom",NA,NA,"Steel","Poison",9,FALSE,FALSE,FALSE,NA,NA
966,"Revavroom",NA,NA,"Steel","Poison",9,FALSE,FALSE,FALSE,NA,NA
967,"Cyclizar",NA,NA,"Dragon","Normal",9,FALSE,FALSE,FALSE,NA,NA
968,"Orthworm",NA,NA,"Steel",NA,9,FALSE,FALSE,FALSE,NA,NA
969,"Glimmet",NA,NA,"Rock","Poison",9,FALSE,FALSE,FALSE,NA,NA
970,"Glimmora",NA,NA,"Rock","Poison",9,FALSE,FALSE,FALSE,NA,NA
971,"Greavard",NA,NA,"Ghost",NA,9,FALSE,FALSE,FALSE,NA,NA
972,"Houndstone",NA,NA,"Ghost",NA,9,FALSE,FALSE,FALSE,NA,NA
973,"Flamigo",NA,NA,"Flying","Fighting",9,FALSE,FALSE,FALSE,NA,NA
974,"Cetoddle",NA,NA,"Ice",NA,9,FALSE,FALSE,FALSE,NA,NA
975,"Cetitan",NA,NA,"Ice",NA,9,FALSE,FALSE,FALSE,NA,NA
976,"Veluza",NA,NA,"Water","Psychic",9,FALSE,FALSE,FALSE,NA,NA
977,"Dondozo",NA,NA,"Water",NA,9,FALSE,FALSE,FALSE,NA,NA
978,"Tatsugiri","Curly Form",NA,"Dragon","Water",9,FALSE,FALSE,FALSE,NA,NA
978,"Tatsugiri","Droopy Form",NA,"Dragon","Water",9,FALSE,FALSE,FALSE,NA,NA
978,"Tatsugiri","Stretchy Form",NA,"Dragon","Water",9,FALSE,FALSE,FALSE,NA,NA
979,"Annihilape",NA,NA,"Fighting","Ghost",9,FALSE,FALSE,FALSE,NA,NA
980,"Clodsire",NA,NA,"Poison","Ground",9,FALSE,FALSE,FALSE,NA,NA
981,"Farigiraf",NA,NA,"Normal","Psychic",9,FALSE,FALSE,FALSE,NA,NA
982,"Dudunsparce","Two-Segment Form",NA,"Normal",NA,9,FALSE,FALSE,FALSE,NA,NA
982,"Dudunsparce","Three-Segment Form",NA,"Normal",NA,9,FALSE,FALSE,FALSE,NA,NA
983,"Kingambit",NA,NA,"Dark","Steel",9,FALSE,FALSE,FALSE,NA,NA
984,"Great Tusk",NA,NA,"Ground","Fighting",9,FALSE,FALSE,FALSE,NA,NA
985,"Scream Tail",NA,NA,"Fairy","Psychic",9,FALSE,FALSE,FALSE,NA,NA
986,"Brute Bonnet",NA,NA,"Grass","Dark",9,FALSE,FALSE,FALSE,NA,NA
987,"Flutter Mane",NA,NA,"Ghost","Fairy",9,FALSE,FALSE,FALSE,NA,NA
988,"Slither Wing",NA,NA,"Bug","Fighting",9,FALSE,FALSE,FALSE,NA,NA
989,"Sandy Shocks",NA,NA,"Electric","Ground",9,FALSE,FALSE,FALSE,NA,NA
990,"Iron Treads",NA,NA,"Ground","Steel",9,FALSE,FALSE,FALSE,NA,NA
991,"Iron Bundle",NA,NA,"Ice","Water",9,FALSE,FALSE,FALSE,NA,NA
992,"Iron Hands",NA,NA,"Fighting","Electric",9,FALSE,FALSE,FALSE,NA,NA
993,"Iron Jugulis",NA,NA,"Dark","Flying",9,FALSE,FALSE,FALSE,NA,NA
994,"Iron Moth",NA,NA,"Fire","Poison",9,FALSE,FALSE,FALSE,NA,NA
995,"Iron Thorns",NA,NA,"Rock","Electric",9,FALSE,FALSE,FALSE,NA,NA
996,"Frigibax",NA,NA,"Dragon","Ice",9,FALSE,FALSE,FALSE,NA,NA
997,"Arctibax",NA,NA,"Dragon","Ice",9,FALSE,FALSE,FALSE,NA,NA
998,"Baxcalibur",NA,NA,"Dragon","Ice",9,FALSE,FALSE,FALSE,NA,NA
999,"Gimmighoul","Chest Form",NA,"Ghost",NA,9,FALSE,FALSE,FALSE,NA,NA
999,"Gimmighoul","Roaming Form",NA,"Ghost",NA,9,FALSE,FALSE,FALSE,NA,NA
1000,"Gholdengo",NA,NA,"Steel","Ghost",9,FALSE,FALSE,FALSE,NA,NA
1001,"Wo-Chien",NA,NA,"Dark","Grass",9,TRUE,FALSE,FALSE,"Treasures of ruin","quartets"
1002,"Chien-Pao",NA,NA,"Dark","Ice",9,TRUE,FALSE,FALSE,"Treasures of ruin","quartets"
1003,"Ting-Lu",NA,NA,"Dark","Ground",9,TRUE,FALSE,FALSE,"Treasures of ruin","quartets"
1004,"Chi-Yu",NA,NA,"Dark","Fire",9,TRUE,FALSE,FALSE,"Treasures of ruin","quartets"
1005,"Roaring Moon",NA,NA,"Dragon","Dark",9,FALSE,FALSE,FALSE,NA,NA
1006,"Iron Valiant",NA,NA,"Fairy","Fighting",9,FALSE,FALSE,FALSE,NA,NA
1007,"Koraidon","Apex Build",NA,"Fighting","Dragon",9,TRUE,FALSE,FALSE,"Paradox duo","duos"
1008,"Miraidon","Ultimate Mode",NA,"Electric","Dragon",9,TRUE,FALSE,FALSE,"Paradox duo","duos"
1009,"Walking Wake",NA,NA,"Water","Dragon",9,FALSE,FALSE,FALSE,NA,NA
1010,"Iron Leaves",NA,NA,"Grass","Psychic",9,FALSE,FALSE,FALSE,NA,NA
1011,"Dipplin",NA,NA,"Grass","Dragon",9,FALSE,FALSE,FALSE,NA,NA
1012,"Poltchageist",NA,NA,"Grass","Ghost",9,FALSE,FALSE,FALSE,NA,NA
1013,"Sinistcha",NA,NA,"Grass","Ghost",9,FALSE,FALSE,FALSE,NA,NA
1014,"Okidogi",NA,NA,"Poison","Fighting",9,TRUE,FALSE,FALSE,"Loyal Three","trios"
1015,"Munkidori",NA,NA,"Poison","Psychic",9,TRUE,FALSE,FALSE,"Loyal Three","trios"
1016,"Fezandipiti",NA,NA,"Poison","Fairy",9,TRUE,FALSE,FALSE,"Loyal Three","trios"
1017,"Ogerpon","Teal Mask",NA,"Grass",NA,9,TRUE,FALSE,FALSE,NA,NA
1017,"Ogerpon","Wellspring Mask",NA,"Grass","Water",9,TRUE,FALSE,FALSE,NA,NA
1017,"Ogerpon","Hearthflame Mask",NA,"Grass","Fire",9,TRUE,FALSE,FALSE,NA,NA
1017,"Ogerpon","Cornerstone Mask",NA,"Grass","Rock",9,TRUE,FALSE,FALSE,NA,NA
1018,"Archaludon",NA,NA,"Steel","Dragon",9,FALSE,FALSE,FALSE,NA,NA
1019,"Hydrapple",NA,NA,"Grass","Dragon",9,FALSE,FALSE,FALSE,NA,NA
1020,"Gouging Fire",NA,NA,"Fire","Dragon",9,FALSE,FALSE,FALSE,NA,NA
1021,"Raging Bolt",NA,NA,"Electric","Dragon",9,FALSE,FALSE,FALSE,NA,NA
1022,"Iron Boulder",NA,NA,"Rock","Psychic",9,FALSE,FALSE,FALSE,NA,NA
1023,"Iron Crown",NA,NA,"Steel","Psychic",9,FALSE,FALSE,FALSE,NA,NA
1024,"Terapagos","Normal Form",NA,"Normal",NA,9,TRUE,FALSE,FALSE,NA,NA
1024,"Terapagos","Terastal Form",NA,"Normal",NA,9,TRUE,FALSE,FALSE,NA,NA
1025,"Pecharunt",NA,NA,"Poison","Ghost",9,FALSE,TRUE,FALSE,NA,NA
