Ndex,name,catchRate,note,Hdex
1,Bulbasaur,45,120 in Let's Go Pikachu and Eevee,1
2,Ivysaur,45,NA,2
3,Venusaur,45,NA,3
4,Charmander,45,NA,4
5,Charmeleon,45,NA,5
6,Charizard,45,NA,6
7,Squirtle,45,NA,7
8,Wartortle,45,NA,8
9,Blastoise,45,NA,9
10,Caterpie,255,NA,10
11,Metapod,120,NA,11
12,Butterfree,45,90 in XD: Gale of Darkness,12
13,Weedle,255,NA,13
14,Kakuna,120,NA,14
15,Beedrill,45,90 in XD: Gale of Darkness,15
16,Pidgey,255,NA,16
17,Pidgeotto,120,NA,17
18,Pidgeot,45,NA,18
19,Rattata,255,NA,19
20,Raticate,127,90 prior to Generation III,20
21,Spearow,255,NA,21
22,Fearow,90,NA,22
23,Ekans,255,NA,23
24,Arbok,90,NA,24
25,Pikachu,190,The first partner Pikachu in Yellow has its catch rate value set to 163,25
25,PikachuPartner,255,NA,25
26,Raichu,75,NA,26
27,Sandshrew,255,NA,27
28,Sandslash,90,NA,28
29,Nidoran♀,235,NA,29
30,Nidorina,120,NA,30
31,Nidoqueen,45,NA,31
32,Nidoran♂,235,NA,32
33,Nidorino,120,NA,33
34,Nidoking,45,NA,34
35,Clefairy,150,NA,35
36,Clefable,25,NA,36
37,Vulpix,190,NA,37
38,Ninetales,75,NA,38
39,Jigglypuff,170,NA,39
40,Wigglytuff,50,NA,40
41,Zubat,255,NA,41
42,Golbat,90,NA,42
43,Oddish,255,NA,43
44,Gloom,120,NA,44
45,Vileplume,45,NA,45
46,Paras,190,NA,46
47,Parasect,75,NA,47
48,Venonat,190,NA,48
49,Venomoth,75,120 in XD: Gale of Darkness,49
50,Diglett,255,NA,50
51,Dugtrio,50,100 in XD: Gale of Darkness,51
52,Meowth,255,NA,52
53,Persian,90,NA,53
54,Psyduck,190,NA,54
55,Golduck,75,NA,55
56,Mankey,190,NA,56
57,Primeape,75,80 in XD: Gale of Darkness,57
58,Growlithe,190,NA,58
59,Arcanine,75,NA,59
60,Poliwag,255,NA,60
61,Poliwhirl,120,NA,61
62,Poliwrath,45,90 in XD: Gale of Darkness,62
63,Abra,200,NA,63
64,Kadabra,100,Wild Kadabra in Yellow have their catch rate value set to 96 after capture,64
65,Alakazam,50,NA,65
66,Machop,180,NA,66
67,Machoke,90,NA,67
68,Machamp,45,NA,68
69,Bellsprout,255,NA,69
70,Weepinbell,120,NA,70
71,Victreebel,45,NA,71
72,Tentacool,190,NA,72
73,Tentacruel,60,NA,73
74,Geodude,255,NA,74
75,Graveler,120,NA,75
76,Golem,45,NA,76
77,Ponyta,190,NA,77
78,Rapidash,60,NA,78
79,Slowpoke,190,NA,79
80,Slowbro,75,NA,80
81,Magnemite,190,NA,81
82,Magneton,60,110 in XD: Gale of Darkness,82
83,Farfetch'd,45,80 in XD: Gale of Darkness,83
84,Doduo,190,NA,84
85,Dodrio,45,90 in XD: Gale of Darkness,85
86,Seel,190,NA,86
87,Dewgong,75,NA,87
88,Grimer,190,NA,88
89,Muk,75,NA,89
90,Shellder,190,NA,90
91,Cloyster,60,NA,91
92,Gastly,190,NA,92
93,Haunter,90,NA,93
94,Gengar,45,NA,94
95,Onix,45,NA,95
96,Drowzee,190,NA,96
97,Hypno,75,80 in XD: Gale of Darkness,97
98,Krabby,225,NA,98
99,Kingler,60,NA,99
100,Voltorb,190,NA,100
101,Electrode,60,NA,101
102,Exeggcute,90,NA,102
103,Exeggutor,45,80 in XD: Gale of Darkness,103
104,Cubone,190,NA,104
105,Marowak,75,110 in XD: Gale of Darkness,105
106,Hitmonlee,45,90 in XD: Gale of Darkness,106
107,Hitmonchan,45,90 in XD: Gale of Darkness,107
108,Lickitung,45,NA,108
109,Koffing,190,NA,109
110,Weezing,60,NA,110
111,Rhyhorn,120,NA,111
112,Rhydon,60,NA,112
113,Chansey,30,70 in XD: Gale of Darkness,113
114,Tangela,45,90 in XD: Gale of Darkness,114
115,Kangaskhan,45,90 in XD: Gale of Darkness,115
116,Horsea,225,NA,116
117,Seadra,75,NA,117
118,Goldeen,225,NA,118
119,Seaking,60,NA,119
120,Staryu,225,NA,120
121,Starmie,60,110 in XD: Gale of Darkness,121
122,Mr. Mime,45,90 in XD: Gale of Darkness,122
123,Scyther,45,90 in XD: Gale of Darkness,123
124,Jynx,45,NA,124
125,Electabuzz,45,90 in XD: Gale of Darkness,125
126,Magmar,45,NA,126
127,Pinsir,45,90 in XD: Gale of Darkness,127
128,Tauros,45,80 in XD: Gale of Darkness,128
129,Magikarp,255,NA,129
130,Gyarados,45,NA,130
131,Lapras,45,80 in XD: Gale of Darkness,131
132,Ditto,35,NA,132
133,Eevee,45,NA,133
133,EeveePartner,255,NA,133
134,Vaporeon,45,NA,134
135,Jolteon,45,NA,135
136,Flareon,45,NA,136
137,Porygon,45,NA,137
138,Omanyte,45,NA,138
139,Omastar,45,NA,139
140,Kabuto,45,NA,140
141,Kabutops,45,NA,141
142,Aerodactyl,45,NA,142
143,Snorlax,25,70 in XD: Gale of Darkness,143
144,Articuno,3,25 in XD: Gale of Darkness,144
145,Zapdos,3,25 in XD: Gale of Darkness,145
146,Moltres,3,25 in XD: Gale of Darkness,146
147,Dratini,45,NA,147
148,Dragonair,45,27 in Pokémon Yellow,148
149,Dragonite,45,9 in Pokémon Yellow,149
150,Mewtwo,3,NA,150
151,Mew,45,NA,151
152,Chikorita,45,NA,152
153,Bayleef,45,180 in Colosseum,153
154,Meganium,45,NA,154
155,Cyndaquil,45,NA,155
156,Quilava,45,180 in Colosseum,156
157,Typhlosion,45,NA,157
158,Totodile,45,NA,158
159,Croconaw,45,180 in Colosseum,159
160,Feraligatr,45,NA,160
161,Sentret,255,NA,161
162,Furret,90,NA,162
163,Hoothoot,255,NA,163
164,Noctowl,90,NA,164
165,Ledyba,255,NA,165
166,Ledian,90,NA,166
167,Spinarak,255,NA,167
168,Ariados,90,NA,168
169,Crobat,90,NA,169
170,Chinchou,190,NA,170
171,Lanturn,75,NA,171
172,Pichu,190,NA,172
173,Cleffa,150,NA,173
174,Igglybuff,170,NA,174
175,Togepi,190,NA,175
176,Togetic,75,45 in Colosseum,176
177,Natu,190,NA,177
178,Xatu,75,NA,178
179,Mareep,235,45 in Colosseum: Japanese e-Room exclusive,179
180,Flaaffy,120,NA,180
181,Ampharos,45,NA,181
182,Bellossom,45,NA,182
183,Marill,190,NA,183
184,Azumarill,75,NA,184
185,Sudowoodo,65,NA,185
186,Politoed,45,NA,186
187,Hoppip,255,NA,187
188,Skiploom,120,NA,188
189,Jumpluff,45,NA,189
190,Aipom,45,NA,190
191,Sunkern,235,NA,191
192,Sunflora,120,NA,192
193,Yanma,75,NA,193
194,Wooper,255,NA,194
195,Quagsire,90,NA,195
196,Espeon,45,NA,196
197,Umbreon,45,NA,197
198,Murkrow,30,NA,198
199,Slowking,70,NA,199
200,Misdreavus,45,NA,200
201,Unown,225,NA,201
202,Wobbuffet,45,NA,202
203,Girafarig,60,NA,203
204,Pineco,190,NA,204
205,Forretress,75,NA,205
206,Dunsparce,190,NA,206
207,Gligar,60,NA,207
208,Steelix,25,NA,208
209,Snubbull,190,NA,209
210,Granbull,75,NA,210
211,Qwilfish,45,NA,211
212,Scizor,25,45 in Colosseum: Japanese e-Room exclusive,212
213,Shuckle,190,NA,213
214,Heracross,45,NA,214
215,Sneasel,60,NA,215
216,Teddiursa,120,Always succeeds in XD: Gale of Darkness,216
217,Ursaring,60,NA,217
218,Slugma,190,NA,218
219,Magcargo,75,120 in XD: Gale of Darkness,219
220,Swinub,225,NA,220
221,Piloswine,75,NA,221
222,Corsola,60,NA,222
223,Remoraid,190,NA,223
224,Octillery,75,NA,224
225,Delibird,45,NA,225
226,Mantine,25,NA,226
227,Skarmory,25,15 in Colosseum,227
228,Houndour,120,225 in XD: Gale of Darkness,228
229,Houndoom,45,NA,229
230,Kingdra,45,NA,230
231,Phanpy,120,NA,231
232,Donphan,60,NA,232
233,Porygon2,45,NA,233
234,Stantler,45,NA,234
235,Smeargle,45,NA,235
236,Tyrogue,75,NA,236
237,Hitmontop,45,NA,237
238,Smoochum,45,NA,238
239,Elekid,45,NA,239
240,Magby,45,NA,240
241,Miltank,45,NA,241
242,Blissey,30,NA,242
243,Raikou,3,15 in Colosseum,243
244,Entei,3,15 in Colosseum,244
245,Suicune,3,15 in Colosseum,245
246,Larvitar,45,NA,246
247,Pupitar,45,NA,247
248,Tyranitar,45,10 in Colosseum,248
249,Lugia,3,NA,249
250,Ho-Oh,3,NA,250
251,Celebi,45,NA,251
252,Treecko,45,NA,252
253,Grovyle,45,NA,253
254,Sceptile,45,NA,254
255,Torchic,45,NA,255
256,Combusken,45,NA,256
257,Blaziken,45,NA,257
258,Mudkip,45,NA,258
259,Marshtomp,45,NA,259
260,Swampert,45,NA,260
261,Poochyena,255,NA,261
262,Mightyena,127,NA,262
263,Zigzagoon,255,NA,263
264,Linoone,90,NA,264
265,Wurmple,255,NA,265
266,Silcoon,120,NA,266
267,Beautifly,45,NA,267
268,Cascoon,120,NA,268
269,Dustox,45,NA,269
270,Lotad,255,NA,270
271,Lombre,120,NA,271
272,Ludicolo,45,NA,272
273,Seedot,255,NA,273
274,Nuzleaf,120,NA,274
275,Shiftry,45,NA,275
276,Taillow,200,NA,276
277,Swellow,45,90 in XD: Gale of Darkness,277
278,Wingull,190,NA,278
279,Pelipper,45,NA,279
280,Ralts,235,NA,280
281,Kirlia,120,NA,281
282,Gardevoir,45,NA,282
283,Surskit,200,NA,283
284,Masquerain,75,NA,284
285,Shroomish,255,NA,285
286,Breloom,90,NA,286
287,Slakoth,255,NA,287
288,Vigoroth,120,NA,288
289,Slaking,45,NA,289
290,Nincada,255,NA,290
291,Ninjask,120,NA,291
292,Shedinja,45,NA,292
293,Whismur,190,NA,293
294,Loudred,120,NA,294
295,Exploud,45,NA,295
296,Makuhita,180,Always succeed in Colosseum,296
297,Hariyama,200,NA,297
298,Azurill,150,NA,298
299,Nosepass,255,NA,299
300,Skitty,255,NA,300
301,Delcatty,60,120 in XD: Gale of Darkness,301
302,Sableye,45,90 in XD: Gale of Darkness,302
303,Mawile,45,120 in XD: Gale of Darkness,303
304,Aron,180,NA,304
305,Lairon,90,NA,305
306,Aggron,45,NA,306
307,Meditite,180,NA,307
308,Medicham,90,NA,308
309,Electrike,120,NA,309
310,Manectric,45,80 in XD: Gale of Darkness,310
311,Plusle,200,NA,311
312,Minun,200,NA,312
313,Volbeat,150,NA,313
314,Illumise,150,NA,314
315,Roselia,150,NA,315
316,Gulpin,225,NA,316
317,Swalot,75,NA,317
318,Carvanha,225,NA,318
319,Sharpedo,60,NA,319
320,Wailmer,125,NA,320
321,Wailord,60,NA,321
322,Numel,255,NA,322
323,Camerupt,150,NA,323
324,Torkoal,90,NA,324
325,Spoink,255,NA,325
326,Grumpig,60,NA,326
327,Spinda,255,NA,327
328,Trapinch,255,NA,328
329,Vibrava,120,NA,329
330,Flygon,45,NA,330
331,Cacnea,190,NA,331
332,Cacturne,60,NA,332
333,Swablu,255,NA,333
334,Altaria,45,80 in XD: Gale of Darkness,334
335,Zangoose,90,NA,335
336,Seviper,90,NA,336
337,Lunatone,45,100 in XD: Gale of Darkness,337
338,Solrock,45,90 in XD: Gale of Darkness,338
339,Barboach,190,NA,339
340,Whiscash,75,NA,340
341,Corphish,205,NA,341
342,Crawdaunt,155,NA,342
343,Baltoy,255,NA,343
344,Claydol,90,NA,344
345,Lileep,45,NA,345
346,Cradily,45,NA,346
347,Anorith,45,NA,347
348,Armaldo,45,NA,348
349,Feebas,255,NA,349
350,Milotic,60,NA,350
351,Castform,45,NA,351
352,Kecleon,200,NA,352
353,Shuppet,225,NA,353
354,Banette,45,90 in XD: Gale of Darkness,354
355,Duskull,190,NA,355
356,Dusclops,90,NA,356
357,Tropius,200,45 in Colosseum,357
358,Chimecho,45,NA,358
359,Absol,30,NA,359
360,Wynaut,125,NA,360
361,Snorunt,190,NA,361
362,Glalie,75,NA,362
363,Spheal,255,NA,363
364,Sealeo,120,NA,364
365,Walrein,45,NA,365
366,Clamperl,255,NA,366
367,Huntail,60,NA,367
368,Gorebyss,60,NA,368
369,Relicanth,25,NA,369
370,Luvdisc,225,NA,370
371,Bagon,45,NA,371
372,Shelgon,45,NA,372
373,Salamence,45,80 in XD: Gale of Darkness,373
374,Beldum,3,NA,374
375,Metang,3,NA,375
376,Metagross,3,15 in Colosseum,376
377,Regirock,3,NA,377
378,Regice,3,NA,378
379,Registeel,3,NA,379
380,Latias,3,NA,380
381,Latios,3,NA,381
382,Kyogre,3,5 prior to ORAS,382
383,Groudon,3,5 prior to ORAS,383
384,Rayquaza,3,"45 in ORAS, USUM, SwSh, and BDSP",384
385,Jirachi,3,NA,385
386,Deoxys,3,NA,386
387,Turtwig,45,NA,387
388,Grotle,45,NA,388
389,Torterra,45,NA,389
390,Chimchar,45,NA,390
391,Monferno,45,NA,391
392,Infernape,45,NA,392
393,Piplup,45,NA,393
394,Prinplup,45,NA,394
395,Empoleon,45,NA,395
396,Starly,255,NA,396
397,Staravia,120,NA,397
398,Staraptor,45,NA,398
399,Bidoof,255,NA,399
400,Bibarel,127,NA,400
401,Kricketot,255,NA,401
402,Kricketune,45,NA,402
403,Shinx,235,NA,403
404,Luxio,120,NA,404
405,Luxray,45,NA,405
406,Budew,255,NA,406
407,Roserade,75,NA,407
408,Cranidos,45,NA,408
409,Rampardos,45,NA,409
410,Shieldon,45,NA,410
411,Bastiodon,45,NA,411
412,Burmy,120,NA,412
413,Wormadam,45,NA,413
414,Mothim,45,NA,414
415,Combee,120,NA,415
416,Vespiquen,45,NA,416
417,Pachirisu,200,NA,417
418,Buizel,190,NA,418
419,Floatzel,75,NA,419
420,Cherubi,190,NA,420
421,Cherrim,75,NA,421
422,Shellos,190,NA,422
423,Gastrodon,75,NA,423
424,Ambipom,45,NA,424
425,Drifloon,125,NA,425
426,Drifblim,60,NA,426
427,Buneary,190,NA,427
428,Lopunny,60,NA,428
429,Mismagius,45,NA,429
430,Honchkrow,30,NA,430
431,Glameow,190,NA,431
432,Purugly,75,NA,432
433,Chingling,120,NA,433
434,Stunky,225,NA,434
435,Skuntank,60,NA,435
436,Bronzor,255,NA,436
437,Bronzong,90,NA,437
438,Bonsly,255,NA,438
439,Mime Jr.,145,NA,439
440,Happiny,130,NA,440
441,Chatot,30,NA,441
442,Spiritomb,100,NA,442
443,Gible,45,NA,443
444,Gabite,45,NA,444
445,Garchomp,45,NA,445
446,Munchlax,50,NA,446
447,Riolu,75,NA,447
448,Lucario,45,NA,448
449,Hippopotas,140,NA,449
450,Hippowdon,60,NA,450
451,Skorupi,120,NA,451
452,Drapion,45,NA,452
453,Croagunk,140,NA,453
454,Toxicroak,75,NA,454
455,Carnivine,200,NA,455
456,Finneon,190,NA,456
457,Lumineon,75,NA,457
458,Mantyke,25,NA,458
459,Snover,120,NA,459
460,Abomasnow,60,NA,460
461,Weavile,45,NA,461
462,Magnezone,30,NA,462
463,Lickilicky,30,NA,463
464,Rhyperior,30,NA,464
465,Tangrowth,30,NA,465
466,Electivire,30,NA,466
467,Magmortar,30,NA,467
468,Togekiss,30,NA,468
469,Yanmega,30,NA,469
470,Leafeon,45,NA,470
471,Glaceon,45,NA,471
472,Gliscor,30,NA,472
473,Mamoswine,50,NA,473
474,Porygon-Z,30,NA,474
475,Gallade,45,NA,475
476,Probopass,60,NA,476
477,Dusknoir,45,NA,477
478,Froslass,75,NA,478
479,Rotom,45,NA,479
480,Uxie,3,NA,480
481,Mesprit,3,NA,481
482,Azelf,3,NA,482
483,Dialga,3,30 prior to ORAS,483
484,Palkia,3,30 prior to ORAS,484
485,Heatran,3,NA,485
486,Regigigas,3,NA,486
487,Giratina,3,NA,487
488,Cresselia,3,NA,488
489,Phione,30,NA,489
490,Manaphy,3,NA,490
491,Darkrai,3,NA,491
492,Shaymin,45,NA,492
493,Arceus,3,NA,493
494,Victini,3,NA,494
495,Snivy,45,NA,495
496,Servine,45,NA,496
497,Serperior,45,NA,497
498,Tepig,45,NA,498
499,Pignite,45,NA,499
500,Emboar,45,NA,500
501,Oshawott,45,NA,501
502,Dewott,45,NA,502
503,Samurott,45,NA,503
504,Patrat,255,NA,504
505,Watchog,255,NA,505
506,Lillipup,255,NA,506
507,Herdier,120,NA,507
508,Stoutland,45,NA,508
509,Purrloin,255,NA,509
510,Liepard,90,NA,510
511,Pansage,190,NA,511
512,Simisage,75,NA,512
513,Pansear,190,NA,513
514,Simisear,75,NA,514
515,Panpour,190,NA,515
516,Simipour,75,NA,516
517,Munna,190,NA,517
518,Musharna,75,NA,518
519,Pidove,255,NA,519
520,Tranquill,120,NA,520
521,Unfezant,45,NA,521
522,Blitzle,190,NA,522
523,Zebstrika,75,NA,523
524,Roggenrola,255,NA,524
525,Boldore,120,NA,525
526,Gigalith,45,NA,526
527,Woobat,190,NA,527
528,Swoobat,45,NA,528
529,Drilbur,120,NA,529
530,Excadrill,60,NA,530
531,Audino,255,NA,531
532,Timburr,180,NA,532
533,Gurdurr,90,NA,533
534,Conkeldurr,45,NA,534
535,Tympole,255,NA,535
536,Palpitoad,120,NA,536
537,Seismitoad,45,NA,537
538,Throh,45,NA,538
539,Sawk,45,NA,539
540,Sewaddle,255,NA,540
541,Swadloon,120,NA,541
542,Leavanny,45,NA,542
543,Venipede,255,NA,543
544,Whirlipede,120,NA,544
545,Scolipede,45,NA,545
546,Cottonee,190,NA,546
547,Whimsicott,75,NA,547
548,Petilil,190,NA,548
549,Lilligant,75,NA,549
550,Basculin,190,25 prior to SV 2.0.1,550
551,Sandile,180,NA,551
552,Krokorok,90,NA,552
553,Krookodile,45,NA,553
554,Darumaka,120,NA,554
555,Darmanitan,60,NA,555
556,Maractus,255,NA,556
557,Dwebble,190,NA,557
558,Crustle,75,NA,558
559,Scraggy,180,NA,559
560,Scrafty,90,NA,560
561,Sigilyph,45,NA,561
562,Yamask,190,NA,562
563,Cofagrigus,90,NA,563
564,Tirtouga,45,NA,564
565,Carracosta,45,NA,565
566,Archen,45,NA,566
567,Archeops,45,NA,567
568,Trubbish,190,NA,568
569,Garbodor,60,NA,569
570,Zorua,75,NA,570
571,Zoroark,45,NA,571
572,Minccino,255,NA,572
573,Cinccino,60,NA,573
574,Gothita,200,NA,574
575,Gothorita,100,NA,575
576,Gothitelle,50,NA,576
577,Solosis,200,NA,577
578,Duosion,100,NA,578
579,Reuniclus,50,NA,579
580,Ducklett,190,NA,580
581,Swanna,45,NA,581
582,Vanillite,255,NA,582
583,Vanillish,120,NA,583
584,Vanilluxe,45,NA,584
585,Deerling,190,NA,585
586,Sawsbuck,75,NA,586
587,Emolga,200,NA,587
588,Karrablast,200,NA,588
589,Escavalier,75,NA,589
590,Foongus,190,NA,590
591,Amoonguss,75,NA,591
592,Frillish,190,NA,592
593,Jellicent,60,NA,593
594,Alomomola,75,NA,594
595,Joltik,190,NA,595
596,Galvantula,75,NA,596
597,Ferroseed,255,NA,597
598,Ferrothorn,90,NA,598
599,Klink,130,NA,599
600,Klang,60,NA,600
601,Klinklang,30,NA,601
602,Tynamo,190,NA,602
603,Eelektrik,60,NA,603
604,Eelektross,30,NA,604
605,Elgyem,255,NA,605
606,Beheeyem,90,NA,606
607,Litwick,190,NA,607
608,Lampent,90,NA,608
609,Chandelure,45,NA,609
610,Axew,75,NA,610
611,Fraxure,60,NA,611
612,Haxorus,45,NA,612
613,Cubchoo,120,NA,613
614,Beartic,60,NA,614
615,Cryogonal,25,NA,615
616,Shelmet,200,NA,616
617,Accelgor,75,NA,617
618,Stunfisk,75,NA,618
619,Mienfoo,180,NA,619
620,Mienshao,45,NA,620
621,Druddigon,45,NA,621
622,Golett,190,NA,622
623,Golurk,90,NA,623
624,Pawniard,120,NA,624
625,Bisharp,45,NA,625
626,Bouffalant,45,NA,626
627,Rufflet,190,NA,627
628,Braviary,60,NA,628
629,Vullaby,190,NA,629
630,Mandibuzz,60,NA,630
631,Heatmor,90,NA,631
632,Durant,90,NA,632
633,Deino,45,NA,633
634,Zweilous,45,NA,634
635,Hydreigon,45,NA,635
636,Larvesta,45,NA,636
637,Volcarona,15,NA,637
638,Cobalion,3,NA,638
639,Terrakion,3,NA,639
640,Virizion,3,NA,640
641,Tornadus,3,NA,641
642,Thundurus,3,NA,642
643,Reshiram,3,45 prior to ORAS,643
644,Zekrom,3,45 prior to ORAS,644
645,Landorus,3,NA,645
646,Kyurem,3,NA,646
647,Keldeo,3,NA,647
648,Meloetta,3,NA,648
649,Genesect,3,NA,649
650,Chespin,45,NA,650
651,Quilladin,45,NA,651
652,Chesnaught,45,NA,652
653,Fennekin,45,NA,653
654,Braixen,45,NA,654
655,Delphox,45,NA,655
656,Froakie,45,NA,656
657,Frogadier,45,NA,657
658,Greninja,45,NA,658
659,Bunnelby,255,NA,659
660,Diggersby,127,NA,660
661,Fletchling,255,NA,661
662,Fletchinder,120,NA,662
663,Talonflame,45,NA,663
664,Scatterbug,255,NA,664
665,Spewpa,120,NA,665
666,Vivillon,45,NA,666
667,Litleo,220,NA,667
668,Pyroar,65,NA,668
669,Flabébé,225,NA,669
670,Floette,120,NA,670
671,Florges,45,NA,671
672,Skiddo,200,NA,672
673,Gogoat,45,NA,673
674,Pancham,220,NA,674
675,Pangoro,65,NA,675
676,Furfrou,160,NA,676
677,Espurr,190,NA,677
678,Meowstic,75,NA,678
679,Honedge,180,NA,679
680,Doublade,90,NA,680
681,Aegislash,45,NA,681
682,Spritzee,200,NA,682
683,Aromatisse,140,NA,683
684,Swirlix,200,NA,684
685,Slurpuff,140,NA,685
686,Inkay,190,NA,686
687,Malamar,80,NA,687
688,Binacle,120,NA,688
689,Barbaracle,45,NA,689
690,Skrelp,225,NA,690
691,Dragalge,55,NA,691
692,Clauncher,225,NA,692
693,Clawitzer,55,NA,693
694,Helioptile,190,NA,694
695,Heliolisk,75,NA,695
696,Tyrunt,45,NA,696
697,Tyrantrum,45,NA,697
698,Amaura,45,NA,698
699,Aurorus,45,NA,699
700,Sylveon,45,NA,700
701,Hawlucha,100,NA,701
702,Dedenne,180,NA,702
703,Carbink,60,NA,703
704,Goomy,45,NA,704
705,Sliggoo,45,NA,705
706,Goodra,45,NA,706
707,Klefki,75,NA,707
708,Phantump,120,NA,708
709,Trevenant,60,NA,709
710,Pumpkaboo,120,NA,710
711,Gourgeist,60,NA,711
712,Bergmite,190,NA,712
713,Avalugg,55,NA,713
714,Noibat,190,NA,714
715,Noivern,45,NA,715
716,Xerneas,45,NA,716
717,Yveltal,45,NA,717
718,Zygarde,3,NA,718
719,Diancie,3,NA,719
720,Hoopa,3,NA,720
721,Volcanion,3,NA,721
722,Rowlet,45,NA,722
723,Dartrix,45,NA,723
724,Decidueye,45,NA,724
725,Litten,45,NA,725
726,Torracat,45,NA,726
727,Incineroar,45,NA,727
728,Popplio,45,NA,728
729,Brionne,45,NA,729
730,Primarina,45,NA,730
731,Pikipek,255,NA,731
732,Trumbeak,120,NA,732
733,Toucannon,45,NA,733
734,Yungoos,255,NA,734
735,Gumshoos,127,NA,735
736,Grubbin,255,NA,736
737,Charjabug,120,NA,737
738,Vikavolt,45,NA,738
739,Crabrawler,225,NA,739
740,Crabominable,60,NA,740
741,Oricorio,45,NA,741
742,Cutiefly,190,NA,742
743,Ribombee,75,NA,743
744,Rockruff,190,NA,744
745,Lycanroc,90,NA,745
746,Wishiwashi,60,NA,746
747,Mareanie,190,NA,747
748,Toxapex,75,NA,748
749,Mudbray,190,NA,749
750,Mudsdale,60,NA,750
751,Dewpider,200,NA,751
752,Araquanid,100,NA,752
753,Fomantis,190,NA,753
754,Lurantis,75,NA,754
755,Morelull,190,NA,755
756,Shiinotic,75,NA,756
757,Salandit,120,NA,757
758,Salazzle,45,NA,758
759,Stufful,140,NA,759
760,Bewear,70,NA,760
761,Bounsweet,235,NA,761
762,Steenee,120,NA,762
763,Tsareena,45,NA,763
764,Comfey,60,NA,764
765,Oranguru,45,NA,765
766,Passimian,45,NA,766
767,Wimpod,90,NA,767
768,Golisopod,45,NA,768
769,Sandygast,140,NA,769
770,Palossand,60,NA,770
771,Pyukumuku,60,NA,771
772,Type: Null,3,NA,772
773,Silvally,3,NA,773
774,Minior,30,NA,774
775,Komala,45,NA,775
776,Turtonator,70,NA,776
777,Togedemaru,180,NA,777
778,Mimikyu,45,NA,778
779,Bruxish,80,NA,779
780,Drampa,70,NA,780
781,Dhelmise,25,NA,781
782,Jangmo-o,45,NA,782
783,Hakamo-o,45,NA,783
784,Kommo-o,45,NA,784
785,Tapu Koko,3,NA,785
786,Tapu Lele,3,NA,786
787,Tapu Bulu,3,NA,787
788,Tapu Fini,3,NA,788
789,Cosmog,3,45 prior to SV,789
790,Cosmoem,3,45 prior to SV,790
791,Solgaleo,3,45 prior to SV,791
792,Lunala,3,45 prior to SV,792
793,Nihilego,45,NA,793
794,Buzzwole,45,25 prior to USUM,794
795,Pheromosa,45,255 prior to USUM,795
796,Xurkitree,45,30 prior to USUM,796
797,Celesteela,45,25 prior to USUM,797
798,Kartana,45,255 prior to USUM,798
799,Guzzlord,45,15 prior to USUM,799
800,Necrozma,3,255 in USUM and SwSh,800
801,Magearna,3,NA,801
802,Marshadow,3,NA,802
803,Poipole,45,3 prior to SwSh,803
804,Naganadel,45,3 prior to SwSh,804
805,Stakataka,30,3 prior to SwSh,805
806,Blacephalon,30,3 prior to SwSh,806
807,Zeraora,3,NA,807
808,Meltan,3,NA,808
809,Melmetal,3,NA,809
810,Grookey,45,NA,810
811,Thwackey,45,NA,811
812,Rillaboom,45,NA,812
813,Scorbunny,45,NA,813
814,Raboot,45,NA,814
815,Cinderace,45,NA,815
816,Sobble,45,NA,816
817,Drizzile,45,NA,817
818,Inteleon,45,NA,818
819,Skwovet,255,NA,819
820,Greedent,90,NA,820
821,Rookidee,255,NA,821
822,Corvisquire,120,NA,822
823,Corviknight,45,NA,823
824,Blipbug,255,NA,824
825,Dottler,120,NA,825
826,Orbeetle,45,NA,826
827,Nickit,255,NA,827
828,Thievul,127,NA,828
829,Gossifleur,190,NA,829
830,Eldegoss,75,NA,830
831,Wooloo,255,NA,831
832,Dubwool,127,NA,832
833,Chewtle,255,NA,833
834,Drednaw,75,NA,834
835,Yamper,255,NA,835
836,Boltund,45,NA,836
837,Rolycoly,255,NA,837
838,Carkol,120,NA,838
839,Coalossal,45,NA,839
840,Applin,255,NA,840
841,Flapple,45,NA,841
842,Appletun,45,NA,842
843,Silicobra,255,NA,843
844,Sandaconda,120,NA,844
845,Cramorant,45,NA,845
846,Arrokuda,255,NA,846
847,Barraskewda,60,NA,847
848,Toxel,75,NA,848
849,Toxtricity,45,NA,849
850,Sizzlipede,190,NA,850
851,Centiskorch,75,NA,851
852,Clobbopus,180,NA,852
853,Grapploct,45,NA,853
854,Sinistea,120,NA,854
855,Polteageist,60,NA,855
856,Hatenna,235,NA,856
857,Hattrem,120,NA,857
858,Hatterene,45,NA,858
859,Impidimp,255,NA,859
860,Morgrem,120,NA,860
861,Grimmsnarl,45,NA,861
862,Obstagoon,45,NA,862
863,Perrserker,90,NA,863
864,Cursola,30,NA,864
865,Sirfetch'd,45,NA,865
866,Mr. Rime,45,NA,866
867,Runerigus,90,NA,867
868,Milcery,200,NA,868
869,Alcremie,100,NA,869
870,Falinks,45,NA,870
871,Pincurchin,75,NA,871
872,Snom,190,NA,872
873,Frosmoth,75,NA,873
874,Stonjourner,60,NA,874
875,Eiscue,60,NA,875
876,Indeedee,30,NA,876
877,Morpeko,180,NA,877
878,Cufant,190,NA,878
879,Copperajah,90,NA,879
880,Dracozolt,45,NA,880
881,Arctozolt,45,NA,881
882,Dracovish,45,NA,882
883,Arctovish,45,NA,883
884,Duraludon,45,NA,884
885,Dreepy,45,NA,885
886,Drakloak,45,NA,886
887,Dragapult,45,NA,887
888,Zacian,10,NA,888
889,Zamazenta,10,NA,889
890,Eternatus,255,NA,890
891,Kubfu,3,NA,891
892,Urshifu,3,NA,892
893,Zarude,3,NA,893
894,Regieleki,3,NA,894
895,Regidrago,3,NA,895
896,Glastrier,3,NA,896
897,Spectrier,3,NA,897
898,Calyrex,3,NA,898
899,Wyrdeer,45,NA,899
900,Kleavor,15,NA,900
901,Ursaluna,20,NA,901
902,Basculegion,45,NA,902
903,Sneasler,20,NA,903
904,Overqwil,45,NA,904
905,Enamorus,3,NA,905
906,Sprigatito,45,NA,906
907,Floragato,45,NA,907
908,Meowscarada,45,NA,908
909,Fuecoco,45,NA,909
910,Crocalor,45,NA,910
911,Skeledirge,45,NA,911
912,Quaxly,45,NA,912
913,Quaxwell,45,NA,913
914,Quaquaval,45,NA,914
915,Lechonk,255,NA,915
916,Oinkologne,100,NA,916
917,Tarountula,255,NA,917
918,Spidops,120,NA,918
919,Nymble,190,NA,919
920,Lokix,30,NA,920
921,Pawmi,190,NA,921
922,Pawmo,80,NA,922
923,Pawmot,45,NA,923
924,Tandemaus,150,NA,924
925,Maushold,75,NA,925
926,Fidough,190,NA,926
927,Dachsbun,90,NA,927
928,Smoliv,255,NA,928
929,Dolliv,120,NA,929
930,Arboliva,45,NA,930
931,Squawkabilly,190,NA,931
932,Nacli,255,NA,932
933,Naclstack,120,NA,933
934,Garganacl,45,NA,934
935,Charcadet,90,NA,935
936,Armarouge,25,NA,936
937,Ceruledge,25,NA,937
938,Tadbulb,190,NA,938
939,Bellibolt,50,NA,939
940,Wattrel,180,NA,940
941,Kilowattrel,90,NA,941
942,Maschiff,150,NA,942
943,Mabosstiff,75,NA,943
944,Shroodle,190,NA,944
945,Grafaiai,90,NA,945
946,Bramblin,190,NA,946
947,Brambleghast,45,NA,947
948,Toedscool,190,NA,948
949,Toedscruel,90,NA,949
950,Klawf,120,NA,950
951,Capsakid,190,NA,951
952,Scovillain,75,NA,952
953,Rellor,190,NA,953
954,Rabsca,45,NA,954
955,Flittle,120,NA,955
956,Espathra,60,NA,956
957,Tinkatink,190,NA,957
958,Tinkatuff,90,NA,958
959,Tinkaton,45,NA,959
960,Wiglett,255,NA,960
961,Wugtrio,50,NA,961
962,Bombirdier,25,NA,962
963,Finizen,200,NA,963
964,Palafin,45,NA,964
965,Varoom,190,NA,965
966,Revavroom,75,NA,966
967,Cyclizar,190,NA,967
968,Orthworm,25,NA,968
969,Glimmet,70,NA,969
970,Glimmora,25,NA,970
971,Greavard,120,NA,971
972,Houndstone,60,NA,972
973,Flamigo,100,NA,973
974,Cetoddle,150,NA,974
975,Cetitan,50,NA,975
976,Veluza,100,NA,976
977,Dondozo,25,NA,977
978,Tatsugiri,100,NA,978
979,Annihilape,45,NA,979
980,Clodsire,90,NA,980
981,Farigiraf,45,NA,981
982,Dudunsparce,45,NA,982
983,Kingambit,25,NA,983
984,Great Tusk,30,NA,984
985,Scream Tail,50,NA,985
986,Brute Bonnet,50,NA,986
987,Flutter Mane,30,NA,987
988,Slither Wing,30,NA,988
989,Sandy Shocks,30,NA,989
990,Iron Treads,30,NA,990
991,Iron Bundle,50,NA,991
992,Iron Hands,50,NA,992
993,Iron Jugulis,30,NA,993
994,Iron Moth,30,NA,994
995,Iron Thorns,30,NA,995
996,Frigibax,45,NA,996
997,Arctibax,25,NA,997
998,Baxcalibur,10,NA,998
999,Gimmighoul,45,NA,999
1000,Gholdengo,45,NA,1000
1001,Wo-Chien,6,NA,1001
1002,Chien-Pao,6,NA,1002
1003,Ting-Lu,6,NA,1003
1004,Chi-Yu,6,NA,1004
1005,Roaring Moon,10,NA,1005
1006,Iron Valiant,10,NA,1006
1007,Koraidon,3,NA,1007
1008,Miraidon,3,NA,1008
1009,Walking Wake,5,NA,1009
1010,Iron Leaves,5,NA,1010
1011,Dipplin,45,NA,1011
1012,Poltchageist,120,NA,1012
1013,Sinistcha,60,NA,1013
1014,Okidogi,3,NA,1014
1015,Munkidori,3,NA,1015
1016,Fezandipiti,3,NA,1016
1017,Ogerpon,5,NA,1017
1018,Archaludon,10,NA,1018
1019,Hydrapple,10,NA,1019
1020,Gouging Fire,10,NA,1020
1021,Raging Bolt,10,NA,1021
1022,Iron Boulder,10,NA,1022
1023,Iron Crown,10,NA,1023
1024,Terapagos,255,NA,1024
1025,Pecharunt,3,NA,1025
722,Rowlet,205,NA,722
723,Dartrix,105,NA,723
724,Decidueye,55,NA,724
155,Cyndaquil,205,NA,155
156,Quilava,105,NA,156
157,Typhlosion,55,NA,157
501,Oshawott,205,NA,501
502,Dewott,105,NA,502
503,Samurott,55,NA,503
399,Bidoof,255,NA,399
400,Bibarel,155,NA,400
396,Starly,245,NA,396
397,Staravia,145,NA,397
398,Staraptor,95,NA,398
403,Shinx,225,NA,403
404,Luxio,125,NA,404
405,Luxray,75,NA,405
265,Wurmple,245,NA,265
266,Silcoon,195,NA,266
267,Beautifly,145,NA,267
268,Cascoon,195,NA,268
269,Dustox,145,NA,269
77,Ponyta,235,NA,77
78,Rapidash,135,NA,78
133,Eevee,215,NA,133
134,Vaporeon,115,NA,134
135,Jolteon,115,NA,135
136,Flareon,115,NA,136
196,Espeon,115,NA,196
197,Umbreon,115,NA,197
470,Leafeon,115,NA,470
471,Glaceon,115,NA,471
700,Sylveon,115,NA,700
41,Zubat,245,NA,41
42,Golbat,145,NA,42
169,Crobat,95,NA,169
425,Drifloon,235,NA,425
426,Drifblim,135,NA,426
401,Kricketot,255,NA,401
402,Kricketune,205,NA,402
418,Buizel,235,NA,418
419,Floatzel,135,NA,419
412,Burmy,235,NA,412
413,Wormadam,135,NA,413
414,Mothim,135,NA,414
74,Geodude,245,NA,74
75,Graveler,145,NA,75
76,Golem,95,NA,76
234,Stantler,235,NA,234
899,Wyrdeer,135,NA,899
446,Munchlax,255,NA,446
143,Snorlax,55,NA,143
46,Paras,235,NA,46
47,Parasect,135,NA,47
172,Pichu,245,NA,172
25,Pikachu,145,NA,25
26,Raichu,95,NA,26
63,Abra,205,NA,63
64,Kadabra,145,NA,64
65,Alakazam,95,NA,65
390,Chimchar,205,NA,390
391,Monferno,105,NA,391
392,Infernape,55,NA,392
427,Buneary,235,NA,427
428,Lopunny,135,NA,428
420,Cherubi,235,NA,420
421,Cherrim,135,NA,421
54,Psyduck,235,NA,54
55,Golduck,135,NA,55
415,Combee,235,NA,415
416,Vespiquen,135,NA,416
123,Scyther,215,NA,123
900,Kleavor,115,NA,900
212,Scizor,115,NA,212
214,Heracross,85,NA,214
439,Mime Jr.,235,NA,439
122,Mr. Mime,135,NA,122
190,Aipom,235,NA,190
424,Ambipom,135,NA,424
129,Magikarp,255,NA,129
130,Gyarados,55,NA,130
422,Shellos,235,NA,422
423,Gastrodon,135,NA,423
211,Qwilfish,235,NA,211
904,Overqwil,135,NA,904
440,Happiny,205,NA,440
113,Chansey,105,NA,113
242,Blissey,55,NA,242
406,Budew,225,NA,406
315,Roselia,125,NA,315
407,Roserade,75,NA,407
455,Carnivine,185,NA,455
548,Petilil,235,NA,548
549,Lilligant,135,NA,549
114,Tangela,235,NA,114
465,Tangrowth,135,NA,465
339,Barboach,235,NA,339
340,Whiscash,135,NA,340
453,Croagunk,235,NA,453
454,Toxicroak,135,NA,454
280,Ralts,225,NA,280
281,Kirlia,125,NA,281
282,Gardevoir,75,NA,282
475,Gallade,75,NA,475
193,Yanma,235,NA,193
469,Yanmega,135,NA,469
449,Hippopotas,235,NA,449
450,Hippowdon,135,NA,450
417,Pachirisu,185,NA,417
434,Stunky,235,NA,434
435,Skuntank,135,NA,435
216,Teddiursa,225,NA,216
217,Ursaring,125,NA,217
901,Ursaluna,75,NA,901
704,Goomy,205,NA,704
705,Sliggoo,105,NA,705
706,Goodra,55,NA,706
95,Onix,235,NA,95
208,Steelix,135,NA,208
111,Rhyhorn,225,NA,111
112,Rhydon,125,NA,112
464,Rhyperior,75,NA,464
438,Bonsly,235,NA,438
185,Sudowoodo,135,NA,185
108,Lickitung,235,NA,108
463,Lickilicky,135,NA,463
175,Togepi,205,45 in Colosseum: Japanese e-Room exclusive,175
176,Togetic,105,NA,176
468,Togekiss,55,NA,468
387,Turtwig,205,NA,387
388,Grotle,105,NA,388
389,Torterra,55,NA,389
137,Porygon,205,NA,137
233,Porygon2,105,NA,233
474,Porygon-Z,55,NA,474
92,Gastly,245,NA,92
93,Haunter,145,NA,93
94,Gengar,95,NA,94
442,Spiritomb,65,NA,442
198,Murkrow,235,NA,198
430,Honchkrow,135,NA,430
201,Unown,185,NA,201
363,Spheal,225,NA,363
364,Sealeo,125,NA,364
365,Walrein,75,NA,365
223,Remoraid,235,NA,223
224,Octillery,135,NA,224
451,Skorupi,235,NA,451
452,Drapion,135,NA,452
58,Growlithe,235,NA,58
59,Arcanine,135,NA,59
431,Glameow,255,NA,431
432,Purugly,155,NA,432
66,Machop,245,NA,66
67,Machoke,145,NA,67
68,Machamp,95,NA,68
441,Chatot,125,NA,441
355,Duskull,225,NA,355
356,Dusclops,125,NA,356
477,Dusknoir,75,NA,477
393,Piplup,205,NA,393
394,Prinplup,105,NA,394
395,Empoleon,55,NA,395
458,Mantyke,235,NA,458
226,Mantine,135,90 in Colosseum,226
550,Basculin,235,NA,550
902,Basculegion,135,NA,902
37,Vulpix,235,NA,37
38,Ninetales,135,NA,38
72,Tentacool,235,NA,72
73,Tentacruel,135,NA,73
456,Finneon,235,NA,456
457,Lumineon,135,NA,457
240,Magby,225,NA,240
126,Magmar,125,NA,126
467,Magmortar,75,NA,467
81,Magnemite,225,NA,81
82,Magneton,125,NA,82
462,Magnezone,75,NA,462
436,Bronzor,235,NA,436
437,Bronzong,135,NA,437
239,Elekid,225,NA,239
125,Electabuzz,125,NA,125
466,Electivire,75,NA,466
207,Gligar,235,NA,207
472,Gliscor,135,NA,472
443,Gible,205,NA,443
444,Gabite,105,NA,444
445,Garchomp,55,NA,445
299,Nosepass,235,NA,299
476,Probopass,135,NA,476
100,Voltorb,235,NA,100
101,Electrode,135,NA,101
479,Rotom,85,NA,479
433,Chingling,235,NA,433
358,Chimecho,135,NA,358
200,Misdreavus,235,90 in Colosseum,200
429,Mismagius,135,NA,429
173,Cleffa,225,NA,173
35,Clefairy,125,NA,35
36,Clefable,75,NA,36
215,Sneasel,235,NA,215
903,Sneasler,135,NA,903
461,Weavile,135,NA,461
361,Snorunt,235,NA,361
362,Glalie,135,NA,362
478,Froslass,135,NA,478
408,Cranidos,215,NA,408
409,Rampardos,115,NA,409
410,Shieldon,215,NA,410
411,Bastiodon,115,NA,411
220,Swinub,225,NA,220
221,Piloswine,125,NA,221
473,Mamoswine,75,NA,473
712,Bergmite,235,NA,712
713,Avalugg,135,NA,713
459,Snover,235,NA,459
460,Abomasnow,135,NA,460
570,Zorua,215,NA,570
571,Zoroark,115,NA,571
627,Rufflet,235,NA,627
628,Braviary,135,NA,628
447,Riolu,215,NA,447
448,Lucario,115,NA,448
480,Uxie,45,NA,480
481,Mesprit,45,NA,481
482,Azelf,45,NA,482
485,Heatran,45,NA,485
486,Regigigas,3,NA,486
488,Cresselia,45,NA,488
641,Tornadus,3,NA,641
642,Thundurus,3,NA,642
645,Landorus,3,NA,645
905,Enamorus,3,NA,905
483,Dialga,45,NA,483
484,Palkia,45,NA,484
487,Giratina,45,NA,487
493,Arceus,3,NA,493
489,Phione,3,NA,489
490,Manaphy,3,NA,490
492,Shaymin,3,NA,492
491,Darkrai,45,NA,491
