"name","form","lbs","kg","lightest","heaveiest","regional","MegaOrPrimal"
"Gastly",NA,0.2,0.1,1,1181,NA,NA
"Haunter",NA,0.2,0.1,2,1180,NA,NA
"Flabébé",NA,0.2,0.1,3,1179,NA,NA
"Cosmog",NA,0.2,0.1,4,1178,NA,NA
"Kartana",NA,0.2,0.1,5,1177,NA,NA
"Gimmighoul","Roaming Form",0.2,0.1,6,1176,NA,NA
"Cutiefly",NA,0.4,0.2,7,1175,NA,NA
"Sinistea",NA,0.4,0.2,8,1174,NA,NA
"Rotom",NA,0.7,0.3,9,1173,NA,NA
"Uxie",NA,0.7,0.3,10,1172,NA,NA
"Mesprit",NA,0.7,0.3,11,1171,NA,NA
"Azelf",NA,0.7,0.3,12,1170,NA,NA
"Tynamo",NA,0.7,0.3,13,1169,NA,NA
"Wishiwashi","Solo Form",0.7,0.3,14,1168,NA,NA
"Comfey",NA,0.7,0.3,15,1167,NA,NA
"Minior","Core Form",0.7,0.3,16,1166,NA,NA
"Milcery",NA,0.7,0.3,17,1165,NA,NA
"Pecharunt",NA,0.7,0.3,18,1164,NA,NA
"Polteageist",NA,0.9,0.4,19,1163,NA,NA
"Cursola",NA,0.9,0.4,20,1162,NA,NA
"Tadbulb",NA,0.9,0.4,21,1161,NA,NA
"Hoppip",NA,1.1,0.5,22,1160,NA,NA
"Spritzee",NA,1.1,0.5,23,1159,NA,NA
"Ribombee",NA,1.1,0.5,24,1158,NA,NA
"Applin",NA,1.1,0.5,25,1157,NA,NA
"Alcremie",NA,1.1,0.5,26,1156,NA,NA
"Corsola",NA,1.1,0.5,27,1155,"Galarian",NA
"Chingling",NA,1.3,0.6,28,1154,NA,NA
"Cottonee",NA,1.3,0.6,29,1153,NA,NA
"Joltik",NA,1.3,0.6,30,1152,NA,NA
"Bramblin",NA,1.3,0.6,31,1151,NA,NA
"Mimikyu",NA,1.5,0.7,32,1150,NA,NA
"Shroodle",NA,1.5,0.7,33,1149,NA,NA
"Diglett",NA,1.8,0.8,34,1148,NA,NA
"Castform",NA,1.8,0.8,35,1147,NA,NA
"Floette",NA,2,0.9,36,1146,NA,NA
"Diglett",NA,2.2,1,37,1145,"Alolan",NA
"Koffing",NA,2.2,1,38,1144,NA,NA
"Igglybuff",NA,2.2,1,39,1143,NA,NA
"Skiploom",NA,2.2,1,40,1142,NA,NA
"Misdreavus",NA,2.2,1,41,1141,NA,NA
"Chimecho",NA,2.2,1,42,1140,NA,NA
"Solosis",NA,2.2,1,43,1139,NA,NA
"Foongus",NA,2.2,1,44,1138,NA,NA
"Flapple",NA,2.2,1,45,1137,NA,NA
"Arrokuda",NA,2.2,1,46,1136,NA,NA
"Sizzlipede",NA,2.2,1,47,1135,NA,NA
"Pincurchin",NA,2.2,1,48,1134,NA,NA
"Nymble",NA,2.2,1,49,1133,NA,NA
"Rellor",NA,2.2,1,50,1132,NA,NA
"Jirachi",NA,2.4,1.1,51,1131,NA,NA
"Poltchageist",NA,2.4,1.1,52,1130,NA,NA
"Shedinja",NA,2.6,1.2,53,1129,NA,NA
"Swablu",NA,2.6,1.2,54,1128,NA,NA
"Budew",NA,2.6,1.2,55,1127,NA,NA
"Drifloon",NA,2.6,1.2,56,1126,NA,NA
"Pikipek",NA,2.6,1.2,57,1125,NA,NA
"Pyukumuku",NA,2.6,1.2,58,1124,NA,NA
"Manaphy",NA,3.1,1.4,59,1123,NA,NA
"Togepi",NA,3.3,1.5,60,1122,NA,NA
"Yamask",NA,3.3,1.5,61,1121,NA,NA
"Yamask",NA,3.3,1.5,62,1120,"Galarian",NA
"Rowlet",NA,3.3,1.5,63,1119,NA,NA
"Fomantis",NA,3.3,1.5,64,1118,NA,NA
"Morelull",NA,3.3,1.5,65,1117,NA,NA
"Flittle",NA,3.3,1.5,66,1116,NA,NA
"Surskit",NA,3.7,1.7,67,1115,NA,NA
"Fletchling",NA,3.7,1.7,68,1114,NA,NA
"Pidgey",NA,4,1.8,69,1113,NA,NA
"Sunkern",NA,4,1.8,70,1112,NA,NA
"Poipole",NA,4,1.8,71,1111,NA,NA
"Rookidee",NA,4,1.8,72,1110,NA,NA
"Tandemaus",NA,4,1.8,73,1109,NA,NA
"Wiglett",NA,4,1.8,74,1108,NA,NA
"Barboach",NA,4.2,1.9,75,1107,NA,NA
"Chatot",NA,4.2,1.9,76,1106,NA,NA
"Spearow",NA,4.4,2,77,1105,NA,NA
"Pichu",NA,4.4,2,78,1104,NA,NA
"Natu",NA,4.4,2,79,1103,NA,NA
"Azurill",NA,4.4,2,80,1102,NA,NA
"Roselia",NA,4.4,2,81,1101,NA,NA
"Starly",NA,4.4,2,82,1100,NA,NA
"Honedge",NA,4.4,2,83,1099,NA,NA
"Ribombee","Totem-sized",4.4,2,84,1098,NA,NA
"Dreepy",NA,4.4,2,85,1097,NA,NA
"Murkrow",NA,4.6,2.1,86,1096,NA,NA
"Shaymin","Land Forme",4.6,2.1,87,1095,NA,NA
"Pidove",NA,4.6,2.1,88,1094,NA,NA
"Woobat",NA,4.6,2.1,89,1093,NA,NA
"Kricketot",NA,4.9,2.2,90,1092,NA,NA
"Dedenne",NA,4.9,2.2,91,1091,NA,NA
"Gossifleur",NA,4.9,2.2,92,1090,NA,NA
"Sinistcha",NA,4.9,2.2,93,1089,NA,NA
"Taillow",NA,5.1,2.3,94,1088,NA,NA
"Shuppet",NA,5.1,2.3,95,1087,NA,NA
"Maushold","Family of Three",5.1,2.3,96,1086,NA,NA
"Squawkabilly",NA,5.3,2.4,97,1085,NA,NA
"Exeggcute",NA,5.5,2.5,98,1084,NA,NA
"Torchic",NA,5.5,2.5,99,1083,NA,NA
"Sewaddle",NA,5.5,2.5,100,1082,NA,NA
"Scatterbug",NA,5.5,2.5,101,1081,NA,NA
"Skwovet",NA,5.5,2.5,102,1080,NA,NA
"Eldegoss",NA,5.5,2.5,103,1079,NA,NA
"Pawmi",NA,5.5,2.5,104,1078,NA,NA
"Lotad",NA,5.7,2.6,105,1077,NA,NA
"Goomy",NA,6.2,2.8,106,1076,NA,NA
"Mimikyu","Totem-sized",6.2,2.8,107,1075,NA,NA
"Maushold","Family of Four",6.2,2.8,108,1074,NA,NA
"Caterpie",NA,6.4,2.9,109,1073,NA,NA
"Cleffa",NA,6.6,3,110,1072,NA,NA
"Jumpluff",NA,6.6,3,111,1071,NA,NA
"Klefki",NA,6.6,3,112,1070,NA,NA
"Morpeko",NA,6.6,3,113,1069,NA,NA
"Capsakid",NA,6.6,3,114,1068,NA,NA
"Phione",NA,6.8,3.1,115,1067,NA,NA
"Litwick",NA,6.8,3.1,116,1066,NA,NA
"Weedle",NA,7.1,3.2,117,1065,NA,NA
"Togetic",NA,7.1,3.2,118,1064,NA,NA
"Bounsweet",NA,7.1,3.2,119,1063,NA,NA
"Dratini",NA,7.3,3.3,120,1062,NA,NA
"Cherubi",NA,7.3,3.3,121,1061,NA,NA
"Togedemaru",NA,7.3,3.3,122,1060,NA,NA
"Burmy",NA,7.5,3.4,123,1059,NA,NA
"Oricorio","Baile Style",7.5,3.4,124,1058,NA,NA
"Oricorio","Pom-Pom Style",7.5,3.4,125,1057,NA,NA
"Oricorio","Pa'u Style",7.5,3.4,126,1056,NA,NA
"Oricorio","Sensu Style",7.5,3.4,127,1055,NA,NA
"Hatenna",NA,7.5,3.4,128,1054,NA,NA
"Rattata",NA,7.7,3.5,129,1053,NA,NA
"Espurr",NA,7.7,3.5,130,1052,NA,NA
"Swirlix",NA,7.7,3.5,131,1051,NA,NA
"Inkay",NA,7.7,3.5,132,1050,NA,NA
"Pumpkaboo","Small Size",7.7,3.5,133,1049,NA,NA
"Rabsca",NA,7.7,3.5,134,1048,NA,NA
"Wurmple",NA,7.9,3.6,135,1047,NA,NA
"Masquerain",NA,7.9,3.6,136,1046,NA,NA
"Wattrel",NA,7.9,3.6,137,1045,NA,NA
"Rattata",NA,8.4,3.8,138,1044,"Alolan",NA
"Snom",NA,8.4,3.8,139,1043,NA,NA
"Qwilfish",NA,8.6,3.9,140,1042,NA,NA
"Qwilfish",NA,8.6,3.9,141,1041,"Hisuian",NA
"Pachirisu",NA,8.6,3.9,142,1040,NA,NA
"Glameow",NA,8.6,3.9,143,1039,NA,NA
"Bellsprout",NA,8.8,4,144,1038,NA,NA
"Shellder",NA,8.8,4,145,1037,NA,NA
"Ditto",NA,8.8,4,146,1036,NA,NA
"Mew",NA,8.8,4,147,1035,NA,NA
"Seedot",NA,8.8,4,148,1034,NA,NA
"Victini",NA,8.8,4,149,1033,NA,NA
"Dewpider",NA,8.8,4,150,1032,NA,NA
"Sobble",NA,8.8,4,151,1031,NA,NA
"Clobbopus",NA,8.8,4,152,1030,NA,NA
"Tarountula",NA,8.8,4,153,1029,NA,NA
"Flutter Mane",NA,8.8,4,154,1028,NA,NA
"Lillipup",NA,9,4.1,155,1027,NA,NA
"Sprigatito",NA,9,4.1,156,1026,NA,NA
"Meowth",NA,9.3,4.2,157,1025,NA,NA
"Meowth",NA,9.3,4.2,158,1024,"Alolan",NA
"Plusle",NA,9.3,4.2,159,1023,NA,NA
"Minun",NA,9.3,4.2,160,1022,NA,NA
"Litten",NA,9.5,4.3,161,1021,NA,NA
"Mismagius",NA,9.7,4.4,162,1020,NA,NA
"Grubbin",NA,9.7,4.4,163,1019,NA,NA
"Dipplin",NA,9.7,4.4,164,1018,NA,NA
"Shroomish",NA,9.9,4.5,165,1017,NA,NA
"Tympole",NA,9.9,4.5,166,1016,NA,NA
"Doublade",NA,9.9,4.5,167,1015,NA,NA
"Scorbunny",NA,9.9,4.5,168,1014,NA,NA
"Salandit",NA,10.6,4.8,169,1013,NA,NA
"Hattrem",NA,10.6,4.8,170,1012,NA,NA
"Chi-Yu",NA,10.8,4.9,171,1011,NA,NA
"Unown",NA,11,5,172,1010,NA,NA
"Corsola",NA,11,5,173,1009,NA,NA
"Celebi",NA,11,5,174,1008,NA,NA
"Treecko",NA,11,5,175,1007,NA,NA
"Spinda",NA,11,5,176,1006,NA,NA
"Emolga",NA,11,5,177,1005,NA,NA
"Bunnelby",NA,11,5,178,1004,NA,NA
"Slurpuff",NA,11,5,179,1003,NA,NA
"Pumpkaboo","Average Size",11,5,180,1002,NA,NA
"Grookey",NA,11,5,181,1001,NA,NA
"Gimmighoul","Chest Form",11,5,182,1000,NA,NA
"Hatterene",NA,11.2,5.1,183,999,NA,NA
"Piplup",NA,11.5,5.2,184,998,NA,NA
"Shaymin","Sky Forme",11.5,5.2,185,997,NA,NA
"Venipede",NA,11.7,5.3,186,996,NA,NA
"Oddish",NA,11.9,5.4,187,995,NA,NA
"Paras",NA,11.9,5.4,188,994,NA,NA
"Wugtrio",NA,11.9,5.4,189,993,NA,NA
"Jigglypuff",NA,12.1,5.5,190,992,NA,NA
"Nincada",NA,12.1,5.5,191,991,NA,NA
"Combee",NA,12.1,5.5,192,990,NA,NA
"Buneary",NA,12.1,5.5,193,989,NA,NA
"Ducklett",NA,12.1,5.5,194,988,NA,NA
"Impidimp",NA,12.1,5.5,195,987,NA,NA
"Vanillite",NA,12.6,5.7,196,986,NA,NA
"Carbink",NA,12.6,5.7,197,985,NA,NA
"Bellossom",NA,12.8,5.8,198,984,NA,NA
"Minccino",NA,12.8,5.8,199,983,NA,NA
"Gothita",NA,12.8,5.8,200,982,NA,NA
"Oshawott",NA,13,5.9,201,981,NA,NA
"Karrablast",NA,13,5.9,202,980,NA,NA
"Pikachu",NA,13.2,6,203,979,NA,NA
"Magnemite",NA,13.2,6,204,978,NA,NA
"Sentret",NA,13.2,6,205,977,NA,NA
"Smoochum",NA,13.2,6,206,976,NA,NA
"Helioptile",NA,13.2,6,207,975,NA,NA
"Yungoos",NA,13.2,6,208,974,NA,NA
"Greedent",NA,13.2,6,209,973,NA,NA
"Wooloo",NA,13.2,6,210,972,NA,NA
"Brambleghast",NA,13.2,6,211,971,NA,NA
"Quaxly",NA,13.4,6.1,212,970,NA,NA
"Chimchar",NA,13.7,6.2,213,969,NA,NA
"Shellos",NA,13.9,6.3,214,968,NA,NA
"Weepinbell",NA,14.1,6.4,215,967,NA,NA
"Chikorita",NA,14.1,6.4,216,966,NA,NA
"Krabby",NA,14.3,6.5,217,965,NA,NA
"Cubone",NA,14.3,6.5,218,964,NA,NA
"Eevee",NA,14.3,6.5,219,963,NA,NA
"Swinub",NA,14.3,6.5,220,962,NA,NA
"Wormadam","Plant Cloak",14.3,6.5,221,961,NA,NA
"Wormadam","Sandy Cloak",14.3,6.5,222,960,NA,NA
"Wormadam","Trash Cloak",14.3,6.5,223,959,NA,NA
"Meloetta","Aria Forme",14.3,6.5,224,958,NA,NA
"Meloetta","Pirouette Forme",14.3,6.5,225,957,NA,NA
"Pawmo",NA,14.3,6.5,226,956,NA,NA
"Smoliv",NA,14.3,6.5,227,955,NA,NA
"Terapagos","Normal Form",14.3,6.5,228,954,NA,NA
"Ralts",NA,14.6,6.6,229,953,NA,NA
"Whimsicott",NA,14.6,6.6,230,952,NA,NA
"Petilil",NA,14.6,6.6,231,951,NA,NA
"Stufful",NA,15,6.8,232,950,NA,NA
"Bulbasaur",NA,15.2,6.9,233,949,NA,NA
"Ekans",NA,15.2,6.9,234,948,NA,NA
"Nidoran♀",NA,15.4,7,235,947,NA,NA
"Finneon",NA,15.4,7,236,946,NA,NA
"Froakie",NA,15.4,7,237,945,NA,NA
"Phantump",NA,15.4,7,238,944,NA,NA
"Crabrawler",NA,15.4,7,239,943,NA,NA
"Pineco",NA,15.9,7.2,240,942,NA,NA
"Swadloon",NA,16.1,7.3,241,941,NA,NA
"Skrelp",NA,16.1,7.3,242,940,NA,NA
"Feebas",NA,16.3,7.4,243,939,NA,NA
"Clefairy",NA,16.5,7.5,244,938,NA,NA
"Zubat",NA,16.5,7.5,245,937,NA,NA
"Meowth",NA,16.5,7.5,246,936,"Galarian",NA
"Omanyte",NA,16.5,7.5,247,935,NA,NA
"Cinccino",NA,16.5,7.5,248,934,NA,NA
"Pumpkaboo","Large Size",16.5,7.5,249,933,NA,NA
"Popplio",NA,16.5,7.5,250,932,NA,NA
"Mudkip",NA,16.8,7.6,251,931,NA,NA
"Silicobra",NA,16.8,7.6,252,930,NA,NA
"Shelmet",NA,17,7.7,253,929,NA,NA
"Calyrex",NA,17,7.7,254,928,NA,NA
"Mareep",NA,17.2,7.8,255,927,NA,NA
"Snubbull",NA,17.2,7.8,256,926,NA,NA
"Cyndaquil",NA,17.4,7.9,257,925,NA,NA
"Horsea",NA,17.6,8,258,924,NA,NA
"Duosion",NA,17.6,8,259,923,NA,NA
"Pancham",NA,17.6,8,260,922,NA,NA
"Noibat",NA,17.6,8,261,921,NA,NA
"Mareanie",NA,17.6,8,262,920,NA,NA
"Meltan",NA,17.6,8,263,919,NA,NA
"Blipbug",NA,17.6,8,264,918,NA,NA
"Glimmet",NA,17.6,8,265,917,NA,NA
"Tatsugiri",NA,17.6,8,266,916,NA,NA
"Scream Tail",NA,17.6,8,267,915,NA,NA
"Snivy",NA,17.9,8.1,268,914,NA,NA
"Steenee",NA,18.1,8.2,269,913,NA,NA
"Clauncher",NA,18.3,8.3,270,912,NA,NA
"Spewpa",NA,18.5,8.4,271,911,NA,NA
"Charmander",NA,18.7,8.5,272,910,NA,NA
"Spinarak",NA,18.7,8.5,273,909,NA,NA
"Marill",NA,18.7,8.5,274,908,NA,NA
"Sunflora",NA,18.7,8.5,275,907,NA,NA
"Wooper",NA,18.7,8.5,276,906,NA,NA
"Drilbur",NA,18.7,8.5,277,905,NA,NA
"Cubchoo",NA,18.7,8.5,278,904,NA,NA
"Meowstic",NA,18.7,8.5,279,903,NA,NA
"Chewtle",NA,18.7,8.5,280,902,NA,NA
"Gloom",NA,19,8.6,281,901,NA,NA
"Luvdisc",NA,19.2,8.7,282,900,NA,NA
"Teddiursa",NA,19.4,8.8,283,899,NA,NA
"Diancie",NA,19.4,8.8,284,898,NA,NA
"Nickit",NA,19.6,8.9,285,897,NA,NA
"Tinkatink",NA,19.6,8.9,286,896,NA,NA
"Squirtle",NA,19.8,9,287,895,NA,NA
"Nidoran♂",NA,19.8,9,288,894,NA,NA
"Elgyem",NA,19.8,9,289,893,NA,NA
"Vullaby",NA,19.8,9,290,892,NA,NA
"Chespin",NA,19.8,9,291,891,NA,NA
"Hoopa Confined",NA,19.8,9,292,890,NA,NA
"Raboot",NA,19.8,9,293,889,NA,NA
"Rockruff",NA,20.3,9.2,294,888,NA,NA
"Cherrim",NA,20.5,9.3,295,887,NA,NA
"Fennekin",NA,20.7,9.4,296,886,NA,NA
"Weezing",NA,20.9,9.5,297,885,NA,NA
"Totodile",NA,20.9,9.5,298,884,NA,NA
"Wingull",NA,20.9,9.5,299,883,NA,NA
"Shinx",NA,20.9,9.5,300,882,NA,NA
"Archen",NA,20.9,9.5,301,881,NA,NA
"Gourgeist","Small Size",20.9,9.5,302,880,NA,NA
"Fuecoco",NA,21.6,9.8,303,879,NA,NA
"Metapod",NA,21.8,9.9,304,878,NA,NA
"Vulpix",NA,21.8,9.9,305,877,NA,NA
"Vulpix",NA,21.8,9.9,306,876,"Alolan",NA
"Tepig",NA,21.8,9.9,307,875,NA,NA
"Kakuna",NA,22,10,308,874,NA,NA
"Magikarp",NA,22,10,309,873,NA,NA
"Silcoon",NA,22,10,310,872,NA,NA
"Florges",NA,22,10,311,871,NA,NA
"Purrloin",NA,22.3,10.1,312,870,NA,NA
"Turtwig",NA,22.5,10.2,313,869,NA,NA
"Pawniard",NA,22.5,10.2,314,868,NA,NA
"Lechonk",NA,22.5,10.2,315,867,NA,NA
"Gulpin",NA,22.7,10.3,316,866,NA,NA
"Voltorb",NA,22.9,10.4,317,865,NA,NA
"Pansage",NA,23.1,10.5,318,864,NA,NA
"Swoobat",NA,23.1,10.5,319,863,NA,NA
"Amoonguss",NA,23.1,10.5,320,862,NA,NA
"Rufflet",NA,23.1,10.5,321,861,NA,NA
"Charjabug",NA,23.1,10.5,322,860,NA,NA
"Charcadet",NA,23.1,10.5,323,859,NA,NA
"Ledyba",NA,23.8,10.8,324,858,NA,NA
"Houndour",NA,23.8,10.8,325,857,NA,NA
"Frogadier",NA,24,10.9,326,856,NA,NA
"Fidough",NA,24,10.9,327,855,NA,NA
"Wooper",NA,24.3,11,328,854,"Paldean",NA
"Skitty",NA,24.3,11,329,853,NA,NA
"Sableye",NA,24.3,11,330,852,NA,NA
"Pansear",NA,24.3,11,331,851,NA,NA
"Stunfisk",NA,24.3,11,332,850,NA,NA
"Toxel",NA,24.3,11,333,849,NA,NA
"Drakloak",NA,24.3,11,334,848,NA,NA
"Iron Bundle",NA,24.3,11,335,847,NA,NA
"Meditite",NA,24.7,11.2,336,846,NA,NA
"Kabuto",NA,25.4,11.5,337,845,NA,NA
"Aipom",NA,25.4,11.5,338,844,NA,NA
"Cascoon",NA,25.4,11.5,339,843,NA,NA
"Mawile",NA,25.4,11.5,340,842,NA,NA
"Corphish",NA,25.4,11.5,341,841,NA,NA
"Shiinotic",NA,25.4,11.5,342,840,NA,NA
"Drizzile",NA,25.4,11.5,343,839,NA,NA
"Patrat",NA,25.6,11.6,344,838,NA,NA
"Scraggy",NA,26,11.8,345,837,NA,NA
"Dolliv",NA,26.2,11.9,346,836,NA,NA
"Sandshrew",NA,26.5,12,347,835,NA,NA
"Wigglytuff",NA,26.5,12,348,834,NA,NA
"Chinchou",NA,26.5,12,349,833,NA,NA
"Remoraid",NA,26.5,12,350,832,NA,NA
"Ninjask",NA,26.5,12,351,831,NA,NA
"Skorupi",NA,26.5,12,352,830,NA,NA
"Wimpod",NA,26.5,12,353,829,NA,NA
"Rolycoly",NA,26.5,12,354,828,NA,NA
"Kubfu",NA,26.5,12,355,827,NA,NA
"Floragato",NA,26.9,12.2,356,826,NA,NA
"Munkidori",NA,26.9,12.2,357,825,NA,NA
"Poliwag",NA,27.3,12.4,358,824,NA,NA
"Venomoth",NA,27.6,12.5,359,823,NA,NA
"Anorith",NA,27.6,12.5,360,822,NA,NA
"Banette",NA,27.6,12.5,361,821,NA,NA
"Timburr",NA,27.6,12.5,362,820,NA,NA
"Zorua",NA,27.6,12.5,363,819,NA,NA
"Zorua",NA,27.6,12.5,364,818,"Hisuian",NA
"Gourgeist","Average Size",27.6,12.5,365,817,NA,NA
"Morgrem",NA,27.6,12.5,366,816,NA,NA
"Ivysaur",NA,28.7,13,367,815,NA,NA
"Voltorb",NA,28.7,13,368,814,"Hisuian",NA
"Banette",NA,28.7,13,369,813,NA,"Mega"
"Mime Jr.",NA,28.7,13,370,812,NA,NA
"Lampent",NA,28.7,13,371,811,NA,NA
"Togedemaru","Totem-sized",28.7,13,372,810,NA,NA
"Blacephalon",NA,28.7,13,373,809,NA,NA
"Appletun",NA,28.7,13,374,808,NA,NA
"Flaaffy",NA,29.3,13.3,375,807,NA,NA
"Panpour",NA,29.8,13.5,376,806,NA,NA
"Litleo",NA,29.8,13.5,377,805,NA,NA
"Yamper",NA,29.8,13.5,378,804,NA,NA
"Poochyena",NA,30,13.6,379,803,NA,NA
"Dunsparce",NA,30.9,14,380,802,NA,NA
"Wynaut",NA,30.9,14,381,801,NA,NA
"Sigilyph",NA,30.9,14,382,800,NA,NA
"Gourgeist","Large Size",30.9,14,383,799,NA,NA
"Thwackey",NA,30.9,14,384,798,NA,NA
"Gumshoos",NA,31.3,14.2,385,797,NA,NA
"Galvantula",NA,31.5,14.3,386,796,NA,NA
"Roserade",NA,32,14.5,387,795,NA,NA
"Dwebble",NA,32,14.5,388,794,NA,NA
"Braixen",NA,32,14.5,389,793,NA,NA
"Toxapex",NA,32,14.5,390,792,NA,NA
"Herdier",NA,32.4,14.7,391,791,NA,NA
"Trumbeak",NA,32.6,14.8,392,790,NA,NA
"Dachsbun",NA,32.8,14.9,393,789,NA,NA
"Farfetch'd",NA,33.1,15,394,788,NA,NA
"Goldeen",NA,33.1,15,395,787,NA,NA
"Xatu",NA,33.1,15,396,786,NA,NA
"Trapinch",NA,33.1,15,397,785,NA,NA
"Duskull",NA,33.1,15,398,784,NA,NA
"Drifblim",NA,33.1,15,399,783,NA,NA
"Bonsly",NA,33.1,15,400,782,NA,NA
"Tranquill",NA,33.1,15,401,781,NA,NA
"Pumpkaboo","Super Size",33.1,15,402,780,NA,NA
"Scovillain",NA,33.1,15,403,779,NA,NA
"Houndstone",NA,33.1,15,404,778,NA,NA
"Electrike",NA,33.5,15.2,405,777,NA,NA
"Sandile",NA,33.5,15.2,406,776,NA,NA
"Vibrava",NA,33.7,15.3,407,775,NA,NA
"Victreebel",NA,34.2,15.5,408,774,NA,NA
"Staravia",NA,34.2,15.5,409,773,NA,NA
"Aromatisse",NA,34.2,15.5,410,772,NA,NA
"Bayleef",NA,34.8,15.8,411,771,NA,NA
"Weezing",NA,35.3,16,412,770,"Galarian",NA
"Delibird",NA,35.3,16,413,769,NA,NA
"Servine",NA,35.3,16,414,768,NA,NA
"Fletchinder",NA,35.3,16,415,767,NA,NA
"Dartrix",NA,35.3,16,416,766,NA,NA
"Corvisquire",NA,35.3,16,417,765,NA,NA
"Nacli",NA,35.3,16,418,764,NA,NA
"Maschiff",NA,35.3,16,419,763,NA,NA
"Terapagos","Terastal Form",35.3,16,420,762,NA,NA
"Whismur",NA,35.9,16.3,421,761,NA,NA
"Lilligant",NA,35.9,16.3,422,760,NA,NA
"Dragonair",NA,36.4,16.5,423,759,NA,NA
"Tirtouga",NA,36.4,16.5,424,758,NA,NA
"Spidops",NA,36.4,16.5,425,757,NA,NA
"Snorunt",NA,37,16.8,426,756,NA,NA
"Palpitoad",NA,37.5,17,427,755,NA,NA
"Vivillon",NA,37.5,17,428,754,NA,NA
"Frigibax",NA,37.5,17,429,753,NA,NA
"Deino",NA,38.1,17.3,430,752,NA,NA
"Zigzagoon",NA,38.6,17.5,431,751,NA,NA
"Zigzagoon",NA,38.6,17.5,432,750,"Galarian",NA
"Sliggoo",NA,38.6,17.5,433,749,NA,NA
"Brionne",NA,38.6,17.5,434,748,NA,NA
"Lokix",NA,38.6,17.5,435,747,NA,NA
"Volbeat",NA,39,17.7,436,746,NA,NA
"Illumise",NA,39,17.7,437,745,NA,NA
"Roggenrola",NA,39.7,18,438,744,NA,NA
"Basculin",NA,39.7,18,439,743,NA,NA
"Gothorita",NA,39.7,18,440,742,NA,NA
"Axew",NA,39.7,18,441,741,NA,NA
"Cramorant",NA,39.7,18,442,740,NA,NA
"Raticate",NA,40.8,18.5,443,739,NA,NA
"Lurantis",NA,40.8,18.5,444,738,NA,NA
"Vileplume",NA,41,18.6,445,737,NA,NA
"Tapu Lele",NA,41,18.6,446,736,NA,NA
"Ferroseed",NA,41.4,18.8,447,735,NA,NA
"Charmeleon",NA,41.9,19,448,734,NA,NA
"Growlithe",NA,41.9,19,449,733,NA,NA
"Quilava",NA,41.9,19,450,732,NA,NA
"Bruxish",NA,41.9,19,451,731,NA,NA
"Stunky",NA,42.3,19.2,452,730,NA,NA
"Lilligant",NA,42.3,19.2,453,729,"Hisuian",NA
"Nidorino",NA,43,19.5,454,728,NA,NA
"Abra",NA,43,19.5,455,727,NA,NA
"Machop",NA,43,19.5,456,726,NA,NA
"Combusken",NA,43,19.5,457,725,NA,NA
"Deerling",NA,43,19.5,458,724,NA,NA
"Dottler",NA,43,19.5,459,723,NA,NA
"Psyduck",NA,43.2,19.6,460,722,NA,NA
"Swellow",NA,43.7,19.8,461,721,NA,NA
"Ninetales",NA,43.9,19.9,462,720,NA,NA
"Ninetales",NA,43.9,19.9,463,719,"Alolan",NA
"Komala",NA,43.9,19.9,464,718,NA,NA
"Thievul",NA,43.9,19.9,465,717,NA,NA
"Nidorina",NA,44.1,20,466,716,NA,NA
"Poliwhirl",NA,44.1,20,467,715,NA,NA
"Geodude",NA,44.1,20,468,714,NA,NA
"Bidoof",NA,44.1,20,469,713,NA,NA
"Mienfoo",NA,44.1,20,470,712,NA,NA
"Reuniclus",NA,44.3,20.1,471,711,NA,NA
"Kirlia",NA,44.5,20.2,472,710,NA,NA
"Riolu",NA,44.5,20.2,473,709,NA,NA
"Geodude",NA,44.8,20.3,474,708,"Alolan",NA
"Ambipom",NA,44.8,20.3,475,707,NA,NA
"Shuckle",NA,45.2,20.5,476,706,NA,NA
"Gible",NA,45.2,20.5,477,705,NA,NA
"Leavanny",NA,45.2,20.5,478,704,NA,NA
"Tapu Koko",NA,45.2,20.5,479,703,NA,NA
"Stunfisk",NA,45.2,20.5,480,702,"Galarian",NA
"Altaria",NA,45.4,20.6,481,701,NA,NA
"Altaria",NA,45.4,20.6,482,700,NA,"Mega"
"Carvanha",NA,45.9,20.8,483,699,NA,NA
"Raichu",NA,46.3,21,484,698,"Alolan",NA
"Tyrogue",NA,46.3,21,485,697,NA,NA
"Klink",NA,46.3,21,486,696,NA,NA
"Heliolisk",NA,46.3,21,487,695,NA,NA
"Brute Bonnet",NA,46.3,21,488,694,NA,NA
"Hoothoot",NA,46.7,21.2,489,693,NA,NA
"Tapu Fini",NA,46.7,21.2,490,692,NA,NA
"Magby",NA,47.2,21.4,491,691,NA,NA
"Tsareena",NA,47.2,21.4,492,690,NA,NA
"Baltoy",NA,47.4,21.5,493,689,NA,NA
"Hawlucha",NA,47.4,21.5,494,688,NA,NA
"Quaxwell",NA,47.4,21.5,495,687,NA,NA
"Grovyle",NA,47.6,21.6,496,686,NA,NA
"Kecleon",NA,48.5,22,497,685,NA,NA
"Monferno",NA,48.5,22,498,684,NA,NA
"Eelektrik",NA,48.5,22,499,683,NA,NA
"Salazzle",NA,48.9,22.2,500,682,NA,NA
"Marshadow",NA,48.9,22.2,501,681,NA,NA
"Wartortle",NA,49.6,22.5,502,680,NA,NA
"Lanturn",NA,49.6,22.5,503,679,NA,NA
"Gorebyss",NA,49.8,22.6,504,678,NA,NA
"Growlithe",NA,50,22.7,505,677,"Hisuian",NA
"Prinplup",NA,50.7,23,506,676,NA,NA
"Croagunk",NA,50.7,23,507,675,NA,NA
"Mothim",NA,51.4,23.3,508,674,NA,NA
"Munna",NA,51.4,23.3,509,673,NA,NA
"Relicanth",NA,51.6,23.4,510,672,NA,NA
"Elekid",NA,51.8,23.5,511,671,NA,NA
"Mawile",NA,51.8,23.5,512,670,NA,"Mega"
"Sylveon",NA,51.8,23.5,513,669,NA,NA
"Whiscash",NA,52,23.6,514,668,NA,NA
"Lileep",NA,52.5,23.8,515,667,NA,NA
"Ponyta",NA,52.9,24,516,666,"Galarian",NA
"Slakoth",NA,52.9,24,517,665,NA,NA
"Numel",NA,52.9,24,518,664,NA,NA
"Lumineon",NA,52.9,24,519,663,NA,NA
"Swanna",NA,53.4,24.2,520,662,NA,NA
"Happiny",NA,53.8,24.4,521,661,NA,NA
"Jolteon",NA,54,24.5,522,660,NA,NA
"Dewott",NA,54,24.5,523,659,NA,NA
"Talonflame",NA,54,24.5,524,658,NA,NA
"Staraptor",NA,54.9,24.9,525,657,NA,NA
"Seadra",NA,55.1,25,526,656,NA,NA
"Flareon",NA,55.1,25,527,655,NA,NA
"Croconaw",NA,55.1,25,528,654,NA,NA
"Torracat",NA,55.1,25,529,653,NA,NA
"Lycanroc","Midday Form",55.1,25,530,652,NA,NA
"Lycanroc","Midnight Form",55.1,25,531,651,NA,NA
"Lycanroc","Dusk Form",55.1,25,532,650,NA,NA
"Pheromosa",NA,55.1,25,533,649,NA,NA
"Amaura",NA,55.6,25.2,534,648,NA,NA
"Accelgor",NA,55.8,25.3,535,647,NA,NA
"Kricketune",NA,56.2,25.5,536,646,NA,NA
"Leafeon",NA,56.2,25.5,537,645,NA,NA
"Raticate",NA,56.2,25.5,538,644,"Alolan",NA
"Glaceon",NA,57.1,25.9,539,643,NA,NA
"Tyrunt",NA,57.3,26,540,642,NA,NA
"Toucannon",NA,57.3,26,541,641,NA,NA
"Espeon",NA,58.4,26.5,542,640,NA,NA
"Froslass",NA,58.6,26.6,543,639,NA,NA
"Umbreon",NA,59.5,27,544,638,NA,NA
"Sneasel",NA,59.5,27,545,637,"Hisuian",NA
"Huntail",NA,59.5,27,546,636,NA,NA
"Carnivine",NA,59.5,27,547,635,NA,NA
"Watchog",NA,59.5,27,548,634,NA,NA
"Grafaiai",NA,60,27.2,549,633,NA,NA
"Honchkrow",NA,60.2,27.3,550,632,NA,NA
"Diancie",NA,61.3,27.8,551,631,NA,"Mega"
"Mankey",NA,61.7,28,552,630,NA,NA
"Sneasel",NA,61.7,28,553,629,NA,NA
"Marshtomp",NA,61.7,28,554,628,NA,NA
"Nuzleaf",NA,61.7,28,555,627,NA,NA
"Pelipper",NA,61.7,28,556,626,NA,NA
"Simisear",NA,61.7,28,557,625,NA,NA
"Maractus",NA,61.7,28,558,624,NA,NA
"Furfrou",NA,61.7,28,559,623,NA,NA
"Perrserker",NA,61.7,28,560,622,NA,NA
"Indeedee",NA,61.7,28,561,621,NA,NA
"Lopunny",NA,62.4,28.3,562,620,NA,"Mega"
"Beautifly",NA,62.6,28.4,563,619,NA,NA
"Azumarill",NA,62.8,28.5,564,618,NA,NA
"Wobbuffet",NA,62.8,28.5,565,617,NA,NA
"Octillery",NA,62.8,28.5,566,616,NA,NA
"Larvesta",NA,63.5,28.8,567,615,NA,NA
"Vaporeon",NA,63.9,29,568,614,NA,NA
"Simipour",NA,63.9,29,569,613,NA,NA
"Unfezant",NA,63.9,29,570,612,NA,NA
"Quilladin",NA,63.9,29,571,611,NA,NA
"Beedrill",NA,65,29.5,572,610,NA,NA
"Sandslash",NA,65,29.5,573,609,NA,NA
"Parasect",NA,65,29.5,574,608,NA,NA
"Buizel",NA,65,29.5,575,607,NA,NA
"Jangmo-o",NA,65.5,29.7,576,606,NA,NA
"Blitzle",NA,65.7,29.8,577,605,NA,NA
"Gastrodon",NA,65.9,29.9,578,604,NA,NA
"Pidgeotto",NA,66.1,30,579,603,NA,NA
"Raichu",NA,66.1,30,580,602,NA,NA
"Venonat",NA,66.1,30,581,601,NA,NA
"Ponyta",NA,66.1,30,582,600,NA,NA
"Grimer",NA,66.1,30,583,599,NA,NA
"Muk",NA,66.1,30,584,598,NA,NA
"Electabuzz",NA,66.1,30,585,597,NA,NA
"Scrafty",NA,66.1,30,586,596,NA,NA
"Barraskewda",NA,66.1,30,587,595,NA,NA
"Arctibax",NA,66.1,30,588,594,NA,NA
"Gholdengo",NA,66.1,30,589,593,NA,NA
"Fezandipiti",NA,66.4,30.1,590,592,NA,NA
"Luxio",NA,67.2,30.5,591,591,NA,NA
"Simisage",NA,67.2,30.5,592,590,NA,NA
"Spoink",NA,67.5,30.6,593,589,NA,NA
"Dusclops",NA,67.5,30.6,594,588,NA,NA
"Crocalor",NA,67.7,30.7,595,587,NA,NA
"Audino",NA,68.3,31,596,586,NA,NA
"Trubbish",NA,68.3,31,597,585,NA,NA
"Skiddo",NA,68.3,31,598,584,NA,NA
"Binacle",NA,68.3,31,599,583,NA,NA
"Meowscarada",NA,68.8,31.2,600,582,NA,NA
"Medicham",NA,69.4,31.5,601,581,NA,NA
"Bibarel",NA,69.4,31.5,602,580,NA,NA
"Cranidos",NA,69.4,31.5,603,579,NA,NA
"Dustox",NA,69.7,31.6,604,578,NA,NA
"Alomomola",NA,69.7,31.6,605,577,NA,NA
"Butterfree",NA,70.5,32,606,576,NA,NA
"Persian",NA,70.5,32,607,575,NA,NA
"Primeape",NA,70.5,32,608,574,NA,NA
"Audino",NA,70.5,32,609,573,NA,"Mega"
"Archeops",NA,70.5,32,610,572,NA,NA
"Drowzee",NA,71.4,32.4,611,571,NA,NA
"Furret",NA,71.7,32.5,612,570,NA,NA
"Porygon2",NA,71.7,32.5,613,569,NA,NA
"Linoone",NA,71.7,32.5,614,568,NA,NA
"Linoone",NA,71.7,32.5,615,567,"Galarian",NA
"Lombre",NA,71.7,32.5,616,566,NA,NA
"Delcatty",NA,71.9,32.6,617,565,NA,NA
"Crawdaunt",NA,72.3,32.8,618,564,NA,NA
"Persian",NA,72.8,33,619,563,"Alolan",NA
"Mewtwo Y",NA,72.8,33,620,562,NA,"Mega"
"Escavalier",NA,72.8,33,621,561,NA,NA
"Frillish",NA,72.8,33,622,560,NA,NA
"Durant",NA,72.8,33,623,559,NA,NA
"Cinderace",NA,72.8,33,624,558,NA,NA
"Toedscool",NA,72.8,33,625,557,NA,NA
"Dugtrio",NA,73.4,33.3,626,556,NA,NA
"Lopunny",NA,73.4,33.3,627,555,NA,NA
"Krokorok",NA,73.6,33.4,628,554,NA,NA
"Ariados",NA,73.9,33.5,629,553,NA,NA
"Phanpy",NA,73.9,33.5,630,552,NA,NA
"Floatzel",NA,73.9,33.5,631,551,NA,NA
"Zygarde","10% Forme",73.9,33.5,632,550,NA,NA
"Politoed",NA,74.7,33.9,633,549,NA,NA
"Marowak",NA,75,34,634,548,"Alolan",NA
"Weavile",NA,75,34,635,547,NA,NA
"Porygon-Z",NA,75,34,636,546,NA,NA
"Boltund",NA,75,34,637,545,NA,NA
"Chandelure",NA,75.6,34.3,638,544,NA,NA
"Staryu",NA,76.1,34.5,639,543,NA,NA
"Beheeyem",NA,76.1,34.5,640,542,NA,NA
"Chansey",NA,76.3,34.6,641,541,NA,NA
"Tangela",NA,77.2,35,642,540,NA,NA
"Omastar",NA,77.2,35,643,539,NA,NA
"Slugma",NA,77.2,35,644,538,NA,NA
"Houndoom",NA,77.2,35,645,537,NA,NA
"Varoom",NA,77.2,35,646,536,NA,NA
"Greavard",NA,77.2,35,647,535,NA,NA
"Iron Valiant",NA,77.2,35,648,534,NA,NA
"Clawitzer",NA,77.8,35.3,649,533,NA,NA
"Mienshao",NA,78.3,35.5,650,532,NA,NA
"Ledian",NA,78.5,35.6,651,531,NA,NA
"Slowpoke",NA,79.4,36,652,530,NA,NA
"Slowpoke",NA,79.4,36,653,529,"Galarian",NA
"Fraxure",NA,79.4,36,654,528,NA,NA
"Iron Moth",NA,79.4,36,655,527,NA,NA
"Porygon",NA,80.5,36.5,656,526,NA,NA
"Decidueye",NA,80.7,36.6,657,525,NA,NA
"Mightyena",NA,81.6,37,658,524,NA,NA
"Decidueye",NA,81.6,37,659,523,"Hisuian",NA
"Flamigo",NA,81.6,37,660,522,NA,NA
"Liepard",NA,82.7,37.5,661,521,NA,NA
"Darumaka",NA,82.7,37.5,662,520,NA,NA
"Fearow",NA,83.8,38,663,519,NA,NA
"Sudowoodo",NA,83.8,38,664,518,NA,NA
"Yanma",NA,83.8,38,665,517,NA,NA
"Skuntank",NA,83.8,38,666,516,NA,NA
"Togekiss",NA,83.8,38,667,515,NA,NA
"Vespiquen",NA,84.9,38.5,668,514,NA,NA
"Kilowattrel",NA,85.1,38.6,669,513,NA,NA
"Seaking",NA,86,39,670,512,NA,NA
"Delphox",NA,86,39,671,511,NA,NA
"Gourgeist","Super Size",86,39,672,510,NA,NA
"Grapploct",NA,86,39,673,509,NA,NA
"Doduo",NA,86.4,39.2,674,508,NA,NA
"Breloom",NA,86.4,39.2,675,507,NA,NA
"Dudunsparce","Two-Segment Form",86.4,39.2,676,506,NA,NA
"Pidgeot",NA,87.1,39.5,677,505,NA,NA
"Spheal",NA,87.1,39.5,678,504,NA,NA
"Mandibuzz",NA,87.1,39.5,679,503,NA,NA
"Ogerpon","Teal Mask",87.7,39.8,680,502,NA,NA
"Ogerpon","Wellspring Mask",87.7,39.8,681,501,NA,NA
"Ogerpon","Hearthflame Mask",87.7,39.8,682,500,NA,NA
"Ogerpon","Cornerstone Mask",87.7,39.8,683,499,NA,NA
"Sandshrew",NA,88.2,40,684,498,"Alolan",NA
"Clefable",NA,88.2,40,685,497,NA,NA
"Latias",NA,88.2,40,686,496,NA,NA
"Gurdurr",NA,88.2,40,687,495,NA,NA
"Darumaka",NA,88.2,40,688,494,"Galarian",NA
"Greninja",NA,88.2,40,689,493,NA,NA
"Ash-Greninja",NA,88.2,40,690,492,NA,NA
"Minior","Meteor Form",88.2,40,691,491,NA,NA
"Toxtricity",NA,88.2,40,692,490,NA,NA
"Duraludon",NA,88.2,40,693,489,NA,NA
"Manectric",NA,88.6,40.2,694,488,NA,NA
"Zangoose",NA,88.8,40.3,695,487,NA,NA
"Excadrill",NA,89.1,40.4,696,486,NA,NA
"Beedrill",NA,89.3,40.5,697,485,NA,"Mega"
"Gengar",NA,89.3,40.5,698,484,NA,NA
"Kabutops",NA,89.3,40.5,699,483,NA,NA
"Loudred",NA,89.3,40.5,700,482,NA,NA
"Jynx",NA,89.5,40.6,701,481,NA,NA
"Noctowl",NA,89.9,40.8,702,480,NA,NA
"Orbeetle",NA,89.9,40.8,703,479,NA,NA
"Vanillish",NA,90.4,41,704,478,NA,NA
"Braviary",NA,90.4,41,705,477,NA,NA
"Pawmot",NA,90.4,41,706,476,NA,NA
"Girafarig",NA,91.5,41.5,707,475,NA,NA
"Farfetch'd",NA,92.6,42,708,474,"Galarian",NA
"Grimer",NA,92.6,42,709,473,"Alolan",NA
"Luxray",NA,92.6,42,710,472,NA,NA
"Frosmoth",NA,92.6,42,711,471,NA,NA
"Bagon",NA,92.8,42.1,712,470,NA,NA
"Diggersby",NA,93.5,42.4,713,469,NA,NA
"Gliscor",NA,93.7,42.5,714,468,NA,NA
"Bombirdier",NA,94.6,42.9,715,467,NA,NA
"Dubwool",NA,94.8,43,716,466,NA,NA
"Sneasler",NA,94.8,43,717,465,NA,NA
"Braviary",NA,95.7,43.4,718,464,"Hisuian",NA
"Purugly",NA,96.6,43.8,719,463,NA,NA
"Manectric",NA,97,44,720,462,NA,"Mega"
"Gothitelle",NA,97,44,721,461,NA,NA
"Primarina",NA,97,44,722,460,NA,NA
"Toxicroak",NA,97.9,44.4,723,459,NA,NA
"Magmar",NA,98.1,44.5,724,458,NA,NA
"Zeraora",NA,98.1,44.5,725,457,NA,NA
"Spectrier",NA,98.1,44.5,726,456,NA,NA
"Marowak",NA,99.2,45,727,455,NA,NA
"Vikavolt",NA,99.2,45,728,454,NA,NA
"Glimmora",NA,99.2,45,729,453,NA,NA
"Cetoddle",NA,99.2,45,730,452,NA,NA
"Inteleon",NA,99.6,45.2,731,451,NA,NA
"Tentacool",NA,100.3,45.5,732,450,NA,NA
"Tapu Bulu",NA,100.3,45.5,733,449,NA,NA
"Volcarona",NA,101.4,46,734,448,NA,NA
"Obstagoon",NA,101.4,46,735,447,NA,NA
"Vigoroth",NA,102.5,46.5,736,446,NA,NA
"Blissey",NA,103.2,46.8,737,445,NA,NA
"Absol",NA,103.6,47,738,444,NA,NA
"Malamar",NA,103.6,47,739,443,NA,NA
"Hakamo-o",NA,103.6,47,740,442,NA,NA
"Dudunsparce","Three-Segment Form",104.5,47.4,741,441,NA,NA
"Alakazam",NA,105.8,48,742,440,NA,NA
"Hitmontop",NA,105.8,48,743,439,NA,NA
"Enamorus",NA,105.8,48,744,438,NA,NA
"Arboliva",NA,106.3,48.2,745,437,NA,NA
"Gardevoir",NA,106.7,48.4,746,436,NA,NA
"Keldeo",NA,106.9,48.5,747,435,NA,NA
"Granbull",NA,107.4,48.7,748,434,NA,NA
"Absol",NA,108,49,749,433,NA,"Mega"
"Houndoom",NA,109.1,49.5,750,432,NA,"Mega"
"Hippopotas",NA,109.1,49.5,751,431,NA,NA
"Hitmonlee",NA,109.8,49.8,752,430,NA,NA
"Zweilous",NA,110.2,50,753,429,NA,NA
"Dragapult",NA,110.2,50,754,428,NA,NA
"Hitmonchan",NA,110.7,50.2,755,427,NA,NA
"Pidgeot",NA,111.3,50.5,756,426,NA,"Mega"
"Skarmory",NA,111.3,50.5,757,425,NA,NA
"Snover",NA,111.3,50.5,758,424,NA,NA
"Darkrai",NA,111.3,50.5,759,423,NA,NA
"Articuno",NA,112.2,50.9,760,422,"Galarian",NA
"Sawk",NA,112.4,51,761,421,NA,NA
"Klang",NA,112.4,51,762,420,NA,NA
"Cacnea",NA,113.1,51.3,763,419,NA,NA
"Yanmega",NA,113.5,51.5,764,418,NA,NA
"Muk",NA,114.6,52,765,417,"Alolan",NA
"Blaziken",NA,114.6,52,766,416,NA,NA
"Latias",NA,114.6,52,767,415,NA,"Mega"
"Gallade",NA,114.6,52,768,414,NA,NA
"Sceptile",NA,115.1,52.2,769,413,NA,NA
"Seviper",NA,115.7,52.5,770,412,NA,NA
"Clamperl",NA,115.7,52.5,771,411,NA,NA
"Zapdos",NA,116,52.6,772,410,NA,NA
"Aegislash",NA,116.8,53,773,409,NA,NA
"Shadow Rider Calyrex",NA,118.2,53.6,774,408,NA,NA
"Poliwrath",NA,119,54,775,407,NA,NA
"Heracross",NA,119,54,776,406,NA,NA
"Lucario",NA,119,54,777,405,NA,NA
"Mr. Mime",NA,120.2,54.5,778,404,NA,NA
"Sandslash",NA,121.3,55,779,403,"Alolan",NA
"Golbat",NA,121.3,55,780,402,NA,NA
"Tentacruel",NA,121.3,55,781,401,NA,NA
"Pinsir",NA,121.3,55,782,400,NA,NA
"Magcargo",NA,121.3,55,783,399,NA,NA
"Ludicolo",NA,121.3,55,784,398,NA,NA
"Infernape",NA,121.3,55,785,397,NA,NA
"Sceptile",NA,121.7,55.2,786,396,NA,"Mega"
"Articuno",NA,122.1,55.4,787,395,NA,NA
"Pignite",NA,122.4,55.5,788,394,NA,NA
"Throh",NA,122.4,55.5,789,393,NA,NA
"Nihilego",NA,122.4,55.5,790,392,NA,NA
"Piloswine",NA,123,55.8,791,391,NA,NA
"Scyther",NA,123.5,56,792,390,NA,NA
"Gabite",NA,123.5,56,793,389,NA,NA
"Annihilape",NA,123.5,56,794,388,NA,NA
"Gallade",NA,124.3,56.4,795,387,NA,"Mega"
"Kadabra",NA,124.6,56.5,796,386,NA,NA
"Mr. Mime",NA,125.2,56.8,797,385,"Galarian",NA
"Shieldon",NA,125.7,57,798,384,NA,NA
"Lucario",NA,126.8,57.5,799,383,NA,"Mega"
"Vanilluxe",NA,126.8,57.5,800,382,NA,NA
"Smeargle",NA,127.9,58,801,381,NA,NA
"Heatmor",NA,127.9,58,802,380,NA,NA
"Lurantis","Totem-sized",127.9,58,803,379,NA,NA
"Toedscruel",NA,127.9,58,804,378,NA,NA
"Zapdos",NA,128.3,58.2,805,377,"Galarian",NA
"Samurott",NA,128.3,58.2,806,376,"Hisuian",NA
"Mr. Rime",NA,128.3,58.2,807,375,NA,NA
"Whirlipede",NA,129,58.5,808,374,NA,NA
"Pinsir",NA,130.1,59,809,373,NA,"Mega"
"Aerodactyl",NA,130.1,59,810,372,NA,NA
"Tinkatuff",NA,130.3,59.1,811,371,NA,NA
"Shiftry",NA,131.4,59.6,812,370,NA,NA
"Nidoqueen",NA,132.3,60,813,369,NA,NA
"Magneton",NA,132.3,60,814,368,NA,NA
"Kingler",NA,132.3,60,815,367,NA,NA
"Moltres",NA,132.3,60,816,366,NA,NA
"Aron",NA,132.3,60,817,365,NA,NA
"Latios",NA,132.3,60,818,364,NA,NA
"Gumshoos","Totem-sized",132.3,60,819,363,NA,NA
"Sandy Shocks",NA,132.3,60,820,362,NA,NA
"Archaludon",NA,132.3,60,821,361,NA,NA
"Finizen",NA,132.7,60.2,822,360,NA,NA
"Palafin","Zero Form",132.7,60.2,823,359,NA,NA
"Cradily",NA,133.2,60.4,824,358,NA,NA
"Bronzor",NA,133.4,60.5,825,357,NA,NA
"Musharna",NA,133.4,60.5,826,356,NA,NA
"Overqwil",NA,133.4,60.5,827,355,NA,NA
"Deoxys","Normal Forme",134,60.8,828,354,NA,NA
"Deoxys","Attack Forme",134,60.8,829,353,NA,NA
"Deoxys","Defense Forme",134,60.8,830,352,NA,NA
"Deoxys","Speed Forme",134,60.8,831,351,NA,NA
"Stoutland",NA,134.5,61,832,350,NA,NA
"Thundurus",NA,134.5,61,833,349,NA,NA
"Grimmsnarl",NA,134.5,61,834,348,NA,NA
"Mabosstiff",NA,134.5,61,835,347,NA,NA
"Ampharos",NA,135.6,61.5,836,346,NA,NA
"Drapion",NA,135.6,61.5,837,345,NA,NA
"Quaquaval",NA,136.5,61.9,838,344,NA,NA
"Nidoking",NA,136.7,62,839,343,NA,NA
"Seismitoad",NA,136.7,62,840,342,NA,NA
"Falinks",NA,136.7,62,841,341,NA,NA
"Ceruledge",NA,136.7,62,842,340,NA,NA
"Heracross",NA,137.8,62.5,843,339,NA,"Mega"
"Serperior",NA,138.9,63,844,338,NA,NA
"Tornadus",NA,138.9,63,845,337,NA,NA
"Cyclizar",NA,138.9,63,846,336,NA,NA
"Gligar",NA,142.9,64.8,847,335,NA,NA
"Arbok",NA,143.3,65,848,334,NA,NA
"Mantyke",NA,143.3,65,849,333,NA,NA
"Lickitung",NA,144.4,65.5,850,332,NA,NA
"Sandaconda",NA,144.4,65.5,851,331,NA,NA
"Moltres",NA,145.5,66,852,330,"Galarian",NA
"Electrode",NA,146.8,66.6,853,329,NA,NA
"Runerigus",NA,146.8,66.6,854,328,NA,NA
"Dugtrio",NA,146.8,66.6,855,327,"Alolan",NA
"Magmortar",NA,149.9,68,856,326,NA,NA
"Landorus",NA,149.9,68,857,325,NA,NA
"Armaldo",NA,150.4,68.2,858,324,NA,NA
"Sliggoo",NA,151,68.5,859,323,"Hisuian",NA
"Typhlosion",NA,153.9,69.8,860,322,"Hisuian",NA
"Latios",NA,154.3,70,861,321,NA,"Mega"
"Bisharp",NA,154.3,70,862,320,NA,NA
"Sandygast",NA,154.3,70,863,319,NA,NA
"Zarude",NA,154.3,70,864,318,NA,NA
"Machoke",NA,155.4,70.5,865,317,NA,NA
"Slowbro",NA,155.4,70.5,866,316,"Galarian",NA
"Electrode",NA,156.5,71,867,315,"Hisuian",NA
"Trevenant",NA,156.5,71,868,314,NA,NA
"Stantler",NA,157,71.2,869,313,NA,NA
"Grumpig",NA,157.6,71.5,870,312,NA,NA
"Larvitar",NA,158.7,72,871,311,NA,NA
"Zoroark",NA,160.9,73,872,310,"Hisuian",NA
"Wo-Chien",NA,163.6,74.2,873,309,NA,NA
"Crobat",NA,165.3,75,874,308,NA,NA
"Quagsire",NA,165.3,75,875,307,NA,NA
"Corviknight",NA,165.3,75,876,306,NA,NA
"Miltank",NA,166.4,75.5,877,305,NA,NA
"Hypno",NA,166.7,75.6,878,304,NA,NA
"Oranguru",NA,167.6,76,879,303,NA,NA
"Cofagrigus",NA,168.7,76.5,880,302,NA,NA
"Golduck",NA,168.9,76.6,881,301,NA,NA
"Terapagos","Stellar Form",169.8,77,882,300,NA,NA
"Cacturne",NA,170.6,77.4,883,299,NA,NA
"Carkol",NA,172,78,884,298,NA,NA
"Kommo-o",NA,172.4,78.2,885,297,NA,NA
"Slowbro",NA,173.1,78.5,886,296,NA,NA
"Wishiwashi","School Form",173.3,78.6,887,295,NA,NA
"Aerodactyl",NA,174.2,79,888,294,NA,"Mega"
"Klawf",NA,174.2,79,889,293,NA,NA
"Typhlosion",NA,175.3,79.5,890,292,NA,NA
"Slowking",NA,175.3,79.5,891,291,NA,NA
"Slowking",NA,175.3,79.5,892,290,"Galarian",NA
"Zebstrika",NA,175.3,79.5,893,289,NA,NA
"Kangaskhan",NA,176.4,80,894,288,NA,NA
"Starmie",NA,176.4,80,895,287,NA,NA
"Swalot",NA,176.4,80,896,286,NA,NA
"Rapidash",NA,176.4,80,897,285,"Galarian",NA
"Torkoal",NA,177.3,80.4,898,284,NA,NA
"Eelektross",NA,177.5,80.5,899,283,NA,NA
"Magearna",NA,177.5,80.5,900,282,NA,NA
"Carracosta",NA,178.6,81,901,281,NA,NA
"Klinklang",NA,178.6,81,902,280,NA,NA
"Salazzle","Totem-sized",178.6,81,903,279,NA,NA
"Zoroark",NA,178.8,81.1,904,278,NA,NA
"Pyroar",NA,179.7,81.5,905,277,NA,NA
"Dragalge",NA,179.7,81.5,906,276,NA,NA
"Swampert",NA,180.6,81.9,907,275,NA,NA
"Flygon",NA,180.8,82,908,274,NA,NA
"Araquanid",NA,180.8,82,909,273,NA,NA
"Genesect",NA,181.9,82.5,910,272,NA,NA
"Passimian",NA,182.5,82.8,911,271,NA,NA
"Incineroar",NA,183,83,912,270,NA,NA
"Exploud",NA,185.2,84,913,269,NA,NA
"Empoleon",NA,186.3,84.5,914,268,NA,NA
"Tauros","Blaze Breed",187.4,85,915,267,"Paldean",NA
"Noivern",NA,187.4,85,916,266,NA,NA
"Armarouge",NA,187.4,85,917,265,NA,NA
"Dodrio",NA,187.8,85.2,918,264,NA,NA
"Blastoise",NA,188.5,85.5,919,263,NA,NA
"Cresselia",NA,188.7,85.6,920,262,NA,NA
"Makuhita",NA,190.5,86.4,921,261,NA,NA
"Conkeldurr",NA,191.8,87,922,260,NA,NA
"Sealeo",NA,193.1,87.6,923,259,NA,NA
"Tauros",NA,194.9,88.4,924,258,NA,NA
"Feraligatr",NA,195.8,88.8,925,257,NA,NA
"Sharpedo",NA,195.8,88.8,926,256,NA,NA
"Eiscue",NA,196.2,89,927,255,NA,NA
"Kleavor",NA,196.2,89,928,254,NA,NA
"Seel",NA,198.4,90,929,253,NA,NA
"Chesnaught",NA,198.4,90,930,252,NA,NA
"Rillaboom",NA,198.4,90,931,251,NA,NA
"Espathra",NA,198.4,90,932,250,NA,NA
"Veluza",NA,198.4,90,933,249,NA,NA
"Charizard",NA,199.5,90.5,934,248,NA,NA
"Gogoat",NA,200.6,91,935,247,NA,NA
"Golett",NA,202.8,92,936,246,NA,NA
"Slither Wing",NA,202.8,92,937,245,NA,NA
"Okidogi",NA,203.3,92.2,938,244,NA,NA
"Sawsbuck",NA,203.9,92.5,939,243,NA,NA
"Darmanitan",NA,204.8,92.9,940,242,NA,NA
"Hydrapple",NA,205,93,941,241,NA,NA
"Bouffalant",NA,208.6,94.6,942,240,NA,NA
"Samurott",NA,208.6,94.6,943,239,NA,NA
"Rapidash",NA,209.4,95,944,238,NA,NA
"Garchomp",NA,209.4,95,945,237,NA,NA
"Wyrdeer",NA,209.7,95.1,946,236,NA,NA
"Beldum",NA,209.9,95.2,947,235,NA,NA
"Barbaracle",NA,211.6,96,948,234,NA,NA
"Krookodile",NA,212.3,96.3,949,233,NA,NA
"Nosepass",NA,213.8,97,950,232,NA,NA
"Grotle",NA,213.8,97,951,231,NA,NA
"Palafin","Hero Form",214.7,97.4,952,230,NA,NA
"Marowak","Totem-sized",216.1,98,953,229,"Alolan",NA
"Bergmite",NA,219.4,99.5,954,228,NA,NA
"Venusaur",NA,220.5,100,955,227,NA,NA
"Kangaskhan",NA,220.5,100,956,226,NA,"Mega"
"Tropius",NA,220.5,100,957,225,NA,NA
"Xurkitree",NA,220.5,100,958,224,NA,NA
"Cufant",NA,220.5,100,959,223,NA,NA
"Charizard Y",NA,221.6,100.5,960,222,NA,"Mega"
"nium",NA,221.6,100.5,961,221,NA,"Mega"
"Silvally",NA,221.6,100.5,962,220,NA,NA
"Blastoise",NA,222.9,101.1,963,219,NA,"Mega"
"Swampert",NA,224.9,102,964,218,NA,"Mega"
"Boldore",NA,224.9,102,965,217,NA,NA
"Rampardos",NA,226,102.5,966,216,NA,NA
"Salamence",NA,226.2,102.6,967,215,NA,NA
"Graveler",NA,231.5,105,968,214,NA,NA
"Munchlax",NA,231.5,105,969,213,NA,NA
"Raticate","Totem-sized",231.5,105,970,212,"Alolan",NA
"Urshifu","Single Strike Style",231.5,105,971,211,NA,NA
"Urshifu","Rapid Strike Style",231.5,105,972,210,NA,NA
"Naclstack",NA,231.5,105,973,209,NA,NA
"Haxorus",NA,232.6,105.5,974,208,NA,NA
"Dusknoir",NA,235,106.6,975,207,NA,NA
"Garbodor",NA,236.6,107.3,976,206,NA,NA
"Claydol",NA,238.1,108,977,205,NA,NA
"Spiritomb",NA,238.1,108,978,204,NA,NA
"Golisopod",NA,238.1,108,979,203,NA,NA
"Graveler",NA,242.5,110,980,202,"Alolan",NA
"Tauros","Aqua Breed",242.5,110,981,201,"Paldean",NA
"Ferrothorn",NA,242.5,110,982,200,NA,NA
"Mudbray",NA,242.5,110,983,199,NA,NA
"Zacian","Hero of Many Battles",242.5,110,984,198,NA,NA
"Basculegion",NA,242.5,110,985,197,NA,NA
"Charizard X",NA,243.6,110.5,986,196,NA,"Mega"
"Shelgon",NA,243.6,110.5,987,195,NA,NA
"Iron Jugulis",NA,244.7,111,988,194,NA,NA
"Salamence",NA,248.2,112.6,989,193,NA,"Mega"
"Tinkaton",NA,248.7,112.8,990,192,NA,NA
"Bellibolt",NA,249.1,113,991,191,NA,NA
"Rhyhorn",NA,253.5,115,992,190,NA,NA
"Tauros","Combat Breed",253.5,115,993,189,"Paldean",NA
"Drednaw",NA,254.6,115.5,994,188,NA,NA
"Sirfetch'd",NA,257.9,117,995,187,NA,NA
"Scizor",NA,260.1,118,996,186,NA,NA
"Dewgong",NA,264.6,120,997,185,NA,NA
"Slowbro",NA,264.6,120,998,184,NA,"Mega"
"Exeggutor",NA,264.6,120,999,183,NA,NA
"Rhydon",NA,264.6,120,1000,182,NA,NA
"Donphan",NA,264.6,120,1001,181,NA,NA
"Lairon",NA,264.6,120,1002,180,NA,NA
"Lunala",NA,264.6,120,1003,179,NA,NA
"Centiskorch",NA,264.6,120,1004,178,NA,NA
"Darmanitan",NA,264.6,120,1005,177,"Galarian",NA
"Oinkologne",NA,264.6,120,1006,176,NA,NA
"Revavroom",NA,264.6,120,1007,175,NA,NA
"Kingambit",NA,264.6,120,1008,174,NA,NA
"Type: Null",NA,265.7,120.5,1009,173,NA,NA
"Mewtwo",NA,269,122,1010,172,NA,NA
"Scizor",NA,275.6,125,1011,171,NA,"Mega"
"Iron Leaves",NA,275.6,125,1012,170,NA,NA
"Forretress",NA,277.3,125.8,1013,169,NA,NA
"Ursaring",NA,277.3,125.8,1014,168,NA,NA
"Mewtwo X",NA,280,127,1015,167,NA,"Mega"
"Tangrowth",NA,283.5,128.6,1016,166,NA,NA
"Machamp",NA,286.6,130,1017,165,NA,NA
"Wailmer",NA,286.6,130,1018,164,NA,NA
"Sharpedo",NA,287.3,130.3,1019,163,NA,"Mega"
"Slaking",NA,287.7,130.5,1020,162,NA,NA
"Cloyster",NA,292.1,132.5,1021,161,NA,NA
"Jellicent",NA,297.6,135,1022,160,NA,NA
"Bewear",NA,297.6,135,1023,159,NA,NA
"Abomasnow",NA,298.7,135.5,1024,158,NA,NA
"Pangoro",NA,299.8,136,1025,157,NA,NA
"Electivire",NA,305.6,138.6,1026,156,NA,NA
"Druddigon",NA,306.4,139,1027,155,NA,NA
"Lickilicky",NA,308.6,140,1028,154,NA,NA
"Regieleki",NA,319.7,145,1029,153,NA,NA
"Vikavolt","Totem-sized",325.2,147.5,1030,152,NA,NA
"Cryogonal",NA,326.3,148,1031,151,NA,NA
"Bastiodon",NA,329.6,149.5,1032,150,NA,NA
"Emboar",NA,330.7,150,1033,149,NA,NA
"Naganadel",NA,330.7,150,1034,148,NA,NA
"Arctozolt",NA,330.7,150,1035,147,NA,NA
"Goodra",NA,331.8,150.5,1036,146,NA,NA
"Walrein",NA,332,150.6,1037,145,NA,NA
"Kingdra",NA,335.1,152,1038,144,NA,NA
"Pupitar",NA,335.1,152,1039,143,NA,NA
"Chien-Pao",NA,335.5,152.2,1040,142,NA,NA
"Solrock",NA,339.5,154,1041,141,NA,NA
"Arcanine",NA,341.7,155,1042,140,NA,NA
"Venusaur",NA,342.8,155.5,1043,139,NA,"Mega"
"Iron Crown",NA,343.9,156,1044,138,NA,NA
"Hydreigon",NA,352.7,160,1045,137,NA,NA
"Farigiraf",NA,352.7,160,1046,136,NA,NA
"Sableye",NA,354.9,161,1047,135,NA,"Mega"
"Milotic",NA,357.1,162,1048,134,NA,NA
"Iron Boulder",NA,358.2,162.5,1049,133,NA,NA
"Arcanine",NA,370.4,168,1050,132,"Hisuian",NA
"Lunatone",NA,370.4,168,1051,131,NA,NA
"Regice",NA,385.8,175,1052,130,NA,NA
"Arctovish",NA,385.8,175,1053,129,NA,NA
"Raikou",NA,392.4,178,1054,128,NA,NA
"Magnezone",NA,396.8,180,1055,127,NA,NA
"Crabominable",NA,396.8,180,1056,126,NA,NA
"Abomasnow",NA,407.9,185,1057,125,NA,"Mega"
"Drampa",NA,407.9,185,1058,124,NA,NA
"Suicune",NA,412.3,187,1059,123,NA,NA
"Bronzong",NA,412.3,187,1060,122,NA,NA
"Dracozolt",NA,418.9,190,1061,121,NA,NA
"Volcanion",NA,429.9,195,1062,120,NA,NA
"Entei",NA,436.5,198,1063,119,NA,NA
"Ho-Oh",NA,438.7,199,1064,118,NA,NA
"Crustle",NA,440.9,200,1065,117,NA,NA
"Virizion",NA,440.9,200,1066,116,NA,NA
"Regidrago",NA,440.9,200,1067,115,NA,NA
"Scolipede",NA,442,200.5,1068,114,NA,NA
"Tyranitar",NA,445.3,202,1069,113,NA,NA
"Metang",NA,446.4,202.5,1070,112,NA,NA
"Yveltal",NA,447.5,203,1071,111,NA,NA
"Registeel",NA,451.9,205,1072,110,NA,NA
"Rayquaza",NA,455.3,206.5,1073,109,NA,NA
"Kommo-o","Totem-sized",457.5,207.5,1074,108,NA,NA
"Onix",NA,463,210,1075,107,NA,NA
"Dragonite",NA,463,210,1076,106,NA,NA
"Dhelmise",NA,463,210,1077,105,NA,NA
"Zamazenta","Hero of Many Battles",463,210,1078,104,NA,NA
"Baxcalibur",NA,463,210,1079,103,NA,NA
"Turtonator",NA,467.4,212,1080,102,NA,NA
"Xerneas",NA,474,215,1081,101,NA,NA
"Dracovish",NA,474,215,1082,100,NA,NA
"Lugia",NA,476.2,216,1083,99,NA,NA
"Araquanid","Totem-sized",479.5,217.5,1084,98,NA,NA
"Lapras",NA,485,220,1085,97,NA,NA
"Mantine",NA,485,220,1086,96,NA,NA
"Camerupt",NA,485,220,1087,95,NA,NA
"Dondozo",NA,485,220,1088,94,NA,NA
"Clodsire",NA,491.6,223,1089,93,NA,NA
"Aurorus",NA,496,225,1090,92,NA,NA
"Regirock",NA,507.1,230,1091,91,NA,NA
"Solgaleo",NA,507.1,230,1092,90,NA,NA
"Necrozma",NA,507.1,230,1093,89,NA,NA
"Ultra Necrozma",NA,507.1,230,1094,88,NA,NA
"Gyarados",NA,518.1,235,1095,87,NA,NA
"Garganacl",NA,529.1,240,1096,86,NA,NA
"Iron Treads",NA,529.1,240,1097,85,NA,NA
"Miraidon",NA,529.1,240,1098,84,NA,NA
"Cobalion",NA,551.2,250,1099,83,NA,NA
"Palossand",NA,551.2,250,1100,82,NA,NA
"Hariyama",NA,559.5,253.8,1101,81,NA,NA
"Tyranitar",NA,562.2,255,1102,80,NA,"Mega"
"Glalie",NA,565.5,256.5,1103,79,NA,NA
"Gigalith",NA,573.2,260,1104,78,NA,NA
"Beartic",NA,573.2,260,1105,77,NA,NA
"Terrakion",NA,573.2,260,1106,76,NA,NA
"Avalugg",NA,578.5,262.4,1107,75,"Hisuian",NA
"Tyrantrum",NA,595.2,270,1108,74,NA,NA
"Walking Wake",NA,617.3,280,1109,73,NA,NA
"Rhyperior",NA,623.5,282.8,1110,72,NA,NA
"Ursaluna",NA,639.3,290,1111,71,NA,NA
"Mamoswine",NA,641.5,291,1112,70,NA,NA
"Golem",NA,661.4,300,1113,69,NA,NA
"Hippowdon",NA,661.4,300,1114,68,NA,NA
"Iron Thorns",NA,668,303,1115,67,NA,NA
"Koraidon",NA,668,303,1116,66,NA,NA
"Gyarados",NA,672.4,305,1117,65,NA,"Mega"
"Zygarde","50% Forme",672.4,305,1118,64,NA,NA
"Torterra",NA,683.4,310,1119,63,NA,NA
"Orthworm",NA,683.4,310,1120,62,NA,NA
"Coalossal",NA,684.5,310.5,1121,61,NA,NA
"Golem",NA,696.7,316,1122,60,"Alolan",NA
"Arceus",NA,705.5,320,1123,59,NA,NA
"Great Tusk",NA,705.5,320,1124,58,NA,NA
"Camerupt",NA,706.6,320.5,1125,57,NA,"Mega"
"Kyurem",NA,716.5,325,1126,56,NA,NA
"Skeledirge",NA,719.8,326.5,1127,55,NA,NA
"Golurk",NA,727.5,330,1128,54,NA,NA
"Reshiram",NA,727.5,330,1129,53,NA,NA
"Ursaluna","Bloodmoon",727.5,330,1130,52,NA,NA
"Buzzwole",NA,735.5,333.6,1131,51,NA,NA
"Goodra",NA,736.6,334.1,1132,50,"Hisuian",NA
"Palkia",NA,740.8,336,1133,49,NA,NA
"Probopass",NA,749.6,340,1134,48,NA,NA
"Zekrom",NA,760.6,345,1135,47,NA,NA
"Necrozma","Dawn Wings",771.6,350,1136,46,NA,NA
"Glalie",NA,772.1,350.2,1137,45,NA,"Mega"
"Kyogre",NA,776,352,1138,44,NA,NA
"Zacian","Crowned Sword",782.6,355,1139,43,NA,NA
"Aggron",NA,793.7,360,1140,42,NA,NA
"Roaring Moon",NA,837.8,380,1141,41,NA,NA
"Iron Hands",NA,839.3,380.7,1142,40,NA,NA
"Rayquaza",NA,864.2,392,1143,39,NA,"Mega"
"Aggron",NA,870.8,395,1144,38,NA,"Mega"
"Wailord",NA,877.4,398,1145,37,NA,NA
"Steelix",NA,881.8,400,1146,36,NA,NA
"Exeggutor",NA,916.2,415.6,1147,35,"Alolan",NA
"Regigigas",NA,925.9,420,1148,34,NA,NA
"Kyogre",NA,948,430,1149,33,NA,"Primal"
"Heatran",NA,948,430,1150,32,NA,NA
"Snorlax",NA,1014.1,460,1151,31,NA,NA
"Necrozma","Dusk Mane",1014.1,460,1152,30,NA,NA
"Raging Bolt",NA,1058.2,480,1153,29,NA,NA
"Hoopa Unbound",NA,1080.3,490,1154,28,NA,NA
"Avalugg",NA,1113.3,505,1155,27,NA,NA
"Stonjourner",NA,1146.4,520,1156,26,NA,NA
"Metagross",NA,1212.5,550,1157,25,NA,NA
"Gouging Fire",NA,1300.7,590,1158,24,NA,NA
"Zygarde","Complete Forme",1344.8,610,1159,23,NA,NA
"Giratina","Origin Forme",1433,650,1160,22,NA,NA
"Copperajah",NA,1433,650,1161,21,NA,NA
"Palkia","Origin Forme",1452.8,659,1162,20,NA,NA
"Dialga",NA,1505.8,683,1163,19,NA,NA
"Ting-Lu",NA,1542.6,699.7,1164,18,NA,NA
"Cetitan",NA,1543.2,700,1165,17,NA,NA
"Steelix",NA,1631.4,740,1166,16,NA,"Mega"
"Giratina","Altered Forme",1653.5,750,1167,15,NA,NA
"Zamazenta","Crowned Shield",1730.6,785,1168,14,NA,NA
"Melmetal",NA,1763.7,800,1169,13,NA,NA
"Glastrier",NA,1763.7,800,1170,12,NA,NA
"Ice Rider Calyrex",NA,1783.8,809.1,1171,11,NA,NA
"Stakataka",NA,1807.8,820,1172,10,NA,NA
"Dialga","Origin Forme",1871,848.7,1173,9,NA,NA
"Guzzlord",NA,1957.7,888,1174,8,NA,NA
"Mudsdale",NA,2028.3,920,1175,7,NA,NA
"Metagross",NA,2078.7,942.9,1176,6,NA,"Mega"
"Groudon",NA,2094.4,950,1177,5,NA,NA
"Eternatus",NA,2094.4,950,1178,4,NA,NA
"Groudon",NA,2204,999.7,1179,3,NA,"Primal"
"Cosmoem",NA,2204.4,999.9,1180,2,NA,NA
"Celesteela",NA,2204.4,999.9,1181,1,NA,NA
