family,base,form,method,evo,evoForm,transition,first,firstForm,regional,evoRegional,firstRegional
Bulbasaur,Bulbasaur,NA,Level 16,Ivysaur,NA,First,Bulbasaur,NA,NA,NA,NA
Charmander,Charmander,NA,Level 16,Charmeleon,NA,First,Charmander,NA,NA,NA,NA
Squirtle,Squirtle,NA,Level 16,Wartortle,NA,First,Squirtle,NA,NA,NA,NA
Caterpie,Caterpie,NA,Level 7,Metapod,NA,First,Caterpie,NA,NA,NA,NA
Weedle,Weedle,NA,Level 7,Kakuna,NA,First,Weedle,NA,NA,NA,NA
Pidgey,Pidgey,NA,Level 18,Pidgeotto,NA,First,Pidgey,NA,NA,NA,NA
Rattata,Rattata,NA,Level 20,Raticate,Kantonian,First,Rattata,NA,Kantonian,NA,Kantonian
Rattata,Rattata,NA,Level 20 (night),Raticate,Alolan,First,Rattata,NA,Alolan,NA,Alolan
Spearow,Spearow,NA,Level 20,Fearow,NA,First,Spearow,NA,NA,NA,NA
Ekans,Ekans,NA,Level 22,Arbok,NA,First,Ekans,NA,NA,NA,NA
Pikachu,Pichu,NA,Friendship,Pikachu,NA,First,Pichu,NA,NA,NA,NA
Pikachu,Pichu,NA,Friendship,Pikachu,NA,First,Pichu,NA,NA,NA,NA
Sandshrew,Sandshrew,NA,Level 22,Sandslash,Kantonian,First,Sandshrew,NA,Kantonian,NA,Kantonian
Sandshrew,Sandshrew,NA,Ice Stone,Sandslash,Alolan,First,Sandshrew,NA,Alolan,NA,Alolan
Nidoran,Nidoran♀,NA,Level 16,Nidorina,NA,First,Nidoran♀,NA,NA,NA,NA
Nidoran,Nidoran♂,NA,Level 16,Nidorino,NA,First,Nidoran♂,NA,NA,NA,NA
Clefairy,Cleffa,NA,Friendship,Clefairy,NA,First,Cleffa,NA,NA,NA,NA
Vulpix,Vulpix,NA,Fire Stone,Ninetales,Kantonian,First,Vulpix,NA,Kantonian,NA,Kantonian
Vulpix,Vulpix,NA,Ice Stone,Ninetales,Alolan,First,Vulpix,NA,Alolan,NA,Alolan
Jigglypuff,Igglybuff,NA,Friendship,Jigglypuff,NA,First,Igglybuff,NA,NA,NA,NA
Zubat,Zubat,NA,Level 22,Golbat,NA,First,Zubat,NA,NA,NA,NA
Oddish,Oddish,NA,Level 21,Gloom,NA,First,Oddish,NA,NA,NA,NA
Oddish,Oddish,NA,Level 21,Gloom,NA,First,Oddish,NA,NA,NA,NA
Paras,Paras,NA,Level 24,Parasect,NA,First,Paras,NA,NA,NA,NA
Venonat,Venonat,NA,Level 31,Venomoth,NA,First,Venonat,NA,NA,NA,NA
Diglett,Diglett,NA,Level 26,Dugtrio,Kantonian,First,Diglett,NA,Kantonian,NA,Kantonian
Diglett,Diglett,NA,Level 26,Dugtrio,Alolan,First,Diglett,NA,Alolan,NA,Alolan
Meowth,Meowth,NA,Level 28,Persian,Kantonian,First,Meowth,NA,Kantonian,NA,Kantonian
Meowth,Meowth,NA,Friendship;Level 28PE,Persian,Alolan,First,Meowth,NA,Alolan,NA,Alolan
Meowth,Meowth,NA,Level 28,Perrserker,NA,First,Meowth,NA,Galarian,NA,Galarian
Psyduck,Psyduck,NA,Level 33,Golduck,NA,First,Psyduck,NA,NA,NA,NA
Mankey,Mankey,NA,Level 28,Primeape,NA,First,Mankey,NA,NA,NA,NA
Growlithe,Growlithe,NA,Fire Stone,Arcanine,Kantonian,First,Growlithe,NA,Kantonian,NA,Kantonian
Growlithe,Growlithe,NA,Fire Stone,Arcanine,Hisuian,First,Growlithe,NA,Hisuian,NA,Hisuian
Poliwag,Poliwag,NA,Level 25,Poliwhirl,NA,First,Poliwag,NA,NA,NA,NA
Poliwag,Poliwag,NA,Level 25,Poliwhirl,NA,First,Poliwag,NA,NA,NA,NA
Abra,Abra,NA,Level 16,Kadabra,NA,First,Abra,NA,NA,NA,NA
Machop,Machop,NA,Level 28,Machoke,NA,First,Machop,NA,NA,NA,NA
Bellsprout,Bellsprout,NA,Level 21,Weepinbell,NA,First,Bellsprout,NA,NA,NA,NA
Tentacool,Tentacool,NA,Level 30,Tentacruel,NA,First,Tentacool,NA,NA,NA,NA
Geodude,Geodude,NA,Level 25,Graveler,Kantonian,First,Geodude,NA,Kantonian,NA,Kantonian
Geodude,Geodude,NA,Level 25,Graveler,Alolan,First,Geodude,NA,Alolan,NA,Alolan
Ponyta,Ponyta,NA,Level 40,Rapidash,Kantonian,First,Ponyta,NA,Kantonian,NA,Kantonian
Ponyta,Ponyta,NA,Level 40,Rapidash,Galarian,First,Ponyta,NA,Galarian,NA,Galarian
Slowpoke,Slowpoke,NA,Level 37,Slowbro,Kantonian,First,Slowpoke,NA,Kantonian,NA,Kantonian
Slowpoke,Slowpoke,NA,Trade holding King's Rock,Slowking,Johtonian,First,Slowpoke,NA,Kantonian,NA,Kantonian
Slowpoke,Slowpoke,NA,Galarica Cuff,Slowbro,Galarian,First,Slowpoke,NA,Galarian,NA,Galarian
Slowpoke,Slowpoke,NA,Galarica Wreath,Slowking,Galarian,First,Slowpoke,NA,Galarian,NA,Galarian
Magnemite,Magnemite,NA,Level 30,Magneton,NA,First,Magnemite,NA,NA,NA,NA
Farfetch'd,Farfetch'd,NA,NA,NA,NA,None,NA,NA,Kantonian,NA,NA
Farfetch'd,Farfetch'd,NA,Land 3 critical hits in a single battle,Sirfetch'd,NA,First,Farfetch'd,NA,Galarian,NA,Galarian
Doduo,Doduo,NA,Level 31,Dodrio,NA,First,Doduo,NA,NA,NA,NA
Seel,Seel,NA,Level 34,Dewgong,NA,First,Seel,NA,NA,NA,NA
Grimer,Grimer,NA,Level 38,Muk,Kantonian,First,Grimer,NA,Kantonian,NA,Kantonian
Grimer,Grimer,NA,Level 38,Muk,Alolan,First,Grimer,NA,Alolan,NA,Alolan
Shellder,Shellder,NA,Water Stone,Cloyster,NA,First,Shellder,NA,NA,NA,NA
Gastly,Gastly,NA,Level 25,Haunter,NA,First,Gastly,NA,NA,NA,NA
Onix,Onix,NA,Trade holding Metal Coat,Steelix,NA,First,Onix,NA,NA,NA,NA
Drowzee,Drowzee,NA,Level 26,Hypno,NA,First,Drowzee,NA,NA,NA,NA
Krabby,Krabby,NA,Level 28,Kingler,NA,First,Krabby,NA,NA,NA,NA
Voltorb,Voltorb,NA,Level 30,Electrode,Kantonian,First,Voltorb,NA,Kantonian,NA,Kantonian
Voltorb,Voltorb,NA,Leaf Stone,Electrode,Hisuian,First,Voltorb,NA,Hisuian,NA,Hisuian
Exeggcute,Exeggcute,NA,Leaf Stone,Exeggutor,Kantonian,First,Exeggcute,NA,NA,NA,NA
Exeggcute,Exeggcute,NA,Leaf Stone (Alola),Exeggutor,Alolan,First,Exeggcute,NA,NA,NA,NA
Cubone,Cubone,NA,Level 28,Marowak,Kantonian,First,Cubone,NA,NA,NA,NA
Cubone,Cubone,NA,"Level 28 (Alola, night)",Marowak,Alolan,First,Cubone,NA,NA,NA,NA
Hitmon,Tyrogue,NA,Level 20 (Attack > Defense),Hitmonlee,NA,First,Tyrogue,NA,NA,NA,NA
Hitmon,Tyrogue,NA,Level 20 (Attack < Defense),Hitmonchan,NA,First,Tyrogue,NA,NA,NA,NA
Hitmon,Tyrogue,NA,Level 20 (Attack = Defense),Hitmontop,NA,First,Tyrogue,NA,NA,NA,NA
Lickitung,Lickitung,NA,Level up knowing Rollout,Lickilicky,NA,First,Lickitung,NA,NA,NA,NA
Koffing,Koffing,NA,Level 35,Weezing,Kantonian,First,Koffing,NA,NA,NA,NA
Koffing,Koffing,NA,Level 35 (Galar),Weezing,Galarian,First,Koffing,NA,NA,NA,NA
Rhyhorn,Rhyhorn,NA,Level 42,Rhydon,NA,First,Rhyhorn,NA,NA,NA,NA
Chansey,Happiny,NA,Level up holding Oval Stone (day),Chansey,NA,First,Happiny,NA,NA,NA,NA
Tangela,Tangela,NA,Level up knowing Ancient Power,Tangrowth,NA,First,Tangela,NA,NA,NA,NA
Kangaskhan,Kangaskhan,NA,NA,NA,NA,None,NA,NA,NA,NA,NA
Horsea,Horsea,NA,Level 32,Seadra,NA,First,Horsea,NA,NA,NA,NA
Goldeen,Goldeen,NA,Level 33,Seaking,NA,First,Goldeen,NA,NA,NA,NA
Staryu,Staryu,NA,Water Stone,Starmie,NA,First,Staryu,NA,NA,NA,NA
Mr. Mime,Mime Jr.,NA,Level up knowing Mimic,Mr. Mime,Kantonian,First,Mime Jr.,NA,NA,NA,NA
Mr. Mime,Mime Jr.,NA,Level up knowing Mimic (Galar),Mr. Mime,Galarian,First,Mime Jr.,NA,NA,NA,NA
Scyther,Scyther,NA,Trade holding Metal Coat,Scizor,NA,First,Scyther,NA,NA,NA,NA
Scyther,Scyther,NA,Black Augurite (Hisui),Kleavor,NA,First,Scyther,NA,NA,NA,NA
Jynx,Smoochum,NA,Level 30,Jynx,NA,First,Smoochum,NA,NA,NA,NA
Electabuzz,Elekid,NA,Level 30,Electabuzz,NA,First,Elekid,NA,NA,NA,NA
Magmar,Magby,NA,Level 30,Magmar,NA,First,Magby,NA,NA,NA,NA
Pinsir,Pinsir,NA,NA,NA,NA,None,NA,NA,NA,NA,NA
Tauros,Tauros,NA,NA,NA,NA,None,NA,NA,Kantonian,NA,NA
Tauros,Tauros,", Combat Breed",NA,NA,NA,None,NA,NA,Paldean,NA,NA
Tauros,Tauros,", Blaze Breed",NA,NA,NA,None,NA,NA,Paldean,NA,NA
Tauros,Tauros,", Aqua Breed",NA,NA,NA,None,NA,NA,Paldean,NA,NA
Magikarp,Magikarp,NA,Level 20,Gyarados,NA,First,Magikarp,NA,NA,NA,NA
Lapras,Lapras,NA,NA,NA,NA,None,NA,NA,NA,NA,NA
Ditto,Ditto,NA,NA,NA,NA,None,NA,NA,NA,NA,NA
Eeveelution,Eevee,NA,Water Stone,Vaporeon,NA,First,Eevee,NA,NA,NA,NA
Eeveelution,Eevee,NA,Thunder Stone,Jolteon,NA,First,Eevee,NA,NA,NA,NA
Eeveelution,Eevee,NA,Fire Stone,Flareon,NA,First,Eevee,NA,NA,NA,NA
Eeveelution,Eevee,NA,Friendship (day);Level up with Sun ShardXD,Espeon,NA,First,Eevee,NA,NA,NA,NA
Eeveelution,Eevee,NA,Friendship (night);Level up with Moon ShardXD,Umbreon,NA,First,Eevee,NA,NA,NA,NA
Eeveelution,Eevee,NA,Level up near Moss Rock;Leaf StoneVIII+,Leafeon,NA,First,Eevee,NA,NA,NA,NA
Eeveelution,Eevee,NA,Level up near Ice Rock;Ice StoneSwShLASV,Glaceon,NA,First,Eevee,NA,NA,NA,NA
Eeveelution,Eevee,NA,Level up with a Fairy-type moveand either two hearts of affectionor high friendshipSwShLASV,Sylveon,NA,First,Eevee,NA,NA,NA,NA
Porygon,Porygon,NA,Trade holding Upgrade,Porygon2,NA,First,Porygon,NA,NA,NA,NA
Omanyte,Omanyte,NA,Level 40,Omastar,NA,First,Omanyte,NA,NA,NA,NA
Kabuto,Kabuto,NA,Level 40,Kabutops,NA,First,Kabuto,NA,NA,NA,NA
Aerodactyl,Aerodactyl,NA,NA,NA,NA,None,NA,NA,NA,NA,NA
Snorlax,Munchlax,NA,Friendship,Snorlax,NA,First,Munchlax,NA,NA,NA,NA
Articuno,Articuno,NA,NA,NA,NA,None,NA,NA,Kantonian,NA,NA
Articuno,Articuno,NA,NA,NA,NA,None,NA,NA,Galarian,NA,NA
Zapdos,Zapdos,NA,NA,NA,NA,None,NA,NA,Kantonian,NA,NA
Zapdos,Zapdos,NA,NA,NA,NA,None,NA,NA,Galarian,NA,NA
Moltres,Moltres,NA,NA,NA,NA,None,NA,NA,Kantonian,NA,NA
Moltres,Moltres,NA,NA,NA,NA,None,NA,NA,Galarian,NA,NA
Dratini,Dratini,NA,Level 30,Dragonair,NA,First,Dratini,NA,NA,NA,NA
Mewtwo,Mewtwo,NA,NA,NA,NA,None,NA,NA,NA,NA,NA
Mew,Mew,NA,NA,NA,NA,None,NA,NA,NA,NA,NA
Chikorita,Chikorita,NA,Level 16,Bayleef,NA,First,Chikorita,NA,NA,NA,NA
Cyndaquil,Cyndaquil,NA,Level 14/17LA,Quilava,NA,First,Cyndaquil,NA,NA,NA,NA
Cyndaquil,Cyndaquil,NA,Level 14/17LA,Quilava,NA,First,Cyndaquil,NA,NA,NA,NA
Totodile,Totodile,NA,Level 18,Croconaw,NA,First,Totodile,NA,NA,NA,NA
Sentret,Sentret,NA,Level 15,Furret,NA,First,Sentret,NA,NA,NA,NA
Hoothoot,Hoothoot,NA,Level 20,Noctowl,NA,First,Hoothoot,NA,NA,NA,NA
Ledyba,Ledyba,NA,Level 18,Ledian,NA,First,Ledyba,NA,NA,NA,NA
Spinarak,Spinarak,NA,Level 22,Ariados,NA,First,Spinarak,NA,NA,NA,NA
Chinchou,Chinchou,NA,Level 27,Lanturn,NA,First,Chinchou,NA,NA,NA,NA
Togepi,Togepi,NA,Friendship,Togetic,NA,First,Togepi,NA,NA,NA,NA
Natu,Natu,NA,Level 25,Xatu,NA,First,Natu,NA,NA,NA,NA
Mareep,Mareep,NA,Level 15,Flaaffy,NA,First,Mareep,NA,NA,NA,NA
Marill,Azurill,NA,Friendship,Marill,NA,First,Azurill,NA,NA,NA,NA
Sudowoodo,Bonsly,NA,Level up knowing Mimic,Sudowoodo,NA,First,Bonsly,NA,NA,NA,NA
Hoppip,Hoppip,NA,Level 18,Skiploom,NA,First,Hoppip,NA,NA,NA,NA
Aipom,Aipom,NA,Level up knowing Double Hit,Ambipom,NA,First,Aipom,NA,NA,NA,NA
Sunkern,Sunkern,NA,Sun Stone,Sunflora,NA,First,Sunkern,NA,NA,NA,NA
Yanma,Yanma,NA,Level up knowing Ancient Power,Yanmega,NA,First,Yanma,NA,NA,NA,NA
Wooper,Wooper,Johtonian,Level 20,Quagsire,NA,First,Wooper,Johtonian,NA,NA,NA
Wooper,Wooper,NA,Level 20,Clodsire,NA,First,Wooper,NA,Paldean,NA,Paldean
Murkrow,Murkrow,NA,Dusk Stone,Honchkrow,NA,First,Murkrow,NA,NA,NA,NA
Misdreavus,Misdreavus,NA,Dusk Stone,Mismagius,NA,First,Misdreavus,NA,NA,NA,NA
Wobbuffet,Wynaut,NA,Level 15,Wobbuffet,NA,First,Wynaut,NA,NA,NA,NA
Girafarig,Girafarig,NA,Level up knowing Twin Beam,Farigiraf,NA,First,Girafarig,NA,NA,NA,NA
Pineco,Pineco,NA,Level 31,Forretress,NA,First,Pineco,NA,NA,NA,NA
Dunsparce,Dunsparce,NA,Level up knowing Hyper Drill,Dudunsparce,NA,First,Dunsparce,NA,NA,NA,NA
Gligar,Gligar,NA,Level up holding Razor Fang at night,Gliscor,NA,First,Gligar,NA,NA,NA,NA
Snubbull,Snubbull,NA,Level 23,Granbull,NA,First,Snubbull,NA,NA,NA,NA
Qwilfish,Qwilfish,Johtonian,NA,NA,NA,None,NA,NA,NA,NA,NA
Qwilfish,Qwilfish,NA,Use Barb Barrage in the strong style 20 times (Hisui),Overqwil,NA,First,Qwilfish,NA,Hisuian,NA,Hisuian
Shuckle,Shuckle,NA,NA,NA,NA,None,NA,NA,NA,NA,NA
Heracross,Heracross,NA,NA,NA,NA,None,NA,NA,NA,NA,NA
Sneasel,Sneasel,Johtonian,Level up with Razor Claw at night,Weavile,NA,First,Sneasel,Johtonian,NA,NA,NA
Sneasel,Sneasel,NA,Level up with Razor Claw during the day,Sneasler,NA,First,Sneasel,NA,Hisuian,NA,Hisuian
Teddiursa,Teddiursa,NA,Level 30,Ursaring,NA,First,Teddiursa,NA,NA,NA,NA
Bloodmoon Ursaluna,Ursaluna,NA,Bloodmoon,NA,NA,None,NA,NA,NA,NA,NA
Slugma,Slugma,NA,Level 38,Magcargo,NA,First,Slugma,NA,NA,NA,NA
Swinub,Swinub,NA,Level 33,Piloswine,NA,First,Swinub,NA,NA,NA,NA
Corsola,Corsola,Johtonian,NA,NA,NA,None,NA,NA,NA,NA,NA
Corsola,Corsola,NA,Level 38,Cursola,NA,First,Corsola,NA,Galarian,NA,Galarian
Remoraid,Remoraid,NA,Level 25,Octillery,NA,First,Remoraid,NA,NA,NA,NA
Delibird,Delibird,NA,NA,NA,NA,None,NA,NA,NA,NA,NA
Mantine,Mantyke,NA,Level up with Remoraid in party,Mantine,NA,First,Mantyke,NA,NA,NA,NA
Skarmory,Skarmory,NA,NA,NA,NA,None,NA,NA,NA,NA,NA
Houndour,Houndour,NA,Level 24,Houndoom,NA,First,Houndour,NA,NA,NA,NA
Phanpy,Phanpy,NA,Level 25,Donphan,NA,First,Phanpy,NA,NA,NA,NA
Stantler,Stantler,NA,Use Psyshield Bash in the agile style 20 times (Hisui),Wyrdeer,NA,First,Stantler,NA,NA,NA,NA
Smeargle,Smeargle,NA,NA,NA,NA,None,NA,NA,NA,NA,NA
Miltank,Miltank,NA,NA,NA,NA,None,NA,NA,NA,NA,NA
Raikou,Raikou,NA,NA,NA,NA,None,NA,NA,NA,NA,NA
Entei,Entei,NA,NA,NA,NA,None,NA,NA,NA,NA,NA
Suicune,Suicune,NA,NA,NA,NA,None,NA,NA,NA,NA,NA
Larvitar,Larvitar,NA,Level 30,Pupitar,NA,First,Larvitar,NA,NA,NA,NA
Lugia,Lugia,NA,NA,NA,NA,None,NA,NA,NA,NA,NA
Ho-Oh,Ho-Oh,NA,NA,NA,NA,None,NA,NA,NA,NA,NA
Celebi,Celebi,NA,NA,NA,NA,None,NA,NA,NA,NA,NA
Treecko,Treecko,NA,Level 16,Grovyle,NA,First,Treecko,NA,NA,NA,NA
Torchic,Torchic,NA,Level 16,Combusken,NA,First,Torchic,NA,NA,NA,NA
Mudkip,Mudkip,NA,Level 16,Marshtomp,NA,First,Mudkip,NA,NA,NA,NA
Poochyena,Poochyena,NA,Level 18,Mightyena,NA,First,Poochyena,NA,NA,NA,NA
Zigzagoon,Zigzagoon,NA,Level 20,Linoone,Hoennian,First,Zigzagoon,NA,Hoennian,NA,Hoennian
Zigzagoon,Zigzagoon,NA,Level 20,Linoone,Galarian,First,Zigzagoon,NA,Galarian,NA,Galarian
Wurmple,Wurmple,NA,Level 7,Silcoon,NA,First,Wurmple,NA,NA,NA,NA
Wurmple,Wurmple,NA,Level 7,Cascoon,NA,First,Wurmple,NA,NA,NA,NA
Lotad,Lotad,NA,Level 14,Lombre,NA,First,Lotad,NA,NA,NA,NA
Seedot,Seedot,NA,Level 14,Nuzleaf,NA,First,Seedot,NA,NA,NA,NA
Taillow,Taillow,NA,Level 22,Swellow,NA,First,Taillow,NA,NA,NA,NA
Wingull,Wingull,NA,Level 25,Pelipper,NA,First,Wingull,NA,NA,NA,NA
Ralts,Ralts,NA,Level 20,Kirlia,NA,First,Ralts,NA,NA,NA,NA
Ralts,Ralts,NA,Level 20,Kirlia,NA,First,Ralts,NA,NA,NA,NA
Surskit,Surskit,NA,Level 22,Masquerain,NA,First,Surskit,NA,NA,NA,NA
Shroomish,Shroomish,NA,Level 23,Breloom,NA,First,Shroomish,NA,NA,NA,NA
Slakoth,Slakoth,NA,Level 18,Vigoroth,NA,First,Slakoth,NA,NA,NA,NA
Nincada,Nincada,NA,Level 20,Ninjask,NA,First,Nincada,NA,NA,NA,NA
Nincada,Nincada,NA,Free spaceAdditional Poké Ball,Shedinja,NA,First,Nincada,NA,NA,NA,NA
Whismur,Whismur,NA,Level 20,Loudred,NA,First,Whismur,NA,NA,NA,NA
Makuhita,Makuhita,NA,Level 24,Hariyama,NA,First,Makuhita,NA,NA,NA,NA
Nosepass,Nosepass,NA,Level up in a special magnetic field;Thunder StoneLA,Probopass,NA,First,Nosepass,NA,NA,NA,NA
Skitty,Skitty,NA,Moon Stone,Delcatty,NA,First,Skitty,NA,NA,NA,NA
Sableye,Sableye,NA,NA,NA,NA,None,NA,NA,NA,NA,NA
Mawile,Mawile,NA,NA,NA,NA,None,NA,NA,NA,NA,NA
Aron,Aron,NA,Level 32,Lairon,NA,First,Aron,NA,NA,NA,NA
Meditite,Meditite,NA,Level 37,Medicham,NA,First,Meditite,NA,NA,NA,NA
Electrike,Electrike,NA,Level 26,Manectric,NA,First,Electrike,NA,NA,NA,NA
Plusle,Plusle,NA,NA,NA,NA,None,NA,NA,NA,NA,NA
Minun,Minun,NA,NA,NA,NA,None,NA,NA,NA,NA,NA
Volbeat and Illumise*,Volbeat,NA,NA,NA,NA,None,NA,NA,NA,NA,NA
Volbeat and Illumise*,Illumise,NA,NA,NA,NA,None,NA,NA,NA,NA,NA
Roselia,Budew,NA,Friendship (day),Roselia,NA,First,Budew,NA,NA,NA,NA
Gulpin,Gulpin,NA,Level 26,Swalot,NA,First,Gulpin,NA,NA,NA,NA
Carvanha,Carvanha,NA,Level 30,Sharpedo,NA,First,Carvanha,NA,NA,NA,NA
Wailmer,Wailmer,NA,Level 40,Wailord,NA,First,Wailmer,NA,NA,NA,NA
Numel,Numel,NA,Level 33,Camerupt,NA,First,Numel,NA,NA,NA,NA
Torkoal,Torkoal,NA,NA,NA,NA,None,NA,NA,NA,NA,NA
Spoink,Spoink,NA,Level 32,Grumpig,NA,First,Spoink,NA,NA,NA,NA
Spinda,Spinda,NA,NA,NA,NA,None,NA,NA,NA,NA,NA
Trapinch,Trapinch,NA,Level 35,Vibrava,NA,First,Trapinch,NA,NA,NA,NA
Cacnea,Cacnea,NA,Level 32,Cacturne,NA,First,Cacnea,NA,NA,NA,NA
Swablu,Swablu,NA,Level 35,Altaria,NA,First,Swablu,NA,NA,NA,NA
Zangoose,Zangoose,NA,NA,NA,NA,None,NA,NA,NA,NA,NA
Seviper,Seviper,NA,NA,NA,NA,None,NA,NA,NA,NA,NA
Lunatone,Lunatone,NA,NA,NA,NA,None,NA,NA,NA,NA,NA
Solrock,Solrock,NA,NA,NA,NA,None,NA,NA,NA,NA,NA
Barboach,Barboach,NA,Level 30,Whiscash,NA,First,Barboach,NA,NA,NA,NA
Corphish,Corphish,NA,Level 30,Crawdaunt,NA,First,Corphish,NA,NA,NA,NA
Baltoy,Baltoy,NA,Level 36,Claydol,NA,First,Baltoy,NA,NA,NA,NA
Lileep,Lileep,NA,Level 40,Cradily,NA,First,Lileep,NA,NA,NA,NA
Anorith,Anorith,NA,Level 40,Armaldo,NA,First,Anorith,NA,NA,NA,NA
Feebas,Feebas,NA,Level up with maximum Beauty;Trade holding Prism Scale,Milotic,NA,First,Feebas,NA,NA,NA,NA
Castform,Castform,NA,NA,NA,NA,None,NA,NA,NA,NA,NA
Kecleon,Kecleon,NA,NA,NA,NA,None,NA,NA,NA,NA,NA
Shuppet,Shuppet,NA,Level 37,Banette,NA,First,Shuppet,NA,NA,NA,NA
Duskull,Duskull,NA,Level 37,Dusclops,NA,First,Duskull,NA,NA,NA,NA
Tropius,Tropius,NA,NA,NA,NA,None,NA,NA,NA,NA,NA
Chimecho,Chingling,NA,Friendship (night),Chimecho,NA,First,Chingling,NA,NA,NA,NA
Absol,Absol,NA,NA,NA,NA,None,NA,NA,NA,NA,NA
Snorunt,Snorunt,NA,Level 42,Glalie,NA,First,Snorunt,NA,NA,NA,NA
Snorunt,Snorunt,NA,Dawn Stone (female),Froslass,NA,First,Snorunt,NA,NA,NA,NA
Spheal,Spheal,NA,Level 32,Sealeo,NA,First,Spheal,NA,NA,NA,NA
Clamperl,Clamperl,NA,Trade holding Deep Sea Tooth,Huntail,NA,First,Clamperl,NA,NA,NA,NA
Clamperl,Clamperl,NA,Trade holding Deep Sea Scale,Gorebyss,NA,First,Clamperl,NA,NA,NA,NA
Relicanth,Relicanth,NA,NA,NA,NA,None,NA,NA,NA,NA,NA
Luvdisc,Luvdisc,NA,NA,NA,NA,None,NA,NA,NA,NA,NA
Bagon,Bagon,NA,Level 30,Shelgon,NA,First,Bagon,NA,NA,NA,NA
Beldum,Beldum,NA,Level 20,Metang,NA,First,Beldum,NA,NA,NA,NA
Regirock,Regirock,NA,NA,NA,NA,None,NA,NA,NA,NA,NA
Regice,Regice,NA,NA,NA,NA,None,NA,NA,NA,NA,NA
Registeel,Registeel,NA,NA,NA,NA,None,NA,NA,NA,NA,NA
Latias,Latias,NA,NA,NA,NA,None,NA,NA,NA,NA,NA
Latios,Latios,NA,NA,NA,NA,None,NA,NA,NA,NA,NA
Kyogre,Kyogre,NA,NA,NA,NA,None,NA,NA,NA,NA,NA
Groudon,Groudon,NA,NA,NA,NA,None,NA,NA,NA,NA,NA
Rayquaza,Rayquaza,NA,NA,NA,NA,None,NA,NA,NA,NA,NA
Jirachi,Jirachi,NA,NA,NA,NA,None,NA,NA,NA,NA,NA
Deoxys,Deoxys,NA,Normal Forme,NA,NA,None,NA,NA,NA,NA,NA
Deoxys,Deoxys,NA,Attack Forme,NA,NA,None,NA,NA,NA,NA,NA
Deoxys,Deoxys,NA,Defense Forme,NA,NA,None,NA,NA,NA,NA,NA
Deoxys,Deoxys,NA,Speed Forme,NA,NA,None,NA,NA,NA,NA,NA
Turtwig,Turtwig,NA,Level 18,Grotle,NA,First,Turtwig,NA,NA,NA,NA
Chimchar,Chimchar,NA,Level 14,Monferno,NA,First,Chimchar,NA,NA,NA,NA
Piplup,Piplup,NA,Level 16,Prinplup,NA,First,Piplup,NA,NA,NA,NA
Starly,Starly,NA,Level 14,Staravia,NA,First,Starly,NA,NA,NA,NA
Bidoof,Bidoof,NA,Level 15,Bibarel,NA,First,Bidoof,NA,NA,NA,NA
Kricketot,Kricketot,NA,Level 10,Kricketune,NA,First,Kricketot,NA,NA,NA,NA
Shinx,Shinx,NA,Level 15,Luxio,NA,First,Shinx,NA,NA,NA,NA
Cranidos,Cranidos,NA,Level 30,Rampardos,NA,First,Cranidos,NA,NA,NA,NA
Shieldon,Shieldon,NA,Level 30,Bastiodon,NA,First,Shieldon,NA,NA,NA,NA
Burmy,Burmy,Plant Cloak,"Level 20 (female, Plant Cloak)",Wormadam,Plant Cloak,First,Burmy,Plant Cloak,NA,NA,NA
Burmy,Burmy,Sandy Cloak,"Level 20 (female, Sandy Cloak)",Wormadam,Sandy Cloak,First,Burmy,Sandy Cloak,NA,NA,NA
Burmy,Burmy,Trash Cloak,"Level 20 (female, Trash Cloak)",Wormadam,Trash Cloak,First,Burmy,Trash Cloak,NA,NA,NA
Burmy,Burmy,NA,Level 20 (male),Mothim,NA,First,Burmy,NA,NA,NA,NA
Combee,Combee,NA,Level 21 (female),Vespiquen,NA,First,Combee,NA,NA,NA,NA
Pachirisu,Pachirisu,NA,NA,NA,NA,None,NA,NA,NA,NA,NA
Buizel,Buizel,NA,Level 26,Floatzel,NA,First,Buizel,NA,NA,NA,NA
Cherubi,Cherubi,NA,Level 25,Cherrim,NA,First,Cherubi,NA,NA,NA,NA
Shellos,Shellos,West Sea,Level 30,Gastrodon,West Sea,First,Shellos,West Sea,NA,NA,NA
Shellos,Shellos,East Sea,Level 30,Gastrodon,East Sea,First,Shellos,East Sea,NA,NA,NA
Drifloon,Drifloon,NA,Level 28,Drifblim,NA,First,Drifloon,NA,NA,NA,NA
Buneary,Buneary,NA,Friendship,Lopunny,NA,First,Buneary,NA,NA,NA,NA
Glameow,Glameow,NA,Level 38,Purugly,NA,First,Glameow,NA,NA,NA,NA
Stunky,Stunky,NA,Level 34,Skuntank,NA,First,Stunky,NA,NA,NA,NA
Bronzor,Bronzor,NA,Level 33,Bronzong,NA,First,Bronzor,NA,NA,NA,NA
Chatot,Chatot,NA,NA,NA,NA,None,NA,NA,NA,NA,NA
Spiritomb,Spiritomb,NA,NA,NA,NA,None,NA,NA,NA,NA,NA
Gible,Gible,NA,Level 24,Gabite,NA,First,Gible,NA,NA,NA,NA
Riolu,Riolu,NA,Friendship (day),Lucario,NA,First,Riolu,NA,NA,NA,NA
Hippopotas,Hippopotas,NA,Level 34,Hippowdon,NA,First,Hippopotas,NA,NA,NA,NA
Skorupi,Skorupi,NA,Level 40,Drapion,NA,First,Skorupi,NA,NA,NA,NA
Croagunk,Croagunk,NA,Level 37,Toxicroak,NA,First,Croagunk,NA,NA,NA,NA
Carnivine,Carnivine,NA,NA,NA,NA,None,NA,NA,NA,NA,NA
Finneon,Finneon,NA,Level 31,Lumineon,NA,First,Finneon,NA,NA,NA,NA
Snover,Snover,NA,Level 40,Abomasnow,NA,First,Snover,NA,NA,NA,NA
Rotom,Rotom,NA,Normal Rotom,NA,NA,None,NA,NA,NA,NA,NA
Rotom,Rotom,NA,Heat Rotom,NA,NA,None,NA,NA,NA,NA,NA
Rotom,Rotom,NA,Wash Rotom,NA,NA,None,NA,NA,NA,NA,NA
Rotom,Rotom,NA,Frost Rotom,NA,NA,None,NA,NA,NA,NA,NA
Rotom,Rotom,NA,Fan Rotom,NA,NA,None,NA,NA,NA,NA,NA
Rotom,Rotom,NA,Mow Rotom,NA,NA,None,NA,NA,NA,NA,NA
Uxie,Uxie,NA,NA,NA,NA,None,NA,NA,NA,NA,NA
Mesprit,Mesprit,NA,NA,NA,NA,None,NA,NA,NA,NA,NA
Azelf,Azelf,NA,NA,NA,NA,None,NA,NA,NA,NA,NA
Dialga,Dialga,NA,NA,NA,NA,None,NA,NA,NA,NA,NA
Dialga,Dialga,NA,Origin Forme,NA,NA,None,NA,NA,NA,NA,NA
Palkia,Palkia,NA,NA,NA,NA,None,NA,NA,NA,NA,NA
Palkia,Palkia,NA,Origin Forme,NA,NA,None,NA,NA,NA,NA,NA
Heatran,Heatran,NA,NA,NA,NA,None,NA,NA,NA,NA,NA
Regigigas,Regigigas,NA,NA,NA,NA,None,NA,NA,NA,NA,NA
Giratina,Giratina,NA,Altered Forme,NA,NA,None,NA,NA,NA,NA,NA
Giratina,Giratina,NA,Origin Forme,NA,NA,None,NA,NA,NA,NA,NA
Cresselia,Cresselia,NA,NA,NA,NA,None,NA,NA,NA,NA,NA
Manaphy*,Phione,NA,NA,NA,NA,None,NA,NA,NA,NA,NA
Manaphy*,Manaphy,NA,NA,NA,NA,None,NA,NA,NA,NA,NA
Darkrai,Darkrai,NA,NA,NA,NA,None,NA,NA,NA,NA,NA
Shaymin,Shaymin,NA,Land Forme,NA,NA,None,NA,NA,NA,NA,NA
Shaymin,Shaymin,NA,Sky Forme,NA,NA,None,NA,NA,NA,NA,NA
Arceus,Arceus,NA,NA,NA,NA,None,NA,NA,NA,NA,NA
Victini,Victini,NA,NA,NA,NA,None,NA,NA,NA,NA,NA
Snivy,Snivy,NA,Level 17,Servine,NA,First,Snivy,NA,NA,NA,NA
Tepig,Tepig,NA,Level 17,Pignite,NA,First,Tepig,NA,NA,NA,NA
Oshawott,Oshawott,NA,Level 17,Dewott,NA,First,Oshawott,NA,NA,NA,NA
Oshawott,Oshawott,NA,Level 17,Dewott,NA,First,Oshawott,NA,NA,NA,NA
Patrat,Patrat,NA,Level 20,Watchog,NA,First,Patrat,NA,NA,NA,NA
Lillipup,Lillipup,NA,Level 16,Herdier,NA,First,Lillipup,NA,NA,NA,NA
Purrloin,Purrloin,NA,Level 20,Liepard,NA,First,Purrloin,NA,NA,NA,NA
Pansage,Pansage,NA,Leaf Stone,Simisage,NA,First,Pansage,NA,NA,NA,NA
Pansear,Pansear,NA,Fire Stone,Simisear,NA,First,Pansear,NA,NA,NA,NA
Panpour,Panpour,NA,Water Stone,Simipour,NA,First,Panpour,NA,NA,NA,NA
Munna,Munna,NA,Moon Stone,Musharna,NA,First,Munna,NA,NA,NA,NA
Pidove,Pidove,NA,Level 21,Tranquill,NA,First,Pidove,NA,NA,NA,NA
Blitzle,Blitzle,NA,Level 27,Zebstrika,NA,First,Blitzle,NA,NA,NA,NA
Roggenrola,Roggenrola,NA,Level 25,Boldore,NA,First,Roggenrola,NA,NA,NA,NA
Woobat,Woobat,NA,Friendship,Swoobat,NA,First,Woobat,NA,NA,NA,NA
Drilbur,Drilbur,NA,Level 31,Excadrill,NA,First,Drilbur,NA,NA,NA,NA
Audino,Audino,NA,NA,NA,NA,None,NA,NA,NA,NA,NA
Timburr,Timburr,NA,Level 25,Gurdurr,NA,First,Timburr,NA,NA,NA,NA
Tympole,Tympole,NA,Level 25,Palpitoad,NA,First,Tympole,NA,NA,NA,NA
Throh,Throh,NA,NA,NA,NA,None,NA,NA,NA,NA,NA
Sawk,Sawk,NA,NA,NA,NA,None,NA,NA,NA,NA,NA
Sewaddle,Sewaddle,NA,Level 20,Swadloon,NA,First,Sewaddle,NA,NA,NA,NA
Venipede,Venipede,NA,Level 22,Whirlipede,NA,First,Venipede,NA,NA,NA,NA
Cottonee,Cottonee,NA,Sun Stone,Whimsicott,NA,First,Cottonee,NA,NA,NA,NA
Petilil,Petilil,NA,Sun Stone,Lilligant,Unovan,First,Petilil,NA,NA,NA,NA
Petilil,Petilil,NA,Sun Stone (Hisui),Lilligant,Hisuian,First,Petilil,NA,NA,NA,NA
Basculin,Basculin,Red-Striped,NA,NA,NA,None,NA,NA,NA,NA,NA
Basculin,Basculin,Blue-Striped,NA,NA,NA,None,NA,NA,NA,NA,NA
Basculin,Basculin,White-Striped,Take 294 damage in recoil,Basculegion,NA,First,Basculin,White-Striped,NA,NA,NA
Sandile,Sandile,NA,Level 29,Krokorok,NA,First,Sandile,NA,NA,NA,NA
Darumaka,Darumaka,NA,Level 35,Darmanitan,Unovan,First,Darumaka,NA,Unovan,NA,Unovan
Darumaka,Darumaka,NA,Ice Stone,Darmanitan,Galarian,First,Darumaka,NA,Galarian,NA,Galarian
Maractus,Maractus,NA,NA,NA,NA,None,NA,NA,NA,NA,NA
Dwebble,Dwebble,NA,Level 34,Crustle,NA,First,Dwebble,NA,NA,NA,NA
Scraggy,Scraggy,NA,Level 39,Scrafty,NA,First,Scraggy,NA,NA,NA,NA
Sigilyph,Sigilyph,NA,NA,NA,NA,None,NA,NA,NA,NA,NA
Yamask,Yamask,NA,Level 34,Cofagrigus,NA,First,Yamask,NA,Unovan,NA,Unovan
Yamask,Yamask,NA,Travel under the large rock arch in Dusty Bowl after taking at least 49 HP in damage from attacks without fainting.,Runerigus,NA,First,Yamask,NA,Galarian,NA,Galarian
Tirtouga,Tirtouga,NA,Level 37,Carracosta,NA,First,Tirtouga,NA,NA,NA,NA
Archen,Archen,NA,Level 37,Archeops,NA,First,Archen,NA,NA,NA,NA
Trubbish,Trubbish,NA,Level 36,Garbodor,NA,First,Trubbish,NA,NA,NA,NA
Zorua,Zorua,NA,Level 30,Zoroark,Unovan,First,Zorua,NA,Unovan,NA,Unovan
Zorua,Zorua,NA,Level 30,Zoroark,Hisuian,First,Zorua,NA,Hisuian,NA,Hisuian
Minccino,Minccino,NA,Shiny Stone,Cinccino,NA,First,Minccino,NA,NA,NA,NA
Gothita,Gothita,NA,Level 32,Gothorita,NA,First,Gothita,NA,NA,NA,NA
Solosis,Solosis,NA,Level 32,Duosion,NA,First,Solosis,NA,NA,NA,NA
Ducklett,Ducklett,NA,Level 35,Swanna,NA,First,Ducklett,NA,NA,NA,NA
Vanillite,Vanillite,NA,Level 35,Vanillish,NA,First,Vanillite,NA,NA,NA,NA
Deerling,Deerling,Spring Form,Level 34,Sawsbuck,Spring Form,First,Deerling,Spring Form,NA,NA,NA
Deerling,Deerling,Summer Form,Level 34,Sawsbuck,Summer Form,First,Deerling,Summer Form,NA,NA,NA
Deerling,Deerling,Autumn Form,Level 34,Sawsbuck,Autumn Form,First,Deerling,Autumn Form,NA,NA,NA
Deerling,Deerling,Winter Form,Level 34,Sawsbuck,Winter Form,First,Deerling,Winter Form,NA,NA,NA
Emolga,Emolga,NA,NA,NA,NA,None,NA,NA,NA,NA,NA
Karrablast,Karrablast,NA,Trade for Shelmet,Escavalier,NA,First,Karrablast,NA,NA,NA,NA
Foongus,Foongus,NA,Level 39,Amoonguss,NA,First,Foongus,NA,NA,NA,NA
Frillish,Frillish,NA,Level 40,Jellicent,NA,First,Frillish,NA,NA,NA,NA
Alomomola,Alomomola,NA,NA,NA,NA,None,NA,NA,NA,NA,NA
Joltik,Joltik,NA,Level 36,Galvantula,NA,First,Joltik,NA,NA,NA,NA
Ferroseed,Ferroseed,NA,Level 40,Ferrothorn,NA,First,Ferroseed,NA,NA,NA,NA
Klink,Klink,NA,Level 38,Klang,NA,First,Klink,NA,NA,NA,NA
Tynamo,Tynamo,NA,Level 39,Eelektrik,NA,First,Tynamo,NA,NA,NA,NA
Elgyem,Elgyem,NA,Level 42,Beheeyem,NA,First,Elgyem,NA,NA,NA,NA
Litwick,Litwick,NA,Level 41,Lampent,NA,First,Litwick,NA,NA,NA,NA
Axew,Axew,NA,Level 38,Fraxure,NA,First,Axew,NA,NA,NA,NA
Cubchoo,Cubchoo,NA,Level 37,Beartic,NA,First,Cubchoo,NA,NA,NA,NA
Cryogonal,Cryogonal,NA,NA,NA,NA,None,NA,NA,NA,NA,NA
Shelmet,Shelmet,NA,Trade for Karrablast,Accelgor,NA,First,Shelmet,NA,NA,NA,NA
Stunfisk,Stunfisk,NA,NA,NA,NA,None,NA,NA,Unovan,NA,NA
Stunfisk,Stunfisk,NA,NA,NA,NA,None,NA,NA,Galarian,NA,NA
Mienfoo,Mienfoo,NA,Level 50,Mienshao,NA,First,Mienfoo,NA,NA,NA,NA
Druddigon,Druddigon,NA,NA,NA,NA,None,NA,NA,NA,NA,NA
Golett,Golett,NA,Level 43,Golurk,NA,First,Golett,NA,NA,NA,NA
Pawniard,Pawniard,NA,Level 52,Bisharp,NA,First,Pawniard,NA,NA,NA,NA
Bouffalant,Bouffalant,NA,NA,NA,NA,None,NA,NA,NA,NA,NA
Rufflet,Rufflet,NA,Level 54,Braviary,Unovan,First,Rufflet,NA,NA,NA,NA
Rufflet,Rufflet,NA,Level 54 (Hisui),Braviary,Hisuian,First,Rufflet,NA,NA,NA,NA
Vullaby,Vullaby,NA,Level 54,Mandibuzz,NA,First,Vullaby,NA,NA,NA,NA
Heatmor,Heatmor,NA,NA,NA,NA,None,NA,NA,NA,NA,NA
Durant,Durant,NA,NA,NA,NA,None,NA,NA,NA,NA,NA
Deino,Deino,NA,Level 50,Zweilous,NA,First,Deino,NA,NA,NA,NA
Larvesta,Larvesta,NA,Level 59,Volcarona,NA,First,Larvesta,NA,NA,NA,NA
Cobalion,Cobalion,NA,NA,NA,NA,None,NA,NA,NA,NA,NA
Terrakion,Terrakion,NA,NA,NA,NA,None,NA,NA,NA,NA,NA
Virizion,Virizion,NA,NA,NA,NA,None,NA,NA,NA,NA,NA
Tornadus,Tornadus,NA,Incarnate Forme,NA,NA,None,NA,NA,NA,NA,NA
Tornadus,Tornadus,NA,Therian Forme,NA,NA,None,NA,NA,NA,NA,NA
Thundurus,Thundurus,NA,Incarnate Forme,NA,NA,None,NA,NA,NA,NA,NA
Thundurus,Thundurus,NA,Therian Forme,NA,NA,None,NA,NA,NA,NA,NA
Reshiram,Reshiram,NA,NA,NA,NA,None,NA,NA,NA,NA,NA
Zekrom,Zekrom,NA,NA,NA,NA,None,NA,NA,NA,NA,NA
Landorus,Landorus,NA,Incarnate Forme,NA,NA,None,NA,NA,NA,NA,NA
Landorus,Landorus,NA,Therian Forme,NA,NA,None,NA,NA,NA,NA,NA
Kyurem,Kyurem,NA,NA,NA,NA,None,NA,NA,NA,NA,NA
Kyurem,Kyurem,NA,Black Kyurem,NA,NA,None,NA,NA,NA,NA,NA
Kyurem,Kyurem,NA,White Kyurem,NA,NA,None,NA,NA,NA,NA,NA
Keldeo,Keldeo,NA,Ordinary Form,NA,NA,None,NA,NA,NA,NA,NA
Keldeo,Keldeo,NA,Resolute Form,NA,NA,None,NA,NA,NA,NA,NA
Meloetta,Meloetta,NA,Aria Forme,NA,NA,None,NA,NA,NA,NA,NA
Meloetta,Meloetta,NA,Pirouette Forme,NA,NA,None,NA,NA,NA,NA,NA
Genesect,Genesect,NA,NA,NA,NA,None,NA,NA,NA,NA,NA
Chespin,Chespin,NA,Level 16,Quilladin,NA,First,Chespin,NA,NA,NA,NA
Fennekin,Fennekin,NA,Level 16,Braixen,NA,First,Fennekin,NA,NA,NA,NA
Froakie,Froakie,NA,Level 16,Frogadier,NA,First,Froakie,NA,NA,NA,NA
Battle Bond Greninja,Greninja,NA,Battle Bond Greninja,NA,NA,None,NA,NA,NA,NA,NA
Battle Bond Greninja,Greninja,NA,Ash-Greninja,NA,NA,None,NA,NA,NA,NA,NA
Bunnelby,Bunnelby,NA,Level 20,Diggersby,NA,First,Bunnelby,NA,NA,NA,NA
Fletchling,Fletchling,NA,Level 17,Fletchinder,NA,First,Fletchling,NA,NA,NA,NA
Scatterbug,Scatterbug,NA,Level 9,Spewpa,NA,First,Scatterbug,NA,NA,NA,NA
Litleo,Litleo,NA,Level 35,Pyroar,NA,First,Litleo,NA,NA,NA,NA
Flabébé,Flabébé,NA,Level 19,Floette,NA,First,Flabébé,NA,NA,NA,NA
Skiddo,Skiddo,NA,Level 32,Gogoat,NA,First,Skiddo,NA,NA,NA,NA
Pancham,Pancham,NA,Level 32 with Dark-type in party,Pangoro,NA,First,Pancham,NA,NA,NA,NA
Furfrou,Furfrou,NA,NA,NA,NA,None,NA,NA,NA,NA,NA
Espurr,Espurr,NA,Level 25,Meowstic,NA,First,Espurr,NA,NA,NA,NA
Honedge,Honedge,NA,Level 35,Doublade,NA,First,Honedge,NA,NA,NA,NA
Spritzee,Spritzee,NA,Trade holding Sachet,Aromatisse,NA,First,Spritzee,NA,NA,NA,NA
Swirlix,Swirlix,NA,Trade holding Whipped Dream,Slurpuff,NA,First,Swirlix,NA,NA,NA,NA
Inkay,Inkay,NA,Level 30 with game system held upside down,Malamar,NA,First,Inkay,NA,NA,NA,NA
Binacle,Binacle,NA,Level 39,Barbaracle,NA,First,Binacle,NA,NA,NA,NA
Skrelp,Skrelp,NA,Level 48,Dragalge,NA,First,Skrelp,NA,NA,NA,NA
Clauncher,Clauncher,NA,Level 37,Clawitzer,NA,First,Clauncher,NA,NA,NA,NA
Helioptile,Helioptile,NA,Sun Stone,Heliolisk,NA,First,Helioptile,NA,NA,NA,NA
Tyrunt,Tyrunt,NA,Level 39 (day),Tyrantrum,NA,First,Tyrunt,NA,NA,NA,NA
Amaura,Amaura,NA,Level 39 (night),Aurorus,NA,First,Amaura,NA,NA,NA,NA
Hawlucha,Hawlucha,NA,NA,NA,NA,None,NA,NA,NA,NA,NA
Dedenne,Dedenne,NA,NA,NA,NA,None,NA,NA,NA,NA,NA
Carbink,Carbink,NA,NA,NA,NA,None,NA,NA,NA,NA,NA
Goomy,Goomy,NA,Level 40,Sliggoo,Kalosian,First,Goomy,NA,NA,NA,NA
Goomy,Goomy,NA,Level 40 (Hisui),Sliggoo,Hisuian,First,Goomy,NA,NA,NA,NA
Klefki,Klefki,NA,NA,NA,NA,None,NA,NA,NA,NA,NA
Phantump,Phantump,NA,Trade,Trevenant,NA,First,Phantump,NA,NA,NA,NA
Pumpkaboo,Pumpkaboo,NA,Trade,Gourgeist,NA,First,Pumpkaboo,NA,NA,NA,NA
Bergmite,Bergmite,NA,Level 37,Avalugg,Kalosian,First,Bergmite,NA,NA,NA,NA
Bergmite,Bergmite,NA,Level 37 (Hisui),Avalugg,Hisuian,First,Bergmite,NA,NA,NA,NA
Noibat,Noibat,NA,Level 48,Noivern,NA,First,Noibat,NA,NA,NA,NA
Xerneas,Xerneas,NA,Active Mode,NA,NA,None,NA,NA,NA,NA,NA
Xerneas,Xerneas,NA,Neutral Mode,NA,NA,None,NA,NA,NA,NA,NA
Yveltal,Yveltal,NA,NA,NA,NA,None,NA,NA,NA,NA,NA
Zygarde,Zygarde,NA,50% Forme,NA,NA,None,NA,NA,NA,NA,NA
Zygarde,Zygarde,NA,10% Forme,NA,NA,None,NA,NA,NA,NA,NA
Zygarde,Zygarde,NA,Complete Forme,NA,NA,None,NA,NA,NA,NA,NA
Diancie,Diancie,NA,NA,NA,NA,None,NA,NA,NA,NA,NA
Hoopa,Hoopa,NA,Hoopa Confined,NA,NA,None,NA,NA,NA,NA,NA
Hoopa,Hoopa,NA,Hoopa Unbound,NA,NA,None,NA,NA,NA,NA,NA
Volcanion,Volcanion,NA,NA,NA,NA,None,NA,NA,NA,NA,NA
Rowlet,Rowlet,NA,Level 17,Dartrix,NA,First,Rowlet,NA,NA,NA,NA
Rowlet,Rowlet,NA,Level 17,Dartrix,NA,First,Rowlet,NA,NA,NA,NA
Litten,Litten,NA,Level 17,Torracat,NA,First,Litten,NA,NA,NA,NA
Popplio,Popplio,NA,Level 17,Brionne,NA,First,Popplio,NA,NA,NA,NA
Pikipek,Pikipek,NA,Level 14,Trumbeak,NA,First,Pikipek,NA,NA,NA,NA
Yungoos,Yungoos,NA,Level 20 (day),Gumshoos,NA,First,Yungoos,NA,NA,NA,NA
Grubbin,Grubbin,NA,Level 20,Charjabug,NA,First,Grubbin,NA,NA,NA,NA
Crabrawler,Crabrawler,NA,Level up at Mount Lanakila;Ice StoneSV,Crabominable,NA,First,Crabrawler,NA,NA,NA,NA
Oricorio,Oricorio,NA,Baile Style,NA,NA,None,NA,NA,NA,NA,NA
Oricorio,Oricorio,NA,Pom-Pom Style,NA,NA,None,NA,NA,NA,NA,NA
Oricorio,Oricorio,NA,Pa'u Style,NA,NA,None,NA,NA,NA,NA,NA
Oricorio,Oricorio,NA,Sensu Style,NA,NA,None,NA,NA,NA,NA,NA
Cutiefly,Cutiefly,NA,Level 25,Ribombee,NA,First,Cutiefly,NA,NA,NA,NA
Rockruff,Rockruff,NA,Level 25 (day; Pokémon Sun and Ultra SunVII),Lycanroc,Midday Form,First,Rockruff,NA,NA,NA,NA
Rockruff,Rockruff,NA,Level 25 (night; Pokémon Moon and Ultra MoonVII),Lycanroc,Midnight Form,First,Rockruff,NA,NA,NA,NA
Rockruff,Rockruff,Own Tempo,Level 25 (evening),Lycanroc,Dusk Form,First,Rockruff,Own Tempo,NA,NA,NA
Wishiwashi,Wishiwashi,NA,Solo Form,NA,NA,None,NA,NA,NA,NA,NA
Wishiwashi,Wishiwashi,NA,Schooling Form,NA,NA,None,NA,NA,NA,NA,NA
Mareanie,Mareanie,NA,Level 38,Toxapex,NA,First,Mareanie,NA,NA,NA,NA
Mudbray,Mudbray,NA,Level 30,Mudsdale,NA,First,Mudbray,NA,NA,NA,NA
Dewpider,Dewpider,NA,Level 22,Araquanid,NA,First,Dewpider,NA,NA,NA,NA
Fomantis,Fomantis,NA,Level 34 (day),Lurantis,NA,First,Fomantis,NA,NA,NA,NA
Morelull,Morelull,NA,Level 24,Shiinotic,NA,First,Morelull,NA,NA,NA,NA
Salandit,Salandit,NA,Level 33 (female),Salazzle,NA,First,Salandit,NA,NA,NA,NA
Stufful,Stufful,NA,Level 27,Bewear,NA,First,Stufful,NA,NA,NA,NA
Bounsweet,Bounsweet,NA,Level 18,Steenee,NA,First,Bounsweet,NA,NA,NA,NA
Comfey,Comfey,NA,NA,NA,NA,None,NA,NA,NA,NA,NA
Oranguru,Oranguru,NA,NA,NA,NA,None,NA,NA,NA,NA,NA
Passimian,Passimian,NA,NA,NA,NA,None,NA,NA,NA,NA,NA
Wimpod,Wimpod,NA,Level 30,Golisopod,NA,First,Wimpod,NA,NA,NA,NA
Sandygast,Sandygast,NA,Level 42,Palossand,NA,First,Sandygast,NA,NA,NA,NA
Pyukumuku,Pyukumuku,NA,NA,NA,NA,None,NA,NA,NA,NA,NA
Type: Null,Type: Null,NA,Friendship,Silvally,NA,First,Type: Null,NA,NA,NA,NA
Minior,Minior,NA,Meteor Form,NA,NA,None,NA,NA,NA,NA,NA
Minior,Minior,NA,Core,NA,NA,None,NA,NA,NA,NA,NA
Komala,Komala,NA,NA,NA,NA,None,NA,NA,NA,NA,NA
Turtonator,Turtonator,NA,NA,NA,NA,None,NA,NA,NA,NA,NA
Togedemaru,Togedemaru,NA,NA,NA,NA,None,NA,NA,NA,NA,NA
Mimikyu,Mimikyu,NA,Disguised Form,NA,NA,None,NA,NA,NA,NA,NA
Mimikyu,Mimikyu,NA,Busted Form,NA,NA,None,NA,NA,NA,NA,NA
Bruxish,Bruxish,NA,NA,NA,NA,None,NA,NA,NA,NA,NA
Drampa,Drampa,NA,NA,NA,NA,None,NA,NA,NA,NA,NA
Dhelmise,Dhelmise,NA,NA,NA,NA,None,NA,NA,NA,NA,NA
Jangmo-o,Jangmo-o,NA,Level 35,Hakamo-o,NA,First,Jangmo-o,NA,NA,NA,NA
Tapu Koko,Tapu Koko,NA,NA,NA,NA,None,NA,NA,NA,NA,NA
Tapu Lele,Tapu Lele,NA,NA,NA,NA,None,NA,NA,NA,NA,NA
Tapu Bulu,Tapu Bulu,NA,NA,NA,NA,None,NA,NA,NA,NA,NA
Tapu Fini,Tapu Fini,NA,NA,NA,NA,None,NA,NA,NA,NA,NA
Cosmog,Cosmog,NA,Level 43,Cosmoem,NA,First,Cosmog,NA,NA,NA,NA
Cosmog,Cosmog,NA,Level 43,Cosmoem,NA,First,Cosmog,NA,NA,NA,NA
Nihilego,Nihilego,NA,NA,NA,NA,None,NA,NA,NA,NA,NA
Buzzwole,Buzzwole,NA,NA,NA,NA,None,NA,NA,NA,NA,NA
Pheromosa,Pheromosa,NA,NA,NA,NA,None,NA,NA,NA,NA,NA
Xurkitree,Xurkitree,NA,NA,NA,NA,None,NA,NA,NA,NA,NA
Celesteela,Celesteela,NA,NA,NA,NA,None,NA,NA,NA,NA,NA
Kartana,Kartana,NA,NA,NA,NA,None,NA,NA,NA,NA,NA
Guzzlord,Guzzlord,NA,NA,NA,NA,None,NA,NA,NA,NA,NA
Necrozma,Necrozma,NA,NA,NA,NA,None,NA,NA,NA,NA,NA
Necrozma,Necrozma,NA,Dusk Mane Necrozma,NA,NA,None,NA,NA,NA,NA,NA
Necrozma,Necrozma,NA,Dawn Wings Necrozma,NA,NA,None,NA,NA,NA,NA,NA
Necrozma,Necrozma,NA,Ultra Necrozma,NA,NA,None,NA,NA,NA,NA,NA
Magearna,Magearna,NA,NA,NA,NA,None,NA,NA,NA,NA,NA
Magearna,Magearna,NA,Original Color Magearna,NA,NA,None,NA,NA,NA,NA,NA
Marshadow,Marshadow,NA,NA,NA,NA,None,NA,NA,NA,NA,NA
Poipole,Poipole,NA,Level up knowing Dragon Pulse,Naganadel,NA,First,Poipole,NA,NA,NA,NA
Stakataka,Stakataka,NA,NA,NA,NA,None,NA,NA,NA,NA,NA
Blacephalon,Blacephalon,NA,NA,NA,NA,None,NA,NA,NA,NA,NA
Zeraora,Zeraora,NA,NA,NA,NA,None,NA,NA,NA,NA,NA
Meltan,Meltan,NA,400 Meltan Candy in Pokémon GO,Melmetal,NA,First,Meltan,NA,NA,NA,NA
Grookey,Grookey,NA,Level 16,Thwackey,NA,First,Grookey,NA,NA,NA,NA
Scorbunny,Scorbunny,NA,Level 16,Raboot,NA,First,Scorbunny,NA,NA,NA,NA
Sobble,Sobble,NA,Level 16,Drizzile,NA,First,Sobble,NA,NA,NA,NA
Skwovet,Skwovet,NA,Level 24,Greedent,NA,First,Skwovet,NA,NA,NA,NA
Rookidee,Rookidee,NA,Level 18,Corvisquire,NA,First,Rookidee,NA,NA,NA,NA
Blipbug,Blipbug,NA,Level 10,Dottler,NA,First,Blipbug,NA,NA,NA,NA
Nickit,Nickit,NA,Level 18,Thievul,NA,First,Nickit,NA,NA,NA,NA
Gossifleur,Gossifleur,NA,Level 20,Eldegoss,NA,First,Gossifleur,NA,NA,NA,NA
Wooloo,Wooloo,NA,Level 24,Dubwool,NA,First,Wooloo,NA,NA,NA,NA
Chewtle,Chewtle,NA,Level 22,Drednaw,NA,First,Chewtle,NA,NA,NA,NA
Yamper,Yamper,NA,Level 25,Boltund,NA,First,Yamper,NA,NA,NA,NA
Rolycoly,Rolycoly,NA,Level 18,Carkol,NA,First,Rolycoly,NA,NA,NA,NA
Applin,Applin,NA,Tart Apple,Flapple,NA,First,Applin,NA,NA,NA,NA
Applin,Applin,NA,Sweet Apple,Appletun,NA,First,Applin,NA,NA,NA,NA
Applin,Applin,NA,Syrupy Apple,Dipplin,NA,First,Applin,NA,NA,NA,NA
Silicobra,Silicobra,NA,Level 36,Sandaconda,NA,First,Silicobra,NA,NA,NA,NA
Cramorant,Cramorant,NA,NA,NA,NA,None,NA,NA,NA,NA,NA
Arrokuda,Arrokuda,NA,Level 26,Barraskewda,NA,First,Arrokuda,NA,NA,NA,NA
Toxel,Toxel,NA,Level 30,Toxtricity,NA,First,Toxel,NA,NA,NA,NA
Sizzlipede,Sizzlipede,NA,Level 28,Centiskorch,NA,First,Sizzlipede,NA,NA,NA,NA
Clobbopus,Clobbopus,NA,Level up knowing Taunt,Grapploct,NA,First,Clobbopus,NA,NA,NA,NA
Sinistea,Sinistea,NA,Chipped Pot or Cracked Pot,Polteageist,NA,First,Sinistea,NA,NA,NA,NA
Hatenna,Hatenna,NA,Level 32,Hattrem,NA,First,Hatenna,NA,NA,NA,NA
Impidimp,Impidimp,NA,Level 32,Morgrem,NA,First,Impidimp,NA,NA,NA,NA
Milcery,Milcery,NA,Sweet when its Trainer spins and strikes a pose,Alcremie,NA,First,Milcery,NA,NA,NA,NA
Falinks,Falinks,NA,NA,NA,NA,None,NA,NA,NA,NA,NA
Pincurchin,Pincurchin,NA,NA,NA,NA,None,NA,NA,NA,NA,NA
Snom,Snom,NA,Friendship (night),Frosmoth,NA,First,Snom,NA,NA,NA,NA
Stonjourner,Stonjourner,NA,NA,NA,NA,None,NA,NA,NA,NA,NA
Eiscue,Eiscue,NA,NA,NA,NA,None,NA,NA,NA,NA,NA
Indeedee,Indeedee,NA,NA,NA,NA,None,NA,NA,NA,NA,NA
Morpeko,Morpeko,NA,Full Belly Mode,NA,NA,None,NA,NA,NA,NA,NA
Morpeko,Morpeko,NA,Hangry Mode,NA,NA,None,NA,NA,NA,NA,NA
Cufant,Cufant,NA,Level 34,Copperajah,NA,First,Cufant,NA,NA,NA,NA
Dracozolt,Dracozolt,NA,NA,NA,NA,None,NA,NA,NA,NA,NA
Arctozolt,Arctozolt,NA,NA,NA,NA,None,NA,NA,NA,NA,NA
Dracovish,Dracovish,NA,NA,NA,NA,None,NA,NA,NA,NA,NA
Arctovish,Arctovish,NA,NA,NA,NA,None,NA,NA,NA,NA,NA
Duraludon,Duraludon,NA,Metal Alloy,Archaludon,NA,First,Duraludon,NA,NA,NA,NA
Dreepy,Dreepy,NA,Level 50,Drakloak,NA,First,Dreepy,NA,NA,NA,NA
Zacian,Zacian,NA,Hero of Many Battles,NA,NA,None,NA,NA,NA,NA,NA
Zacian,Zacian,NA,Crowned Sword,NA,NA,None,NA,NA,NA,NA,NA
Zamazenta,Zamazenta,NA,Hero of Many Battles,NA,NA,None,NA,NA,NA,NA,NA
Zamazenta,Zamazenta,NA,Crowned Shield,NA,NA,None,NA,NA,NA,NA,NA
Eternatus,Eternatus,NA,NA,NA,NA,None,NA,NA,NA,NA,NA
Kubfu,Kubfu,NA,"Train in The Tower of Darkness, Scroll of Darkness(Single Strike Style)",Urshifu,NA,First,Kubfu,NA,NA,NA,NA
Kubfu,Kubfu,NA,"Train in The Tower of Waters, Scroll of Waters (Rapid Strike Style)",Urshifu,NA,First,Kubfu,NA,NA,NA,NA
Zarude,Zarude,NA,Zarude,NA,NA,None,NA,NA,NA,NA,NA
Zarude,Zarude,NA,Dada Zarude,NA,NA,None,NA,NA,NA,NA,NA
Regieleki,Regieleki,NA,NA,NA,NA,None,NA,NA,NA,NA,NA
Regidrago,Regidrago,NA,NA,NA,NA,None,NA,NA,NA,NA,NA
Glastrier,Glastrier,NA,NA,NA,NA,None,NA,NA,NA,NA,NA
Spectrier,Spectrier,NA,NA,NA,NA,None,NA,NA,NA,NA,NA
Calyrex,Calyrex,NA,NA,NA,NA,None,NA,NA,NA,NA,NA
Calyrex,Calyrex,NA,Ice Rider Calyrex,NA,NA,None,NA,NA,NA,NA,NA
Calyrex,Calyrex,NA,Shadow Rider Calyrex,NA,NA,None,NA,NA,NA,NA,NA
Enamorus,Enamorus,NA,Incarnate Forme,NA,NA,None,NA,NA,NA,NA,NA
Enamorus,Enamorus,NA,Therian Forme,NA,NA,None,NA,NA,NA,NA,NA
Sprigatito,Sprigatito,NA,Level 16,Floragato,NA,First,Sprigatito,NA,NA,NA,NA
Fuecoco,Fuecoco,NA,Level 16,Crocalor,NA,First,Fuecoco,NA,NA,NA,NA
Quaxly,Quaxly,NA,Level 16,Quaxwell,NA,First,Quaxly,NA,NA,NA,NA
Lechonk,Lechonk,NA,Level 18,Oinkologne,NA,First,Lechonk,NA,NA,NA,NA
Tarountula,Tarountula,NA,Level 15,Spidops,NA,First,Tarountula,NA,NA,NA,NA
Nymble,Nymble,NA,Level 24,Lokix,NA,First,Nymble,NA,NA,NA,NA
Pawmi,Pawmi,NA,Level 18,Pawmo,NA,First,Pawmi,NA,NA,NA,NA
Tandemaus,Tandemaus,NA,Level 25 in a fight,Maushold,NA,First,Tandemaus,NA,NA,NA,NA
Fidough,Fidough,NA,Level 26,Dachsbun,NA,First,Fidough,NA,NA,NA,NA
Smoliv,Smoliv,NA,Level 25,Dolliv,NA,First,Smoliv,NA,NA,NA,NA
Squawkabilly,Squawkabilly,NA,NA,NA,NA,None,NA,NA,NA,NA,NA
Nacli,Nacli,NA,Level 24,Naclstack,NA,First,Nacli,NA,NA,NA,NA
Charcadet,Charcadet,NA,Auspicious Armor,Armarouge,NA,First,Charcadet,NA,NA,NA,NA
Charcadet,Charcadet,NA,Malicious Armor,Ceruledge,NA,First,Charcadet,NA,NA,NA,NA
Tadbulb,Tadbulb,NA,Thunder Stone,Bellibolt,NA,First,Tadbulb,NA,NA,NA,NA
Wattrel,Wattrel,NA,Level 25,Kilowattrel,NA,First,Wattrel,NA,NA,NA,NA
Maschiff,Maschiff,NA,Level 30,Mabosstiff,NA,First,Maschiff,NA,NA,NA,NA
Shroodle,Shroodle,NA,Level 28,Grafaiai,NA,First,Shroodle,NA,NA,NA,NA
Bramblin,Bramblin,NA,Walk 1000 steps using the Let's Go feature,Brambleghast,NA,First,Bramblin,NA,NA,NA,NA
Toedscool,Toedscool,NA,Level 30,Toedscruel,NA,First,Toedscool,NA,NA,NA,NA
Klawf,Klawf,NA,NA,NA,NA,None,NA,NA,NA,NA,NA
Capsakid,Capsakid,NA,Fire Stone,Scovillain,NA,First,Capsakid,NA,NA,NA,NA
Rellor,Rellor,NA,Walk 1000 steps using the Let's Go feature,Rabsca,NA,First,Rellor,NA,NA,NA,NA
Flittle,Flittle,NA,Level 35,Espathra,NA,First,Flittle,NA,NA,NA,NA
Tinkatink,Tinkatink,NA,Level 24,Tinkatuff,NA,First,Tinkatink,NA,NA,NA,NA
Wiglett,Wiglett,NA,Level 26,Wugtrio,NA,First,Wiglett,NA,NA,NA,NA
Bombirdier,Bombirdier,NA,NA,NA,NA,None,NA,NA,NA,NA,NA
Finizen,Finizen,NA,Level 38 while in a Union Circle group,Palafin,NA,First,Finizen,NA,NA,NA,NA
Varoom,Varoom,NA,Level 40,Revavroom,NA,First,Varoom,NA,NA,NA,NA
Cyclizar,Cyclizar,NA,NA,NA,NA,None,NA,NA,NA,NA,NA
Orthworm,Orthworm,NA,NA,NA,NA,None,NA,NA,NA,NA,NA
Glimmet,Glimmet,NA,Level 35,Glimmora,NA,First,Glimmet,NA,NA,NA,NA
Greavard,Greavard,NA,Level 30 (night),Houndstone,NA,First,Greavard,NA,NA,NA,NA
Flamigo,Flamigo,NA,NA,NA,NA,None,NA,NA,NA,NA,NA
Cetoddle,Cetoddle,NA,Ice Stone,Cetitan,NA,First,Cetoddle,NA,NA,NA,NA
Veluza,Veluza,NA,NA,NA,NA,None,NA,NA,NA,NA,NA
Dondozo,Dondozo,NA,NA,NA,NA,None,NA,NA,NA,NA,NA
Tatsugiri,Tatsugiri,NA,Curly Form,NA,NA,None,NA,NA,NA,NA,NA
Tatsugiri,Tatsugiri,NA,Droopy Form,NA,NA,None,NA,NA,NA,NA,NA
Tatsugiri,Tatsugiri,NA,Stretchy Form,NA,NA,None,NA,NA,NA,NA,NA
Great Tusk,Great Tusk,NA,NA,NA,NA,None,NA,NA,NA,NA,NA
Scream Tail,Scream Tail,NA,NA,NA,NA,None,NA,NA,NA,NA,NA
Brute Bonnet,Brute Bonnet,NA,NA,NA,NA,None,NA,NA,NA,NA,NA
Flutter Mane,Flutter Mane,NA,NA,NA,NA,None,NA,NA,NA,NA,NA
Slither Wing,Slither Wing,NA,NA,NA,NA,None,NA,NA,NA,NA,NA
Sandy Shocks,Sandy Shocks,NA,NA,NA,NA,None,NA,NA,NA,NA,NA
Iron Treads,Iron Treads,NA,NA,NA,NA,None,NA,NA,NA,NA,NA
Iron Bundle,Iron Bundle,NA,NA,NA,NA,None,NA,NA,NA,NA,NA
Iron Hands,Iron Hands,NA,NA,NA,NA,None,NA,NA,NA,NA,NA
Iron Jugulis,Iron Jugulis,NA,NA,NA,NA,None,NA,NA,NA,NA,NA
Iron Moth,Iron Moth,NA,NA,NA,NA,None,NA,NA,NA,NA,NA
Iron Thorns,Iron Thorns,NA,NA,NA,NA,None,NA,NA,NA,NA,NA
Frigibax,Frigibax,NA,Level 35,Arctibax,NA,First,Frigibax,NA,NA,NA,NA
Gimmighoul,Gimmighoul,Chest Form,Collect 999 Gimmighoul Coins,Gholdengo,NA,First,Gimmighoul,Chest Form,NA,NA,NA
Gimmighoul,Gimmighoul,Roaming Form,Collect 999 Gimmighoul Coins,Gholdengo,NA,First,Gimmighoul,Roaming Form,NA,NA,NA
Wo-Chien,Wo-Chien,NA,NA,NA,NA,None,NA,NA,NA,NA,NA
Chien-Pao,Chien-Pao,NA,NA,NA,NA,None,NA,NA,NA,NA,NA
Ting-Lu,Ting-Lu,NA,NA,NA,NA,None,NA,NA,NA,NA,NA
Chi-Yu,Chi-Yu,NA,NA,NA,NA,None,NA,NA,NA,NA,NA
Roaring Moon,Roaring Moon,NA,NA,NA,NA,None,NA,NA,NA,NA,NA
Iron Valiant,Iron Valiant,NA,NA,NA,NA,None,NA,NA,NA,NA,NA
Koraidon,Koraidon,NA,NA,NA,NA,None,NA,NA,NA,NA,NA
Miraidon,Miraidon,NA,NA,NA,NA,None,NA,NA,NA,NA,NA
Walking Wake,Walking Wake,NA,NA,NA,NA,None,NA,NA,NA,NA,NA
Iron Leaves,Iron Leaves,NA,NA,NA,NA,None,NA,NA,NA,NA,NA
Poltchageist,Poltchageist,NA,Unremarkable Teacup or Masterpiece Teacup,Sinistcha,NA,First,Poltchageist,NA,NA,NA,NA
Okidogi,Okidogi,NA,NA,NA,NA,None,NA,NA,NA,NA,NA
Munkidori,Munkidori,NA,NA,NA,NA,None,NA,NA,NA,NA,NA
Fezandipiti,Fezandipiti,NA,NA,NA,NA,None,NA,NA,NA,NA,NA
Ogerpon,Ogerpon,NA,NA,NA,NA,None,NA,NA,NA,NA,NA
Raging Bolt,Gouging Fire,NA,NA,NA,NA,None,NA,NA,NA,NA,NA
Raging Bolt,Raging Bolt,NA,NA,NA,NA,None,NA,NA,NA,NA,NA
Iron Crown,Iron Boulder,NA,NA,NA,NA,None,NA,NA,NA,NA,NA
Iron Crown,Iron Crown,NA,NA,NA,NA,None,NA,NA,NA,NA,NA
Terapagos,Terapagos,NA,NA,NA,NA,None,NA,NA,NA,NA,NA
Pecharunt,Pecharunt,NA,NA,NA,NA,None,NA,NA,NA,NA,NA
Bulbasaur,Ivysaur,NA,Level 32,Venusaur,NA,Second,Bulbasaur,NA,NA,NA,NA
Charmander,Charmeleon,NA,Level 36,Charizard,NA,Second,Charmander,NA,NA,NA,NA
Squirtle,Wartortle,NA,Level 36,Blastoise,NA,Second,Squirtle,NA,NA,NA,NA
Caterpie,Metapod,NA,Level 10,Butterfree,NA,Second,Caterpie,NA,NA,NA,NA
Weedle,Kakuna,NA,Level 10,Beedrill,NA,Second,Weedle,NA,NA,NA,NA
Pidgey,Pidgeotto,NA,Level 36,Pidgeot,NA,Second,Pidgey,NA,NA,NA,NA
Pikachu,Pikachu,NA,Thunder Stone,Raichu,Kantonian,Second,Pichu,NA,NA,NA,NA
Pikachu,Pikachu,NA,Thunder Stone (Alola),Raichu,Alolan,Second,Pichu,NA,NA,NA,NA
Nidoran,Nidorina,NA,Moon Stone,Nidoqueen,NA,Second,Nidoran♀,NA,NA,NA,NA
Nidoran,Nidorino,NA,Moon Stone,Nidoking,NA,Second,Nidoran♂,NA,NA,NA,NA
Clefairy,Clefairy,NA,Moon Stone,Clefable,NA,Second,Cleffa,NA,NA,NA,NA
Jigglypuff,Jigglypuff,NA,Moon Stone,Wigglytuff,NA,Second,Igglybuff,NA,NA,NA,NA
Zubat,Golbat,NA,Friendship,Crobat,NA,Second,Zubat,NA,NA,NA,NA
Oddish,Gloom,NA,Leaf Stone,Vileplume,NA,Second,Oddish,NA,NA,NA,NA
Oddish,Gloom,NA,Sun Stone,Bellossom,NA,Second,Oddish,NA,NA,NA,NA
Mankey,Primeape,NA,Use Rage Fist 20 times,Annihilape,NA,Second,Mankey,NA,NA,NA,NA
Poliwag,Poliwhirl,NA,Water Stone,Poliwrath,NA,Second,Poliwag,NA,NA,NA,NA
Poliwag,Poliwhirl,NA,Trade holding King's Rock,Politoed,NA,Second,Poliwag,NA,NA,NA,NA
Abra,Kadabra,NA,Trade,Alakazam,NA,Second,Abra,NA,NA,NA,NA
Machop,Machoke,NA,Trade,Machamp,NA,Second,Machop,NA,NA,NA,NA
Bellsprout,Weepinbell,NA,Leaf Stone,Victreebel,NA,Second,Bellsprout,NA,NA,NA,NA
Geodude,Graveler,NA,Trade,Golem,Kantonian,Second,Geodude,NA,Kantonian,NA,Kantonian
Geodude,Graveler,NA,Trade,Golem,Alolan,Second,Geodude,NA,Alolan,NA,Alolan
Magnemite,Magneton,NA,Level up in a special magnetic field;Thunder StoneVIII+,Magnezone,NA,Second,Magnemite,NA,NA,NA,NA
Gastly,Haunter,NA,Trade,Gengar,NA,Second,Gastly,NA,NA,NA,NA
Rhyhorn,Rhydon,NA,Trade holding Protector,Rhyperior,NA,Second,Rhyhorn,NA,NA,NA,NA
Chansey,Chansey,NA,Friendship,Blissey,NA,Second,Happiny,NA,NA,NA,NA
Horsea,Seadra,NA,Trade holding Dragon Scale,Kingdra,NA,Second,Horsea,NA,NA,NA,NA
Mr. Mime,Mr. Mime,NA,Level 42,Mr. Rime,NA,Second,Mime Jr.,NA,Galarian,NA,NA
Electabuzz,Electabuzz,NA,Trade holding Electirizer,Electivire,NA,Second,Elekid,NA,NA,NA,NA
Magmar,Magmar,NA,Trade holding Magmarizer,Magmortar,NA,Second,Magby,NA,NA,NA,NA
Porygon,Porygon2,NA,Trade holding Dubious Disc,Porygon-Z,NA,Second,Porygon,NA,NA,NA,NA
Dratini,Dragonair,NA,Level 55,Dragonite,NA,Second,Dratini,NA,NA,NA,NA
Chikorita,Bayleef,NA,Level 32,Meganium,NA,Second,Chikorita,NA,NA,NA,NA
Cyndaquil,Quilava,NA,Level 36,Typhlosion,Johtonian,Second,Cyndaquil,NA,NA,NA,NA
Cyndaquil,Quilava,NA,Level 36 (Hisui),Typhlosion,Hisuian,Second,Cyndaquil,NA,NA,NA,NA
Totodile,Croconaw,NA,Level 30,Feraligatr,NA,Second,Totodile,NA,NA,NA,NA
Togepi,Togetic,NA,Shiny Stone,Togekiss,NA,Second,Togepi,NA,NA,NA,NA
Mareep,Flaaffy,NA,Level 30,Ampharos,NA,Second,Mareep,NA,NA,NA,NA
Marill,Marill,NA,Level 18,Azumarill,NA,Second,Azurill,NA,NA,NA,NA
Hoppip,Skiploom,NA,Level 27,Jumpluff,NA,Second,Hoppip,NA,NA,NA,NA
Teddiursa,Ursaring,NA,Peat Block during full moon (Hisui),Ursaluna,NA,Second,Teddiursa,NA,NA,NA,NA
Swinub,Piloswine,NA,Level up knowing Ancient Power,Mamoswine,NA,Second,Swinub,NA,NA,NA,NA
Larvitar,Pupitar,NA,Level 55,Tyranitar,NA,Second,Larvitar,NA,NA,NA,NA
Treecko,Grovyle,NA,Level 36,Sceptile,NA,Second,Treecko,NA,NA,NA,NA
Torchic,Combusken,NA,Level 36,Blaziken,NA,Second,Torchic,NA,NA,NA,NA
Mudkip,Marshtomp,NA,Level 36,Swampert,NA,Second,Mudkip,NA,NA,NA,NA
Zigzagoon,Linoone,NA,Level 35 (night),Obstagoon,NA,Second,Zigzagoon,NA,Galarian,NA,Galarian
Wurmple,Silcoon,NA,Level 10,Beautifly,NA,Second,Wurmple,NA,NA,NA,NA
Wurmple,Cascoon,NA,Level 10,Dustox,NA,Second,Wurmple,NA,NA,NA,NA
Lotad,Lombre,NA,Water Stone,Ludicolo,NA,Second,Lotad,NA,NA,NA,NA
Seedot,Nuzleaf,NA,Leaf Stone,Shiftry,NA,Second,Seedot,NA,NA,NA,NA
Ralts,Kirlia,NA,Level 30,Gardevoir,NA,Second,Ralts,NA,NA,NA,NA
Ralts,Kirlia,NA,Dawn Stone (male),Gallade,NA,Second,Ralts,NA,NA,NA,NA
Slakoth,Vigoroth,NA,Level 36,Slaking,NA,Second,Slakoth,NA,NA,NA,NA
Whismur,Loudred,NA,Level 40,Exploud,NA,Second,Whismur,NA,NA,NA,NA
Aron,Lairon,NA,Level 42,Aggron,NA,Second,Aron,NA,NA,NA,NA
Roselia,Roselia,NA,Shiny Stone,Roserade,NA,Second,Budew,NA,NA,NA,NA
Trapinch,Vibrava,NA,Level 45,Flygon,NA,Second,Trapinch,NA,NA,NA,NA
Duskull,Dusclops,NA,Trade holding Reaper Cloth,Dusknoir,NA,Second,Duskull,NA,NA,NA,NA
Spheal,Sealeo,NA,Level 44,Walrein,NA,Second,Spheal,NA,NA,NA,NA
Bagon,Shelgon,NA,Level 50,Salamence,NA,Second,Bagon,NA,NA,NA,NA
Beldum,Metang,NA,Level 45,Metagross,NA,Second,Beldum,NA,NA,NA,NA
Turtwig,Grotle,NA,Level 32,Torterra,NA,Second,Turtwig,NA,NA,NA,NA
Chimchar,Monferno,NA,Level 36,Infernape,NA,Second,Chimchar,NA,NA,NA,NA
Piplup,Prinplup,NA,Level 36,Empoleon,NA,Second,Piplup,NA,NA,NA,NA
Starly,Staravia,NA,Level 34,Staraptor,NA,Second,Starly,NA,NA,NA,NA
Shinx,Luxio,NA,Level 30,Luxray,NA,Second,Shinx,NA,NA,NA,NA
Gible,Gabite,NA,Level 48,Garchomp,NA,Second,Gible,NA,NA,NA,NA
Snivy,Servine,NA,Level 36,Serperior,NA,Second,Snivy,NA,NA,NA,NA
Tepig,Pignite,NA,Level 36,Emboar,NA,Second,Tepig,NA,NA,NA,NA
Oshawott,Dewott,NA,Level 36,Samurott,Unovan,Second,Oshawott,NA,NA,NA,NA
Oshawott,Dewott,NA,Level 36 (Hisui),Samurott,Hisuian,Second,Oshawott,NA,NA,NA,NA
Lillipup,Herdier,NA,Level 32,Stoutland,NA,Second,Lillipup,NA,NA,NA,NA
Pidove,Tranquill,NA,Level 32,Unfezant,NA,Second,Pidove,NA,NA,NA,NA
Roggenrola,Boldore,NA,Trade,Gigalith,NA,Second,Roggenrola,NA,NA,NA,NA
Timburr,Gurdurr,NA,Trade,Conkeldurr,NA,Second,Timburr,NA,NA,NA,NA
Tympole,Palpitoad,NA,Level 36,Seismitoad,NA,Second,Tympole,NA,NA,NA,NA
Sewaddle,Swadloon,NA,Friendship,Leavanny,NA,Second,Sewaddle,NA,NA,NA,NA
Venipede,Whirlipede,NA,Level 30,Scolipede,NA,Second,Venipede,NA,NA,NA,NA
Sandile,Krokorok,NA,Level 40,Krookodile,NA,Second,Sandile,NA,NA,NA,NA
Gothita,Gothorita,NA,Level 41,Gothitelle,NA,Second,Gothita,NA,NA,NA,NA
Solosis,Duosion,NA,Level 41,Reuniclus,NA,Second,Solosis,NA,NA,NA,NA
Vanillite,Vanillish,NA,Level 47,Vanilluxe,NA,Second,Vanillite,NA,NA,NA,NA
Klink,Klang,NA,Level 49,Klinklang,NA,Second,Klink,NA,NA,NA,NA
Tynamo,Eelektrik,NA,Thunder Stone,Eelektross,NA,Second,Tynamo,NA,NA,NA,NA
Litwick,Lampent,NA,Dusk Stone,Chandelure,NA,Second,Litwick,NA,NA,NA,NA
Axew,Fraxure,NA,Level 48,Haxorus,NA,Second,Axew,NA,NA,NA,NA
Pawniard,Bisharp,NA,Level up after defeating three Bisharp that hold a Leader's Crest,Kingambit,NA,Second,Pawniard,NA,NA,NA,NA
Deino,Zweilous,NA,Level 64,Hydreigon,NA,Second,Deino,NA,NA,NA,NA
Chespin,Quilladin,NA,Level 36,Chesnaught,NA,Second,Chespin,NA,NA,NA,NA
Fennekin,Braixen,NA,Level 36,Delphox,NA,Second,Fennekin,NA,NA,NA,NA
Froakie,Frogadier,NA,Level 36,Greninja,NA,Second,Froakie,NA,NA,NA,NA
Fletchling,Fletchinder,NA,Level 35,Talonflame,NA,Second,Fletchling,NA,NA,NA,NA
Scatterbug,Spewpa,NA,Level 12,Vivillon,NA,Second,Scatterbug,NA,NA,NA,NA
Flabébé,Floette,NA,Shiny Stone,Florges,NA,Second,Flabébé,NA,NA,NA,NA
Honedge,Doublade,NA,Dusk Stone,Aegislash,NA,Second,Honedge,NA,NA,NA,NA
Goomy,Sliggoo,NA,Level 50 with rain (or fog VII-VIII) in the overworld,Goodra,Kalosian,Second,Goomy,NA,Kalosian,NA,NA
Goomy,Sliggoo,NA,Level 50 with rain or fog in the overworld,Goodra,Hisuian,Second,Goomy,NA,Hisuian,NA,NA
Rowlet,Dartrix,NA,Level 34,Decidueye,Alolan,Second,Rowlet,NA,NA,NA,NA
Rowlet,Dartrix,NA,Level 36 (Hisui),Decidueye,Hisuian,Second,Rowlet,NA,NA,NA,NA
Litten,Torracat,NA,Level 34,Incineroar,NA,Second,Litten,NA,NA,NA,NA
Popplio,Brionne,NA,Level 34,Primarina,NA,Second,Popplio,NA,NA,NA,NA
Pikipek,Trumbeak,NA,Level 28,Toucannon,NA,Second,Pikipek,NA,NA,NA,NA
Grubbin,Charjabug,NA,Level up in a special magnetic field;Thunder StoneSwSh,Vikavolt,NA,Second,Grubbin,NA,NA,NA,NA
Bounsweet,Steenee,NA,Level up knowing Stomp,Tsareena,NA,Second,Bounsweet,NA,NA,NA,NA
Jangmo-o,Hakamo-o,NA,Level 45,Kommo-o,NA,Second,Jangmo-o,NA,NA,NA,NA
Cosmog,Cosmoem,NA,"Level 53 (Pokémon Sun, Ultra Sun, Sword, and Scarlet)",Solgaleo,NA,Second,Cosmog,NA,NA,NA,NA
Cosmog,Cosmoem,NA,"Level 53 (Pokémon Moon, Ultra Moon, Shield, and Violet)",Lunala,NA,Second,Cosmog,NA,NA,NA,NA
Grookey,Thwackey,NA,Level 35,Rillaboom,NA,Second,Grookey,NA,NA,NA,NA
Scorbunny,Raboot,NA,Level 35,Cinderace,NA,Second,Scorbunny,NA,NA,NA,NA
Sobble,Drizzile,NA,Level 35,Inteleon,NA,Second,Sobble,NA,NA,NA,NA
Rookidee,Corvisquire,NA,Level 38,Corviknight,NA,Second,Rookidee,NA,NA,NA,NA
Blipbug,Dottler,NA,Level 30,Orbeetle,NA,Second,Blipbug,NA,NA,NA,NA
Rolycoly,Carkol,NA,Level 34,Coalossal,NA,Second,Rolycoly,NA,NA,NA,NA
Applin,Dipplin,NA,Level up knowing Dragon Cheer,Hydrapple,NA,Second,Applin,NA,NA,NA,NA
Hatenna,Hattrem,NA,Level 42,Hatterene,NA,Second,Hatenna,NA,NA,NA,NA
Impidimp,Morgrem,NA,Level 42,Grimmsnarl,NA,Second,Impidimp,NA,NA,NA,NA
Dreepy,Drakloak,NA,Level 60,Dragapult,NA,Second,Dreepy,NA,NA,NA,NA
Sprigatito,Floragato,NA,Level 36,Meowscarada,NA,Second,Sprigatito,NA,NA,NA,NA
Fuecoco,Crocalor,NA,Level 36,Skeledirge,NA,Second,Fuecoco,NA,NA,NA,NA
Quaxly,Quaxwell,NA,Level 36,Quaquaval,NA,Second,Quaxly,NA,NA,NA,NA
Pawmi,Pawmo,NA,Walk 1000 steps using the Let's Go feature,Pawmot,NA,Second,Pawmi,NA,NA,NA,NA
Smoliv,Dolliv,NA,Level 35,Arboliva,NA,Second,Smoliv,NA,NA,NA,NA
Nacli,Naclstack,NA,Level 38,Garganacl,NA,Second,Nacli,NA,NA,NA,NA
Tinkatink,Tinkatuff,NA,Level 38,Tinkaton,NA,Second,Tinkatink,NA,NA,NA,NA
Frigibax,Arctibax,NA,Level 54,Baxcalibur,NA,Second,Frigibax,NA,NA,NA,NA
Unown,Unown A,NA,NA,NA,NA,None,Unown A,NA,NA,NA,NA
Unown,Unown B,NA,NA,NA,NA,None,Unown B,NA,NA,NA,NA
Unown,Unown C,NA,NA,NA,NA,None,Unown C,NA,NA,NA,NA
Unown,Unown D,NA,NA,NA,NA,None,Unown D,NA,NA,NA,NA
Unown,Unown E,NA,NA,NA,NA,None,Unown E,NA,NA,NA,NA
Unown,Unown F,NA,NA,NA,NA,None,Unown F,NA,NA,NA,NA
Unown,Unown G,NA,NA,NA,NA,None,Unown G,NA,NA,NA,NA
Unown,Unown H,NA,NA,NA,NA,None,Unown H,NA,NA,NA,NA
Unown,Unown I,NA,NA,NA,NA,None,Unown I,NA,NA,NA,NA
Unown,Unown J,NA,NA,NA,NA,None,Unown J,NA,NA,NA,NA
Unown,Unown K,NA,NA,NA,NA,None,Unown A,NA,NA,NA,NA
Unown,Unown L,NA,NA,NA,NA,None,Unown B,NA,NA,NA,NA
Unown,Unown M,NA,NA,NA,NA,None,Unown C,NA,NA,NA,NA
Unown,Unown N,NA,NA,NA,NA,None,Unown D,NA,NA,NA,NA
Unown,Unown O,NA,NA,NA,NA,None,Unown E,NA,NA,NA,NA
Unown,Unown P,NA,NA,NA,NA,None,Unown F,NA,NA,NA,NA
Unown,Unown Q,NA,NA,NA,NA,None,Unown G,NA,NA,NA,NA
Unown,Unown R,NA,NA,NA,NA,None,Unown H,NA,NA,NA,NA
Unown,Unown K,NA,NA,NA,NA,None,Unown A,NA,NA,NA,NA
Unown,Unown L,NA,NA,NA,NA,None,Unown B,NA,NA,NA,NA
Unown,Unown M,NA,NA,NA,NA,None,Unown C,NA,NA,NA,NA
Unown,Unown N,NA,NA,NA,NA,None,Unown D,NA,NA,NA,NA
Unown,Unown O,NA,NA,NA,NA,None,Unown E,NA,NA,NA,NA
Unown,Unown P,NA,NA,NA,NA,None,Unown F,NA,NA,NA,NA
Unown,Unown Q,NA,NA,NA,NA,None,Unown G,NA,NA,NA,NA
Unown,Unown R,NA,NA,NA,NA,None,Unown H,NA,NA,NA,NA
Unown,Unown S,NA,NA,NA,NA,None,Unown I,NA,NA,NA,NA
Unown,Unown T,NA,NA,NA,NA,None,Unown J,NA,NA,NA,NA
Unown,Unown U,NA,NA,NA,NA,None,Unown A,NA,NA,NA,NA
Unown,Unown V,NA,NA,NA,NA,None,Unown B,NA,NA,NA,NA
Unown,Unown W,NA,NA,NA,NA,None,Unown C,NA,NA,NA,NA
Unown,Unown X,NA,NA,NA,NA,None,Unown D,NA,NA,NA,NA
Unown,Unown Y,NA,NA,NA,NA,None,Unown E,NA,NA,NA,NA
Unown,Unown Z,NA,NA,NA,NA,None,Unown F,NA,NA,NA,NA
Unown,Unown !,NA,NA,NA,NA,None,Unown G,NA,NA,NA,NA
Unown,Unown ?,NA,NA,NA,NA,None,Unown H,NA,NA,NA,NA
